-- phpMyAdmin SQL Dump
-- version 4.0.10deb1
-- http://www.phpmyadmin.net
--
-- โฮสต์: localhost
-- เวลาในการสร้าง: 13 ธ.ค. 2017  10:24น.
-- เวอร์ชั่นของเซิร์ฟเวอร์: 5.5.55-0ubuntu0.14.04.1
-- รุ่นของ PHP: 5.5.9-1ubuntu4.21

SET SQL_MODE = "NO_AUTO_VALUE_ON_ZERO";
SET time_zone = "+00:00";


/*!40101 SET @OLD_CHARACTER_SET_CLIENT=@@CHARACTER_SET_CLIENT */;
/*!40101 SET @OLD_CHARACTER_SET_RESULTS=@@CHARACTER_SET_RESULTS */;
/*!40101 SET @OLD_COLLATION_CONNECTION=@@COLLATION_CONNECTION */;
/*!40101 SET NAMES utf8 */;

--
-- ฐานข้อมูล: `financedb`
--

-- --------------------------------------------------------

--
-- โครงสร้างตาราง `mst_activity`
--

CREATE TABLE IF NOT EXISTS `mst_activity` (
  `id` int(11) NOT NULL AUTO_INCREMENT,
  `name` varchar(255) NOT NULL,
  `detail` text NOT NULL,
  `is_active` tinyint(1) NOT NULL DEFAULT '1',
  `create_date` datetime NOT NULL,
  PRIMARY KEY (`id`)
) ENGINE=InnoDB  DEFAULT CHARSET=utf8 AUTO_INCREMENT=15 ;

--
-- dump ตาราง `mst_activity`
--

INSERT INTO `mst_activity` (`id`, `name`, `detail`, `is_active`, `create_date`) VALUES
(1, 'ไม่ระบุ', '', 1, '2013-09-04 00:00:00'),
(2, 'เบิกจ่ายค่าจ้างเงินเดือน', 'เพื่อสนับสนุนการดำเนินต่างๆ', 1, '2013-09-12 13:13:34'),
(4, 'สนับสนุนกิจกรรมที่จัดโดยเข้าร่วมประชุม, อบรม', '', 1, '2013-09-12 13:14:46'),
(5, 'บริการวิชาการสู่ท้องถิ่นและชุมชน', 'ทดสอบ', 2, '2013-09-12 13:18:27'),
(6, 'จัดการเรียนการสอนด้านวิทยาศาสตร์และเทคโนโลยี', '', 1, '2013-09-12 13:15:37'),
(7, 'จัดการเรียนการด้านสังคมศาสตร์', '', 1, '2013-09-12 13:16:13'),
(8, 'ดำเนินงานวิจัยเพื่อสร้างองค์ความรู้', '', 1, '2013-09-12 13:16:43'),
(9, 'กิจกรรม 5 ส.', '', 1, '2013-09-12 13:19:33'),
(10, 'เผยแพร่ความรู้และบริการวิชาการ', '', 1, '2013-09-12 13:18:18'),
(11, 'พัฒนาคณุและบุคลากรทางการศึกษา', '', 1, '2013-09-12 13:19:04'),
(12, 'การจัดสรรเงินรางวัลประจำปี', '', 1, '2013-09-12 13:20:31'),
(13, 'บริหารจัดการเงินอื่นๆ', '', 2, '2013-09-12 13:21:02'),
(14, 'เงินอุดหนุนทั่วไป (ฝึกงาน)', 'เงินอุดหนุนฝึกปฏิบัติงานเชิงวิชาชีพ', 1, '2017-11-22 11:10:57');

-- --------------------------------------------------------

--
-- โครงสร้างตาราง `mst_budget`
--

CREATE TABLE IF NOT EXISTS `mst_budget` (
  `id` tinyint(1) NOT NULL AUTO_INCREMENT,
  `ordering` tinyint(2) NOT NULL,
  `title` varchar(50) NOT NULL,
  `initial` varchar(20) NOT NULL,
  `define` varchar(255) NOT NULL,
  PRIMARY KEY (`id`)
) ENGINE=InnoDB  DEFAULT CHARSET=utf8 AUTO_INCREMENT=17 ;

--
-- dump ตาราง `mst_budget`
--

INSERT INTO `mst_budget` (`id`, `ordering`, `title`, `initial`, `define`) VALUES
(1, 1, 'เงินงบประมาณแผ่นเดิน', 'งปท.', 'เงินงบประมาณแผนดิน'),
(2, 2, 'เงินงบประมาณเงินรายได้', 'งรด.', 'เงินงบประมาณเงินรายได้ของคณะการแพทย์แผนไทย'),
(16, 3, 'เงินกันเลื่อมปี (แผ่นดิน)', 'เลื่อมปี (งปม.)', 'เงินกันเลื่อมปีระหว่างปีงบประมาณ');

-- --------------------------------------------------------

--
-- โครงสร้างตาราง `mst_budget_status`
--

CREATE TABLE IF NOT EXISTS `mst_budget_status` (
  `id` tinyint(1) NOT NULL AUTO_INCREMENT,
  `name` varchar(100) NOT NULL,
  PRIMARY KEY (`id`)
) ENGINE=InnoDB  DEFAULT CHARSET=utf8 AUTO_INCREMENT=4 ;

--
-- dump ตาราง `mst_budget_status`
--

INSERT INTO `mst_budget_status` (`id`, `name`) VALUES
(1, 'ระหว่างบันทึกคำขอตั้ง'),
(2, 'ระหว่างใช้เงินงบประมาณ'),
(3, 'ปิดงวด');

-- --------------------------------------------------------

--
-- โครงสร้างตาราง `mst_company`
--

CREATE TABLE IF NOT EXISTS `mst_company` (
  `id` int(4) NOT NULL AUTO_INCREMENT,
  `code` varchar(7) NOT NULL,
  `name` varchar(100) NOT NULL,
  PRIMARY KEY (`id`)
) ENGINE=InnoDB  DEFAULT CHARSET=utf8 AUTO_INCREMENT=2 ;

--
-- dump ตาราง `mst_company`
--

INSERT INTO `mst_company` (`id`, `code`, `name`) VALUES
(1, '1000001', 'คณะการแพทย์แผนไทย');

-- --------------------------------------------------------

--
-- โครงสร้างตาราง `mst_costs`
--

CREATE TABLE IF NOT EXISTS `mst_costs` (
  `id` tinyint(2) NOT NULL,
  `name` varchar(255) NOT NULL,
  PRIMARY KEY (`id`)
) ENGINE=InnoDB DEFAULT CHARSET=utf8;

--
-- dump ตาราง `mst_costs`
--

INSERT INTO `mst_costs` (`id`, `name`) VALUES
(0, 'เงินสมทบเงินส่วนกลาง'),
(1, 'งบบุคลากร'),
(2, 'งบดำเนินงาน'),
(3, 'งบลงทุน'),
(4, 'งบเงินอุดหนุน'),
(5, 'งบรายจ่ายอื่น'),
(6, 'งบกลาง');

-- --------------------------------------------------------

--
-- โครงสร้างตาราง `mst_costs_group`
--

CREATE TABLE IF NOT EXISTS `mst_costs_group` (
  `id` tinyint(2) NOT NULL AUTO_INCREMENT,
  `name` varchar(50) NOT NULL,
  `costs_id` tinyint(2) NOT NULL,
  PRIMARY KEY (`id`),
  KEY `costs_id` (`costs_id`)
) ENGINE=InnoDB  DEFAULT CHARSET=utf8 AUTO_INCREMENT=15 ;

--
-- dump ตาราง `mst_costs_group`
--

INSERT INTO `mst_costs_group` (`id`, `name`, `costs_id`) VALUES
(1, 'หมวดเงินเดือนและค่าจ้างประจํา', 1),
(2, 'หมวดค่าจ้างชั่วคราว', 1),
(3, 'หมวดค่าตอบแทน ใช้สอย และวัสดุ', 2),
(4, 'หมวดค่าสาธารณูปโภค', 2),
(5, 'หมวดค่าครุภัณฑ์ ที่ดิน และสิ่งก่อสร้าง', 3),
(6, 'หมวดเงินอุดหนุน', 4),
(7, 'หมวดรายจ่ายอื่น', 5),
(8, 'หมวดค่าตอบแทนใช้สอยวัสดุ (งปท.)', 4),
(9, 'หมวดค่าสาธารณูปโภค (งปท.)', 4),
(10, 'เงินอุดหนุนสำหรับโครงการบริการวิชาการ (งปท.)', 4),
(11, 'ครุภัณฑ์ (งปท.)', 4),
(12, 'เงินสมทบเงินส่วนกลาง', 0),
(13, 'หมวดเงินอุดหนุนทั่วไป (วิจัย) (งปท.)', 4),
(14, 'หมวดเงินอุดหนุนทั่วไป (ฝึกงาน) (งปท.)', 4);

-- --------------------------------------------------------

--
-- โครงสร้างตาราง `mst_costs_lists`
--

CREATE TABLE IF NOT EXISTS `mst_costs_lists` (
  `id` int(4) NOT NULL AUTO_INCREMENT,
  `name` varchar(255) NOT NULL,
  `costs_type_id` int(4) NOT NULL,
  PRIMARY KEY (`id`),
  KEY `fk_costs_type_id` (`costs_type_id`)
) ENGINE=InnoDB  DEFAULT CHARSET=utf8 AUTO_INCREMENT=191 ;

--
-- dump ตาราง `mst_costs_lists`
--

INSERT INTO `mst_costs_lists` (`id`, `name`, `costs_type_id`) VALUES
(1, 'ค่าจ้างบุคลากรที่มีตำแหน่งเหมือนข้าราชการ', 2),
(2, 'ค่าจ้างพนักงานเงินรายได้', 2),
(3, 'XXXค่าครองชีพชั่วคราว (ไม่ใช้)', 2),
(4, 'ค่าจ้างพนักงานมหาวิทยาลัยเงินรายได้', 2),
(5, 'ค่าตอบแทนผู้บริหาร หรือรักษาการในตำแหน่ง', 4),
(6, 'ค่าตอบแทนผู้ดำรงตำแหน่ง หรือรักษาการในตำแหน่งหัวหน้าฝ่าย', 4),
(7, 'ค่าตอบแทนนอกเหนือจากเงินเดือนของข้าราชการ', 4),
(9, 'ค่าเบี้ยประชุมกรรมการ', 4),
(11, 'ค่าอาหารทำการนอกเวลาราชการ', 4),
(12, 'เงินสมนาคุณ (ค่าสอนพิเศษค่าตอบแทนผู้สอน)', 4),
(14, 'ค่าตอบแทนการปฏิบัติงานนอกเวลาราชการ', 4),
(15, 'เงินค่าสอนพิเศษและค่าสอนเกินภาระงานสอน', 4),
(16, 'ค่าเช่าบ้าน', 4),
(17, 'ค่าตอบแทนนักศึกษาช่วยปฏิบัติงานราชการ', 4),
(18, 'ค่าตรวจกระดาษคำตอบ', 4),
(19, 'ค่าตอบแทนวิทยากร', 4),
(20, 'ค่าตอบแทนผู้เชี่ยวชาญชาวต่างประเทศ', 4),
(21, 'ค่าตอบแทนอื่นๆ', 4),
(22, 'ค่าเบี้ยเลี้ยง ค่าเช่าที่พักและค่าพาหนะ', 5),
(23, 'ค่าจ้างเหมาบริการ', 5),
(24, 'ค่ารับรองและพิธีการ', 5),
(25, 'เงินสมทบกองทุนประกันสังคมในฐานะนายจ้างพนักงานมหาวิทยาลัยและพนักงานเงินรายได้', 5),
(26, 'เงินสมทบกองทุนสำรองเลี้ยงชีพในฐานะนายจ้างของพนักงานเงินรายได้', 5),
(27, 'เงินสมทบกองทุนพนักงานในฐานะนายจ้างของพนักงานมหาวิทยาลัยเงินรายได้', 5),
(28, 'ค่าเช่าทรัพย์สิน', 5),
(29, 'ค่าของขวัญ ของรางวัล หรือเงินรางวัล', 5),
(30, 'ค่าประกันอุบัติเหตุและค่ารักษาพยาบาล', 5),
(31, 'ค่าภาษีและค่าธรรมเนียม', 5),
(32, 'ค่าโฆษณาและเผยแพร่', 5),
(33, 'ค่าใช้จ่ายในการสัมมนาและฝึกอบรม', 5),
(34, 'ค่าใช้จ่ายในการเดินทางไปราชการต่างประเทศ', 5),
(35, 'ค่าเบี้ยเลี้ยง ค่าเช่าที่พักและค่าพาหนะของอาจารย์พิเศษและข้าราชการสังกัด', 5),
(36, 'ค่าใช้จ่ายในการเดินทางไปสัมมนาและฝึกอบรม', 5),
(37, 'ค่าซ่อมแซมครุภัณฑ์', 5),
(38, 'ค่าซ่อมแซมยานพาหนะและขนส่ง', 5),
(39, 'คาเย็บหนังสือหรือเขาปกหนังสือ', 5),
(40, 'คาขนส่ง', 5),
(41, 'ค่าเช่าสถานที่', 5),
(42, 'ค่าติดตั้งระบบคอมพิวเตอร์', 5),
(43, 'ค่าเช่าและค่าถ่ายเอกสาร(กรณีที่มีการเช่าเครื่อง)', 5),
(44, 'ค่าตรวจข้อสอบ', 5),
(45, 'ค่าซ่อมแซมที่พัก', 5),
(46, 'ค่าใช้สอยอื่นๆ', 5),
(47, 'วัสดุสำนักงานและอื่นๆ', 6),
(48, 'วัสดุก่อสร้างและประปา', 6),
(49, 'วัสดุไฟฟ้าและวิทยุ', 6),
(50, 'วัสดุยานพาหนะและขนส่ง', 6),
(51, 'วัสดุโฆษณาและเผยแพร่', 6),
(52, 'วัสดุเชื้อเพลิงและหล่อลื่น', 6),
(53, 'วัสดุวิทยาศาสตร์', 6),
(54, 'วัสดุวิทยาศาสตร์และการแพทย์', 6),
(55, 'วัสดุสนับสนุนกิจการด้านการเรียนการสอน', 6),
(56, 'วัสดุวารสารและตำราเรียน', 6),
(57, 'วัสดุการศึกษา', 6),
(58, 'วัสดุการเกษตร', 6),
(59, 'วัสดุเวชภัณฑ์', 6),
(60, 'วัสดุคอมพิวเตอร์', 6),
(61, 'วัสดุงานบ้านงานครัว', 6),
(62, 'วัสดุเครื่องแต่งกาย', 6),
(63, 'วัสดุอาหาร', 6),
(64, 'วัสดุประกอบการสอนและการทดลอง (เช่น หุ่นจำลอง ลูกโลก)', 6),
(65, 'วัสดุอาหารสัตว์และเวชภัณฑ์สัตว์', 6),
(66, 'วัสดุอะไหล่ เครื่องมือต่างๆ (อะไหล่เครื่องมือทางการแพทย์และโรงงาน)', 6),
(67, 'ค่าถ่ายเอกสาร (กรณีที่มีเครื่องถ่ายเอกสารของตัวเอง)', 6),
(68, 'ค่าน้ำมันเตา', 6),
(69, 'ค่าแก๊สหุงต้ม', 6),
(70, 'ค่าโรเนียว', 6),
(71, 'ค่าอุปกรณ์ป้องกันการติดเชื้อ', 6),
(72, 'ค่าน้ำยาฆ่าเชื้อและน้ำยาตรวจ', 6),
(73, 'ค่าวัสดุอื่นๆ', 6),
(74, 'ค่าไฟฟ้า', 7),
(75, 'ค่าน้ำประปา', 7),
(76, 'ค่าโทรศัพท์', 7),
(77, 'ค่าไปรษณีย์', 7),
(78, 'ค่าบริการโทรคมนาคม', 7),
(79, 'ค่าโทรศัพท์ทางไกล/เคลื่อนที่', 7),
(80, 'ค่าเช่าวงจรอินเตอร์เน็ต', 7),
(81, 'ค่าบรรณสารสงเคราะห์', 14),
(82, 'กิจกรรม/โครงการพัฒนานักศึกษา', 14),
(83, 'กิจกรรม/โครงการพัฒนาบัณฑิตศึกษา', 14),
(84, 'กิจกรรม/โครงการความร่วมมือกับหน่วยงานต่างสถาบัน', 14),
(85, 'อุดหนุนกิจการที่เป็นสาธารณประโยชน์', 14),
(86, 'ทุนช่วยเหลือนักศึกษาทำงานแลกเปลี่ยน', 14),
(87, 'ทุนสนับสนุนผู้ช่วยสอน', 14),
(88, 'สนับสนุนให้บัณฑิตมีความเข้มแข็งด้านภาษาอังกฤษ', 14),
(89, 'สนับสนุนกิจกรรม/โครงการบริการวิชาการเพื่อสังคม', 14),
(90, 'สนับสนุนกิจกรรม/โครงการบริการวิชาการและบริการวิชาชีพของรพ.เพื่อสังคม', 14),
(91, 'สนับสนุนกิจกรรม/โครงการบริการวิชาการเผยแพร่ความรู้ด้านการแพทย์แผนไทย', 14),
(92, 'สนับสนุนกิจกรรม/โครงการทำนุบำรุงศิลปวัฒนธรรม', 14),
(93, 'จัดสรรเงินรายได้สมทบกองทุนวิจัยตามระเบียบกองทุนวิจัย', 14),
(94, 'ค่าจ้างคุมงานอาคารสหเวชฯ', 15),
(95, 'ค่าชดใช้เงินยืมมหาวิทยาลัยฯ ค่าออกแบบก่อสร้างอาคารสหเวชฯ', 15),
(96, 'ค่าใช้จ่ายในการพัฒนาบุคลากรสายสนับสนุน', 15),
(97, 'งบประมาณพัฒนาบุคลากรสายวิชาการ', 15),
(98, 'ค่าใช้จ่ายในการจัดสัมมนาคณะฯ', 15),
(100, 'ค่าใช้จ่ายในการจัดสัมมนาของโรงพยาบาลการแพทย์แผนไทย', 15),
(101, 'เงินเดือน', 1),
(102, 'ค่าครองชีพชั่วคราวพนักงานมหาวิทยาลัยเงินรายได้', 3),
(103, 'ค่าครองชีพชั่วคราวพนักงานเงินรายได้', 3),
(104, 'ค่าจ้างเหมาบริการซ่อมครุภัณฑ์', 5),
(105, 'ค่าประชาสัมพันธ์หลักสูตร', 5),
(106, 'ค่าตอบแทนผู้ทรงวุฒิ(ผศ.รศ.)', 15),
(107, 'ค่าตอบแทนผู้ดำรงตำแหน่ง หรือรักษาการในตำแหน่งผู้จัดการโรงพยาบาล', 4),
(108, 'เงินสมทบกองทุนสำรองเลี้ยงชีพในฐานะนายจ้างของพนักงานมหาวิทยาลัยเงินรายได้', 5),
(109, 'ค่าตอบแทนผู้บริหาร รองคณบดี ผู้ช่วยคณบดี', 4),
(111, 'ค่าตอบแทนการสอบ', 4),
(112, 'เงินรางวัลพนักงานเงินรายได้', 4),
(113, 'ค่าจ้างเหมาผู้ป่วยจำลอง', 4),
(114, 'ค่าตอบแทนผู้ทรงคุณวุฒิ', 4),
(115, 'ค่าเช่าที่พักชั่วคราวบุคลากรสายวิชาการ', 5),
(116, 'ค่ากิจกรรม/โครงการ 5ส', 5),
(117, 'ค่ากิจกรรมเสริมสร้างสุขภาพ', 5),
(118, 'ค่ารับรองคณะกรรมการประกันคุณภาพ', 5),
(119, 'ค่ากิจกรรม/โครงการ 5ส', 6),
(120, 'ค่ากิจกรรมวันมหิดล', 6),
(121, 'ค่าตรวจและวิเคราะห์ข้อสอบ', 5),
(122, 'ค่าครุภัณฑ์', 10),
(123, 'ค่าครุภัณฑ์', 8),
(124, 'สนับสนุนกิจกรรม/โครงการบริการวิชาการ', 14),
(125, 'กิจกรรม/โครงการประชุมเครือข่ายสถาบันการแพทย์แผนไทย', 14),
(126, 'กิจกรรม/โครงการปรับปรุงหลักสูตรคณะ', 14),
(127, 'จัดสรรเงินรายได้สมทบกองทุนวิจัย', 14),
(128, 'ค่าจ้างเหมาแพทย์แผนไทยเวชปฏิบัติ', 5),
(129, 'ค่าใช้จ่ายในการวางระบบรพ.เข้าสู่มาตรฐาน HA', 15),
(130, 'ค่าสาธารณูปโภค', 7),
(131, 'สนับสนุนกิจกรรม/โครงการประชุมสัมมนาวิจัย', 14),
(168, 'ค่าจ้างชั่วคราว', 3),
(169, 'การฝึกปฏิบัติงานเชิงวิชาชีพของนักศึกษาการแพทย์แผนไทย', 14),
(171, 'ค่าตอบแทนการปฏิบัติงานนอกเวลาราชการ', 18),
(172, 'ค่าโทรศัพท์', 19),
(173, 'ค่าน้ำประปา', 19),
(174, 'ค่าไฟฟ้า', 19),
(175, 'โครงการภูมิปัญญาการแพทย์แผนไทยสู่ชุมชน ครั้งที่ 1', 20),
(176, 'โครงการภูมิปัญญาการแพทย์แผนไทยสู่ชุมชน ครั้งที่ 2', 20),
(177, 'โครงการสุขภาพดีวิถีไทย', 20),
(178, 'วัสดุการศึกษา', 22),
(179, 'ค่าจ้างเหมาบุคคลภายนอก', 21),
(180, 'ค่าเบี้ยเลี้ยง ค่าเช่าที่พักและค่าพาหนะ', 21),
(181, 'ค่าซ่อมแซมครุภัณฑ์', 21),
(182, 'ค่าจ้างเหมาบริการ', 21),
(183, 'เงินสมทบและเงินออม', 23),
(184, 'ค่าประชาสัมพันธ์หลักสูตร', 6),
(185, 'สนับสนุนกิจกรรม/โครงการบริการวิชาการที่นอกเหนือจากแผนงาน', 14),
(186, 'ค่าตอบแทนบุคลากรภาครัฐ', 18),
(187, 'ครุภัณฑ์', 25),
(189, 'เงินอุดหนุนทั่วไป (วิจัย)', 26),
(190, 'การฝึกปฏิบัติงานเชิงวิชาชีพของนักศึกษาการแพทย์แผนไทย', 27);

-- --------------------------------------------------------

--
-- โครงสร้างตาราง `mst_costs_sublist`
--

CREATE TABLE IF NOT EXISTS `mst_costs_sublist` (
  `id` int(4) NOT NULL AUTO_INCREMENT,
  `name` varchar(255) NOT NULL,
  `costs_lists_id` int(4) NOT NULL,
  PRIMARY KEY (`id`),
  KEY `fk_costs_lists_id` (`costs_lists_id`)
) ENGINE=InnoDB  DEFAULT CHARSET=utf8 AUTO_INCREMENT=14 ;

--
-- dump ตาราง `mst_costs_sublist`
--

INSERT INTO `mst_costs_sublist` (`id`, `name`, `costs_lists_id`) VALUES
(1, 'ค่าจ้างพนักงานเงินรายได้', 1),
(2, 'ค่าครองชีพชั่วคราว', 1),
(3, 'เงินสมทบในฐานะนายจ้างของพนักงานมหาวิทยาลัยเงินรายได้', 26),
(4, 'เงินสมทบของพนักงานมหาวิทยาลัยเงินรายได้', 27),
(5, 'เงินสมทบในฐานะนายจ้างของพนักงานเงินรายได้', 26),
(6, 'เงินสมทบในฐานะนายจ้างของพนักงานมหาวิทยาลัยเงินรายได้ และพนักงานเงินรายได้', 25),
(7, 'ค่าชดใช้เงินยืมมหาวิทยาลัย งวดที่ 3', 95),
(8, 'ค่าครองชีพชั่วคราวพนักงานมหาวิทยาลัยเงินรายได้', 4),
(9, 'ค่าตอบแทนผู้ปฏิบัติงานให้ราชการ', 14),
(10, 'ค่าสอนพิเศษ', 14),
(11, 'ค่าตอบแทนผู้ปฏิบัติงานให้ราชการ', 171),
(12, 'เงินสมทบเงินส่วนกลาง', 183),
(13, 'เงินอุดหนุนทั่วไปสำหรับโครงการวิจัย', 189);

-- --------------------------------------------------------

--
-- โครงสร้างตาราง `mst_costs_type`
--

CREATE TABLE IF NOT EXISTS `mst_costs_type` (
  `id` int(4) NOT NULL AUTO_INCREMENT,
  `name` varchar(255) NOT NULL,
  `costs_group_id` tinyint(2) NOT NULL,
  PRIMARY KEY (`id`),
  KEY `fk_costs_group_id` (`costs_group_id`)
) ENGINE=InnoDB  DEFAULT CHARSET=utf8 AUTO_INCREMENT=28 ;

--
-- dump ตาราง `mst_costs_type`
--

INSERT INTO `mst_costs_type` (`id`, `name`, `costs_group_id`) VALUES
(1, 'เงินเดือน', 1),
(2, 'ค่าจ้างประจำ', 1),
(3, 'ค่าจ้างชั่วคราว', 1),
(4, 'ค่าตอบแทน', 3),
(5, 'ค่าใช้สอย', 3),
(6, 'ค่าวัสดุ', 3),
(7, 'ค่าสาธารณูปโภค', 4),
(8, 'ค่าครุภัณฑ์', 5),
(10, 'ค่าที่ดินและสิ่งก่อสร้าง', 5),
(14, 'เงินอุดหนุน', 6),
(15, 'รายจ่ายอื่น', 7),
(16, 'รายจ่ายประจำ', 6),
(18, 'ค่าตอบแทน (งปท.)', 8),
(19, 'ค่าสาธารณูปโภค (งปท.)', 9),
(20, 'สนับสนุนกิจกรรม/โครงการบริการวิชาการเพื่อสังคม (งปท.)', 10),
(21, 'ค่าใช้สอย (งปท.)', 8),
(22, 'ค่าวัสดุ (งปท.)', 8),
(23, 'เงินสมทบเงินส่วนกลาง', 12),
(24, 'ค่าตอบแทนบุคลากรภาครัฐ', 8),
(25, 'งบลงทุน (งปท.)', 11),
(26, 'เงินอุดหนุนทั่วไป(วิจัย) (งปท.)', 13),
(27, 'เงินอุดหนุนทั่วไป(ฝึกงาน) (งปท.) ', 14);

-- --------------------------------------------------------

--
-- โครงสร้างตาราง `mst_department`
--

CREATE TABLE IF NOT EXISTS `mst_department` (
  `id` int(4) NOT NULL AUTO_INCREMENT,
  `name` varchar(100) NOT NULL,
  `faculty_code` tinyint(3) NOT NULL,
  PRIMARY KEY (`id`),
  KEY `fk_faculty_code` (`faculty_code`)
) ENGINE=InnoDB  DEFAULT CHARSET=utf8 AUTO_INCREMENT=8 ;

--
-- dump ตาราง `mst_department`
--

INSERT INTO `mst_department` (`id`, `name`, `faculty_code`) VALUES
(1, 'ฝ่ายบริหารทั่วไป', 53),
(2, 'ฝ่ายสนับสนุนวิชาการ', 53),
(3, 'สาขาเวชกรรมไทย', 53),
(4, 'สาขาเภสัชกรรมไทย', 53),
(5, 'สาขานวดไทย', 53),
(6, 'สาขาผดุงครรภ์ไทย', 53),
(7, 'โรงพยาบาลการแพทย์แผนไทย', 53);

-- --------------------------------------------------------

--
-- โครงสร้างตาราง `mst_division`
--

CREATE TABLE IF NOT EXISTS `mst_division` (
  `id` int(4) NOT NULL AUTO_INCREMENT,
  `name` varchar(100) NOT NULL,
  `department_id` int(4) NOT NULL,
  PRIMARY KEY (`id`),
  KEY `fk_department_id` (`department_id`)
) ENGINE=InnoDB  DEFAULT CHARSET=utf8 AUTO_INCREMENT=20 ;

--
-- dump ตาราง `mst_division`
--

INSERT INTO `mst_division` (`id`, `name`, `department_id`) VALUES
(1, 'งานการเจ้าหน้าที่', 1),
(2, 'งานพัสดุ', 1),
(3, 'งานการเงิน', 1),
(4, 'งานการประกันคุณภาพ', 1),
(5, 'งานนโยบายและแผน', 1),
(6, 'งานประชาสัมพันธ์', 1),
(7, 'งานอาคารสถานที่', 1),
(8, 'งานยานพาหนะ', 1),
(9, 'งานสารบรรณ', 1),
(10, 'งานการฝึกปฏิบัติงาน', 2),
(11, 'งานวิจัยและบัณฑิตศึกษา', 2),
(12, 'งานกิจการนักศึกษา', 2),
(13, 'งานบริการวิชาการ', 2),
(14, 'งานวิเทศสัมพันธ์', 2),
(15, 'งานทะเบียนนักศึกษา', 2),
(16, 'งานห้องสมุด', 2),
(17, 'งานสอบประมวลความรอบรู้', 2),
(18, 'งานเทคโนโลยีสารสนเทศ', 2),
(19, 'งานโสตทัศนูปกรณ์', 2);

-- --------------------------------------------------------

--
-- โครงสร้างตาราง `mst_faculty`
--

CREATE TABLE IF NOT EXISTS `mst_faculty` (
  `id` int(4) NOT NULL AUTO_INCREMENT,
  `code` tinyint(3) NOT NULL,
  `name` varchar(100) NOT NULL,
  PRIMARY KEY (`id`),
  UNIQUE KEY `code` (`code`)
) ENGINE=InnoDB  DEFAULT CHARSET=utf8 AUTO_INCREMENT=2 ;

--
-- dump ตาราง `mst_faculty`
--

INSERT INTO `mst_faculty` (`id`, `code`, `name`) VALUES
(1, 53, 'คณะการแพทย์แผนไทย');

-- --------------------------------------------------------

--
-- โครงสร้างตาราง `mst_payer`
--

CREATE TABLE IF NOT EXISTS `mst_payer` (
  `id` int(4) NOT NULL AUTO_INCREMENT,
  `payer_code` varchar(7) NOT NULL,
  `name` varchar(200) NOT NULL,
  `type` enum('บุคคลธรรมดา','นิติบุคคล') NOT NULL,
  `ordering` tinyint(3) NOT NULL,
  PRIMARY KEY (`id`),
  UNIQUE KEY `payer_code` (`payer_code`)
) ENGINE=InnoDB  DEFAULT CHARSET=utf8 AUTO_INCREMENT=29 ;

--
-- dump ตาราง `mst_payer`
--

INSERT INTO `mst_payer` (`id`, `payer_code`, `name`, `type`, `ordering`) VALUES
(1, '1000001', 'คณะการแพทย์แผนไทย', 'นิติบุคคล', 1),
(2, '0002003', 'สนั่น ศุภธีรสกุล', 'บุคคลธรรมดา', 2),
(3, '0027017', 'จุฑารัตน์ ศรีมณี', 'บุคคลธรรมดา', 10),
(4, '0006458', 'มานะ รักษ์วงศ์', 'บุคคลธรรมดา', 8),
(5, '0019797', 'นันทิยา จ้อยชะรัด', 'บุคคลธรรมดา', 26),
(6, '0019796', 'สุรศักดิ์ ลิ้มสุวรรณ', 'บุคคลธรรมดา', 4),
(7, '0019408', 'ศศิธร ชูศรี', 'บุคคลธรรมดา', 7),
(8, '0012695', 'จุฬา วิริยะบุปผา', 'บุคคลธรรมดา', 9),
(9, '0012694', 'เกศริน มณีนูน', 'บุคคลธรรมดา', 11),
(10, '0016248', 'อรทัย เนียมสุวรรณ', 'บุคคลธรรมดา', 3),
(11, '0003872', 'กิตติวรรณ ด้วงศรีทอง', 'บุคคลธรรมดา', 12),
(12, '0020898', 'อุษณีย์ ชนะวรรโณ', 'บุคคลธรรมดา', 13),
(13, '0015417', 'อารินี กิตติบุญญาทิวากร', 'บุคคลธรรมดา', 13),
(14, '0016207', 'ปิยะพร สิงห์มหาศักดิ์', 'บุคคลธรรมดา', 14),
(18, '0023421', 'สนิท ลิ้นทอง', 'บุคคลธรรมดา', 18),
(23, '0026832', 'จตุพร ตรีวัย', 'บุคคลธรรมดา', 23),
(25, '0025161', 'อรวรรณ ศรีสวัสดิ์', 'บุคคลธรรมดา', 25),
(26, '0024496', 'ชลทิต สนธิเมือง', 'บุคคลธรรมดา', 7),
(27, '0016444', 'นงลักษณ์ กุลวรรัตต์', 'บุคคลธรรมดา', 5),
(28, '0027321', 'กิ่งกาญจน์ บรรลือพืช', 'บุคคลธรรมดา', 6);

-- --------------------------------------------------------

--
-- โครงสร้างตาราง `mst_personnel`
--

CREATE TABLE IF NOT EXISTS `mst_personnel` (
  `id` int(4) NOT NULL AUTO_INCREMENT,
  `code` varchar(7) NOT NULL,
  `title` varchar(10) NOT NULL,
  `firstname` varchar(50) NOT NULL,
  `lastname` varchar(100) NOT NULL,
  `email` varchar(100) NOT NULL,
  PRIMARY KEY (`id`)
) ENGINE=InnoDB  DEFAULT CHARSET=utf8 AUTO_INCREMENT=43 ;

--
-- dump ตาราง `mst_personnel`
--

INSERT INTO `mst_personnel` (`id`, `code`, `title`, `firstname`, `lastname`, `email`) VALUES
(1, '0002003', 'รศ.ดร.', 'สนั่น', 'ศุภธีรสกุล', 'sanan.s@psu.ac.th'),
(2, '0019797', 'ดร.', 'นันทิยา', 'จ้อยชะรัด', 'nantiya.j@psu.ac.th'),
(3, '0014109', 'นางสาว', 'พัชรวลัย', 'ใจสมุทร', 'patcharawalai.j@psu.ac.th'),
(4, '0019269', 'นาย.', 'คณิต', 'เขมะพันธุ์มนัส', 'kanit.ke@psu.ac.th'),
(5, '0019796', 'ดร.', 'สุรศักดิ์', 'ลิ้มสุวรรณ', 'surasak.l@psu.ac.th'),
(6, '0019408', 'ดร.', 'ศศิธร', 'ชูศรี', 'sasitorn.chu@psu.ac.th'),
(7, '0012695', 'ดร.', 'จุฬา', 'วิริยะบุปผา', 'chula.v@psu.ac.th'),
(8, '0016444', 'นางสาว', 'นงลักษณ์', 'กุลวรรัตต์', 'nongluk.ku@psu.ac.th'),
(9, '0012694', 'ดร.', 'เกศริน', 'มณีนูน', 'katesarin.m@psu.ac.th'),
(10, '0016248', 'ดร.', 'อรทัย', 'เนียมสุวรรณ', 'oratai.n@psu.ac.th'),
(11, '0014148', 'นางสาว', 'อรพรรณ', 'สกุลแก้ว', 'oraphan.s@psu.ac.th'),
(12, '0017345', 'นางสาว', 'กชกร', 'สุขจันทร์', 'kochakorn.s@psu.ac.th'),
(13, '0021087', 'นางสาว', 'พีชยา', 'อรุโณทัย', 'peechaya.a@psu.ac.th'),
(14, '0014108', 'นางสาว', 'ภัทรศศิร์', 'เหล่าจีนวงค์', 'phatsasi.l@psu.ac.th'),
(15, '0003872', 'นาง', 'กิตติวรรณ', 'ด้วงศรีทอง', 'kittiwan.d@psu.ac.th'),
(16, '0020898', 'นางสาว', 'อุษณีย์', 'ชนะวรรโณ', 'ussanee.c@psu.ac.th'),
(17, '0006458', 'นาย', 'มานะ', 'รักษ์วงศ์', 'mana.ra@psu.ac.th'),
(18, '0015417', 'นางสาว', 'อารินี', 'กิตติบุญญาทิวากร', 'arinee.k@psu.ac.th'),
(19, '0016207', 'นางสาว', 'ปิยะพร', 'สิงห์มหาศักดิ์', 'piyaporn.si@psu.ac.th'),
(20, '0016704', 'นาย', 'นิติ', 'โชติแก้ว', 'niti.c@psu.ac.th'),
(21, '0019288', 'นาย', 'สันติ', 'แซ่เต็ง', 'santi.sa@psu.ac.th'),
(22, '0021784', 'นางสาว', 'รัตนาวิไล', 'ถาวรสุวรรณ์', 'rattanavilai.th@psu.ac.th'),
(23, '0019360', 'นางสาว', 'ดวงทิพย์', 'อรัญดร', 'doungthip.a@psu.ac.th'),
(24, '0020796', 'นาย', 'ธีรวัฒน์', 'สุดขาว', 'teerawat.sud@psu.ac.th'),
(25, '0016573', 'นางสาว', 'สุพรรณิกา', 'ใจสมัน', 'supannika.j@psu.ac.th'),
(26, '0017591', 'นาย', 'สมพร', 'ชาญวณิชย์สกุล', ''),
(27, '0015413', 'MISS', 'STEFANIA', 'VIGNOTTO ', 'stefania.v@psu.ac.th'),
(28, '0019292', 'นาง', 'เพ็ญแข', 'คลายคลี่ ', ''),
(29, '0023421', 'นาย', 'สนิท', 'ลิ้นทอง', 'sanit.l@psu.ac.th'),
(30, '0023606', 'นางสาว', 'ทวีภรณ์', 'คีรีคช', 'thaweeporn.k@psu.ac.th'),
(31, '0023663', 'นาย', 'ธวัชชัย', 'ศรีสุวรรณ', 'thawatchai.sr@psu.ac.th'),
(32, '0024496', 'นาย', 'ชลทิต', 'สนธิเมือง', 'chonlatid.s@psu.ac.th'),
(33, '0025161', 'นางสาว', 'อรวรรณ', 'ศรีสวัสดิ์', 'orawan.sr@psu.ac.th'),
(34, '0025921', 'นางสาว', 'สุจิตรา', 'หนูอุไร', 'sujittra.n@psu.ac.th'),
(35, '0025616', 'นางสาว', 'กชกร', 'มุสิกพงศ์', 'kotchakorn.m@psu.ac.th'),
(36, '0025690', 'นางสาว', 'สิริพร', 'จารุกิตติ์สกุล', 'siriporn.ja@psu.ac.th'),
(37, '0027345', 'นางสาว', 'ฐาปนีย์', 'เขียวจีน', 'thapanee.﻿k@psu.ac.th'),
(38, '0028450', 'นาย', 'กวิน', 'กปิลกาญจน์', 'kawin.ka@psu.ac.th'),
(39, '0027017', 'นาง', 'จุฑารัตน์', 'ศรีมณี', 'jutarat.s@psu.ac.th'),
(40, '0026832', 'นางสาว', 'จตุพร', 'ตรีวัย', 'jatuporn.t@psu.ac.th'),
(41, '0027527', 'นางสาว', 'สลิลทิพย์ ', 'ฟุ้งธรรมสาร', 'salinthip.f@psu.ac.th'),
(42, '0027321', 'ดร.', 'กิ่งกาญจน์', 'บรรลือพืช', 'kingkan.bu@psu.ac.th');

-- --------------------------------------------------------

--
-- โครงสร้างตาราง `mst_plans`
--

CREATE TABLE IF NOT EXISTS `mst_plans` (
  `id` int(11) NOT NULL AUTO_INCREMENT,
  `name` varchar(255) NOT NULL,
  `ordering` tinyint(2) NOT NULL,
  `access` tinyint(2) NOT NULL,
  `is_active` tinyint(1) NOT NULL DEFAULT '1',
  `create_date` datetime NOT NULL,
  PRIMARY KEY (`id`)
) ENGINE=InnoDB  DEFAULT CHARSET=utf8 AUTO_INCREMENT=14 ;

--
-- dump ตาราง `mst_plans`
--

INSERT INTO `mst_plans` (`id`, `name`, `ordering`, `access`, `is_active`, `create_date`) VALUES
(1, 'แผนงานบริหารการศึกษา', 1, 1, 1, '2013-05-14 00:00:00'),
(2, 'แผนงานจัดการศึกษา', 2, 1, 1, '2013-05-14 00:00:00'),
(3, 'แผนงานสนันสนุนการศึกษา', 3, 1, 1, '2013-09-09 15:32:45'),
(4, 'แผนงานวิจัย', 4, 1, 1, '2013-09-09 15:33:02'),
(5, 'แผนงานบริการวิชาการ', 5, 1, 1, '2015-01-12 13:33:47'),
(6, 'แผนงานทำนุบำรุงศิลปวัฒนธรรม', 6, 1, 1, '2013-09-09 15:34:24'),
(7, 'แผนงานบริการสุขภาพ (รพ.การแพทย์แผนไทย)', 7, 1, 1, '2013-09-09 15:35:22'),
(8, 'ขยายโอกาสและพัฒนาการศึกษา', 8, 1, 1, '2013-09-09 15:35:47'),
(10, 'สนับสนุนด้านวิทยาศาสตร์ เทคโนโลยีและนวัตกรรม', 9, 1, 1, '2013-09-09 15:37:33'),
(11, 'แผนงานบุคลากรภาครัฐ', 10, 1, 1, '2017-03-27 13:35:57'),
(12, 'แผนงานพื้นฐานด้านการพัฒนาและเสริมสร้างศักยภาพคน', 11, 1, 1, '2017-03-27 13:37:44'),
(13, 'แผนงานบูรณาการวิจัยและนวัตกรรม', 12, 1, 1, '2017-10-19 13:30:18');

-- --------------------------------------------------------

--
-- โครงสร้างตาราง `mst_product`
--

CREATE TABLE IF NOT EXISTS `mst_product` (
  `id` int(11) NOT NULL AUTO_INCREMENT,
  `ordering` tinyint(2) NOT NULL,
  `name` varchar(255) NOT NULL,
  `plans_id` int(4) NOT NULL,
  `is_active` tinyint(1) NOT NULL,
  PRIMARY KEY (`id`),
  KEY `plans_id` (`plans_id`)
) ENGINE=InnoDB  DEFAULT CHARSET=utf8 AUTO_INCREMENT=21 ;

--
-- dump ตาราง `mst_product`
--

INSERT INTO `mst_product` (`id`, `ordering`, `name`, `plans_id`, `is_active`) VALUES
(1, 1, 'งานบริหารทั่วไป', 1, 1),
(2, 2, 'งานพัฒนาบุคลากรฝ่ายบริหารและสายสนับสนุน', 1, 1),
(3, 3, 'งานจัดการศึกษาสาขาการแพทย์แผนไทย', 2, 1),
(4, 4, 'งานพัฒนาหลักสูตรและการเรียนการสอน', 3, 1),
(5, 5, 'งานพัฒนาบุคลากรสายบริการวิชาการ (สาย ก.)', 3, 1),
(6, 6, 'งานกิจการนักศึกษา', 3, 1),
(7, 7, 'งานสนับสนุนวิจัย', 4, 1),
(8, 8, 'งานบริการวิชาการเพื่อสังคม', 5, 1),
(9, 9, 'งานทำนุบำรุงศิลปวัฒนธรรม', 6, 1),
(10, 10, 'งานบริการรักษาพยาบาล', 7, 1),
(12, 11, 'ผลงานการให้บริการวิชาการ', 8, 2),
(13, 12, 'ผลงานทำนุบำรุงศิลปและวัฒนธรรม', 8, 2),
(14, 13, 'ผู้สำเร็จการศึกษาด้านสังคมศาสตร์', 8, 2),
(15, 14, 'งานบริหารทั่วไป', 7, 1),
(16, 15, 'งานผลผลิตผู้สำเร็จการศึกษาด้านวิทยาศาสตร์และเทคโนโลยี', 12, 1),
(17, 16, 'งานผลผลิตผู้สำเร็จการศึกษาด้านวิทยาศาสตร์สุขภาพ', 12, 1),
(18, 17, 'งานผลผลิตผลงานการให้บริการวิชาการ', 12, 1),
(19, 18, 'งานรายการบุคลากรภาครัฐ', 11, 1),
(20, 0, 'เงินอุดหนุนทั่วไป (วิจัย)', 13, 1);

-- --------------------------------------------------------

--
-- โครงสร้างตาราง `mst_project`
--

CREATE TABLE IF NOT EXISTS `mst_project` (
  `id` int(11) NOT NULL AUTO_INCREMENT,
  `name` varchar(255) NOT NULL,
  `product_id` int(11) NOT NULL,
  `is_active` tinyint(1) NOT NULL DEFAULT '1',
  `create_date` datetime NOT NULL,
  PRIMARY KEY (`id`),
  KEY `fk_product_id` (`product_id`)
) ENGINE=InnoDB  DEFAULT CHARSET=utf8 AUTO_INCREMENT=13 ;

--
-- dump ตาราง `mst_project`
--

INSERT INTO `mst_project` (`id`, `name`, `product_id`, `is_active`, `create_date`) VALUES
(1, 'การพัฒนาคุณภาพวิชาชีพการศึกษาปฐมวัย', 1, 1, '2013-09-03 00:00:00'),
(2, 'การให้บริการวิชาการ และสนองนโยบายตามแนวพระราชดำริ', 1, 1, '2013-09-04 00:00:00'),
(4, 'บริการวิชาการแก่สังคม', 8, 1, '2013-09-12 11:09:08'),
(5, 'บริการทางวิชาการการศึกษา', 12, 1, '2013-09-12 11:08:46'),
(6, 'เผยแพร่ความรู้และบริการวิชาการ', 12, 1, '2013-09-12 11:10:05'),
(7, 'ศึกษาดูงานโครงการตามแนวพระราชดำริ', 2, 1, '2013-09-12 11:10:58'),
(8, 'บริหารจัดการโรงพยาบาล', 10, 1, '2013-09-12 11:12:18'),
(10, 'พัฒนาศูนย์ชุมชนเข้มแข็ง', 7, 2, '2013-09-12 11:14:48'),
(11, 'โครงการที่ 2 โครงการวิจัยและนวัตกรรมเพื่อแก้ปัญหาหรือสร้างความเข้มแข็งด้านสังคม ชุมชน ความมั่นคง และคุณภาพชีพชีวิตประชาชนฯ', 20, 1, '2017-10-19 13:33:20'),
(12, 'เงินอุดหนุนทั่วไป (ฝึกงาน)', 17, 1, '2017-11-22 11:10:04');

-- --------------------------------------------------------

--
-- โครงสร้างตาราง `mst_roles`
--

CREATE TABLE IF NOT EXISTS `mst_roles` (
  `id` tinyint(2) NOT NULL AUTO_INCREMENT,
  `name` varchar(50) NOT NULL,
  PRIMARY KEY (`id`)
) ENGINE=InnoDB  DEFAULT CHARSET=utf8 AUTO_INCREMENT=6 ;

--
-- dump ตาราง `mst_roles`
--

INSERT INTO `mst_roles` (`id`, `name`) VALUES
(1, 'Administrator'),
(2, 'Planners'),
(3, 'Finance'),
(4, 'Manager'),
(5, 'User');

-- --------------------------------------------------------

--
-- โครงสร้างตาราง `mst_users`
--

CREATE TABLE IF NOT EXISTS `mst_users` (
  `id` int(4) NOT NULL AUTO_INCREMENT,
  `code` varchar(7) NOT NULL,
  `firstname` varchar(50) NOT NULL,
  `lastname` varchar(100) NOT NULL,
  `email` varchar(50) NOT NULL,
  `avatar` varchar(30) NOT NULL,
  `roles_id` tinyint(2) NOT NULL,
  PRIMARY KEY (`id`),
  KEY `roles_id` (`roles_id`)
) ENGINE=InnoDB  DEFAULT CHARSET=utf8 AUTO_INCREMENT=6 ;

--
-- dump ตาราง `mst_users`
--

INSERT INTO `mst_users` (`id`, `code`, `firstname`, `lastname`, `email`, `avatar`, `roles_id`) VALUES
(1, '0016704', 'นิติ', 'โชติแก้ว', 'niti.c@psu.ac.th', '0016704-avatar.jpg', 1),
(2, '0020898', 'อุษณีย์', 'ชนะวรรโณ', 'ussanee.c@psu.ac.th', '0020898-avatar.jpg', 1),
(3, '0027017', 'จุฑารัตน์', 'ศรีมณี', 'jutarat.s@psu.ac.th', '0027017-avatar.jpg', 3),
(4, '0002003', 'สนั่น', 'ศุภธีรสกุล', 'sanan.s@psu.ac.th', '0002003-avatar.jpg', 4),
(5, '0023421', 'สนิท', 'ลิ้นทอง', 'sanit.l@psu.ac.th', '0023421-avatar.jpg', 5);

-- --------------------------------------------------------

--
-- โครงสร้างตาราง `trn_approve`
--

CREATE TABLE IF NOT EXISTS `trn_approve` (
  `id` int(11) NOT NULL AUTO_INCREMENT,
  `doc_number` varchar(20) NOT NULL,
  `file_number` varchar(10) NOT NULL,
  `doc_date` date NOT NULL,
  `faculty_code` tinyint(3) NOT NULL,
  `department_id` int(4) NOT NULL,
  `division_id` int(4) NOT NULL,
  `subject` varchar(200) NOT NULL,
  `detail` text NOT NULL,
  `budget_main_id` int(4) NOT NULL,
  `mgt_plans_id` int(11) NOT NULL DEFAULT '0',
  `mgt_product_id` int(11) NOT NULL DEFAULT '0',
  `mgt_costs_id` int(11) NOT NULL DEFAULT '0',
  `amount` decimal(10,2) NOT NULL,
  `status` enum('ยังไม่เบิกจ่าย','เบิกจ่ายบางส่วน','เบิกจ่ายเสร็จสิ้น') NOT NULL,
  PRIMARY KEY (`id`)
) ENGINE=InnoDB  DEFAULT CHARSET=utf8 AUTO_INCREMENT=1325 ;

--
-- dump ตาราง `trn_approve`
--

INSERT INTO `trn_approve` (`id`, `doc_number`, `file_number`, `doc_date`, `faculty_code`, `department_id`, `division_id`, `subject`, `detail`, `budget_main_id`, `mgt_plans_id`, `mgt_product_id`, `mgt_costs_id`, `amount`, `status`) VALUES
(25, '190.1.4/207', '190/58', '2014-04-02', 53, 1, 0, 'ขออนุมัติใช้เงินพร้อมเบิกจ่ายค่าไปรษณีย์', 'ค่าไปรษณีย์', 11, 0, 0, 0, 505.00, 'เบิกจ่ายเสร็จสิ้น'),
(26, '190.1.5/124', '191/58', '2014-03-06', 53, 1, 0, 'ขออนุมัติซื้อวัสดุ (ตามคำสั่ง 1432/54)', 'ของที่ระลึก', 11, 0, 0, 0, 868.00, 'เบิกจ่ายเสร็จสิ้น'),
(27, '190.1.4/208', '192/58', '2014-04-02', 53, 1, 0, 'ขออนุมัติใช้เงินพร้อมเบิกจ่ายค่าอาหาร (ตามคำสั่ง 1432/57)', 'ค่าอาหารที่ประชุม', 11, 0, 0, 0, 3150.00, 'เบิกจ่ายเสร็จสิ้น'),
(28, '190.1.4/202', '193/58', '2014-04-01', 53, 1, 0, 'ขออนุมัติเบิกจ่ายค่าตอบแทนตำกหน่งผู้บริหาร เดือน เมษายน 2557', 'ของรองคณบดี ผู้ช่วยคณบดี 4 คน', 11, 0, 0, 0, 19200.00, 'เบิกจ่ายเสร็จสิ้น'),
(30, '190.1.4/203', '194/58', '2014-04-01', 53, 1, 0, 'ขอเบิกเงินประจำตำแหน่งผุ้บริหารของคณะการแพทย์แผนไทย', 'ตำแหน่งคณบดี เดือน เม.ย. 57', 11, 0, 0, 0, 10100.00, 'เบิกจ่ายเสร็จสิ้น'),
(32, '190.1.4/210', '195/58', '2014-04-02', 53, 1, 0, 'ขอเบิกจ่ายเงินรายได้คณะการแพทย์แผนไทย ', 'ค่าจ้าง เมย. 57', 11, 0, 0, 0, 226171.30, 'เบิกจ่ายเสร็จสิ้น'),
(34, '10.1.4/210', '195/58', '2014-04-02', 53, 1, 0, 'ขอเบิกจ่ายเงินรายได้คณะการแพทย์แผนไทย ', 'ค่าจ้างเดือน เม.ย. 57', 11, 0, 0, 0, 6211.00, 'เบิกจ่ายเสร็จสิ้น'),
(43, '190.1.1/001', '', '2014-07-22', 53, 1, 0, 'ทดสอบ', 'ทดสอบ', 11, 0, 0, 0, 0.00, 'เบิกจ่ายเสร็จสิ้น'),
(44, '190.2', '', '2014-07-22', 53, 0, 0, '', '', 11, 0, 0, 0, 0.00, 'เบิกจ่ายเสร็จสิ้น'),
(45, '190.1.4/364', '263/5', '2014-07-17', 53, 0, 0, 'ค่าเดินทางประชาสัมพันธ์', '', 11, 0, 0, 0, 25200.00, 'เบิกจ่ายเสร็จสิ้น'),
(46, '191.1.7/ว005', '264/5', '2014-06-06', 53, 0, 0, 'ขออนุมัติโครงการประชุมสัมมนา เรื่องการประเมินคุณภาพภายใน', '', 11, 0, 0, 0, 6000.00, 'เบิกจ่ายเสร็จสิ้น'),
(47, '193/072', '265/5', '2014-07-10', 53, 0, 0, 'ขออนุมัติค่าเช่าที่พักภายนอกมหาวิทยาลัย ของนายสุรศักดิ์  ลิ้มสุวรรณ', '', 11, 0, 0, 0, 8000.00, 'เบิกจ่ายเสร็จสิ้น'),
(48, '016/1589', '266/5', '2014-07-16', 53, 0, 0, 'ค่าเช่าที่พักประจำเดือนกรกฎาคม  2557', '', 11, 0, 0, 0, 2000.00, 'เบิกจ่ายเสร็จสิ้น'),
(54, '190.2.8/020', '1/58', '2014-10-21', 53, 0, 0, 'ค่าสอนพิเศษ', '', 12, 0, 0, 0, 4400.00, 'เบิกจ่ายเสร็จสิ้น'),
(55, '190.2.8/024', '2/58', '2014-10-01', 53, 0, 0, 'ค่าสอนพิเศษ', '', 12, 0, 0, 0, 2400.00, 'เบิกจ่ายเสร็จสิ้น'),
(56, '190.2.8/026', '3/58', '2014-10-01', 53, 0, 0, '', '', 12, 0, 0, 0, 600.00, 'เบิกจ่ายเสร็จสิ้น'),
(57, '190.2.8/023', '4/58', '2014-10-15', 53, 0, 0, '', '', 12, 0, 0, 0, 800.00, 'เบิกจ่ายเสร็จสิ้น'),
(58, '190.2.8/019', '5/58', '2014-10-11', 53, 0, 0, '', '', 12, 0, 0, 0, 1000.00, 'เบิกจ่ายเสร็จสิ้น'),
(59, '190.2.8/017', '6/58', '2014-10-11', 53, 0, 0, '', '', 12, 0, 0, 144, 5000.00, 'เบิกจ่ายเสร็จสิ้น'),
(60, '190.1.4/003', '6/58', '2014-10-01', 53, 0, 0, '', '', 12, 0, 0, 141, 10000.00, 'เบิกจ่ายเสร็จสิ้น'),
(61, '193/101', '7/58', '2014-10-30', 53, 0, 0, '', '', 12, 0, 0, 0, 18960.00, 'เบิกจ่ายเสร็จสิ้น'),
(63, '193/100', '8/58', '2014-10-26', 53, 0, 0, '', '', 12, 0, 0, 142, 10240.00, 'เบิกจ่ายเสร็จสิ้น'),
(64, '190.2.8/018', '9/58', '2014-10-11', 53, 0, 0, 'ค่าสอนพิเศษ', '', 12, 0, 0, 144, 5000.00, 'เบิกจ่ายเสร็จสิ้น'),
(65, '190.2.10/019', '10/58', '2014-10-03', 53, 0, 0, '', '', 12, 0, 0, 154, 2880.00, 'เบิกจ่ายเสร็จสิ้น'),
(66, '190.2.9/016', '11/58', '2014-10-08', 53, 0, 0, '', '', 12, 0, 0, 154, 720.00, 'เบิกจ่ายเสร็จสิ้น'),
(68, '190.2.9/018', '13/58', '2014-10-22', 53, 0, 0, 'ขออนุมัติค่าล่วงเวลา', '', 12, 0, 0, 147, 960.00, 'เบิกจ่ายเสร็จสิ้น'),
(69, '190.1.4/581', '14/58', '2014-10-07', 53, 0, 0, 'อนุมัตค่าจ้าง ต.ค. 57', '', 12, 0, 0, 110, 237048.20, 'เบิกจ่ายเสร็จสิ้น'),
(70, '190.1.4/581', '14/58', '2014-10-07', 53, 0, 0, 'ขออนุมัติค่าจ้าง เดือน ต.ค. 57', '', 12, 0, 0, 111, 1000.00, 'เบิกจ่ายเสร็จสิ้น'),
(71, '190.1.4/581', '14/58', '2014-10-07', 53, 0, 0, 'ขออนุมัติค่าจ้าง เดือน ต.ค. 57', '', 12, 0, 0, 173, 17320.00, 'เบิกจ่ายเสร็จสิ้น'),
(72, '190.1.4/581', '14/58', '2014-10-07', 53, 0, 0, 'ขออนุมัติค่าจ้าง เดือน ต.ค. 57', '', 12, 0, 0, 183, 2500.00, 'เบิกจ่ายเสร็จสิ้น'),
(73, '190.1.4/581', '14/58', '2014-10-07', 53, 0, 0, 'ขออนุมัติค่าจ้าง เดือน ต.ค. 57', '', 12, 0, 0, 177, 4742.00, 'เบิกจ่ายเสร็จสิ้น'),
(74, '190.1.4/581', '14/58', '2014-10-07', 53, 0, 0, 'ขออนุมัติค่าจ้าง เดือน ต.ค. 57', '', 12, 0, 0, 180, 519.60, 'เบิกจ่ายเสร็จสิ้น'),
(75, '190.1.4/581', '14/58', '2014-10-07', 53, 0, 0, 'ขออนุมัติค่าจ้าง เดือน ต.ค. 57', '', 12, 0, 0, 179, 6645.80, 'เบิกจ่ายเสร็จสิ้น'),
(76, '190.1.4/581', '14/58', '2014-10-07', 53, 0, 0, 'ขออนุมัติค่าจ้าง เดือน ต.ค. 57', '', 12, 0, 0, 125, 6259.00, 'เบิกจ่ายเสร็จสิ้น'),
(77, '190.1.4/581', '14/58', '2014-10-07', 53, 0, 0, 'ขออนุมัติค่าจ้าง เดือน ต.ค. 57', '', 12, 0, 0, 127, 594.90, 'เบิกจ่ายเสร็จสิ้น'),
(78, '190.1.4/581', '14/58', '2014-10-07', 53, 0, 0, 'ขออนุมัติค่าจ้าง เดือน ต.ค. 57', '', 12, 0, 0, 126, 1388.10, 'เบิกจ่ายเสร็จสิ้น'),
(79, '190.1.4/581', '14/58', '2014-10-07', 53, 0, 0, 'ขออนุมัติค่าจ้าง เดือน ต.ค. 57', '', 12, 0, 0, 124, 3051.00, 'เบิกจ่ายเสร็จสิ้น'),
(80, '190.1.4/581', '15/58', '2014-10-03', 53, 0, 0, 'ขออนุมัติเบิกจ่ายค่าตอบแทนผู้บริหาร เดือน ต.ค. 57', '', 12, 0, 0, 112, 17200.00, 'เบิกจ่ายเสร็จสิ้น'),
(81, '190.1.4/582', '16/58', '2014-10-03', 53, 0, 0, 'ขออนุมัติเบิกเงินตำแหน่งคณบดี', '', 12, 0, 0, 112, 10000.00, 'เบิกจ่ายเสร็จสิ้น'),
(82, '190.1.4/582', '16/58', '2014-10-03', 53, 0, 0, 'ขอนุมัติเบิกจ่ายเงินตำแหน่งคณบดี', '', 12, 0, 0, 114, 100.00, 'เบิกจ่ายเสร็จสิ้น'),
(83, '190/455', '17/58', '2014-10-14', 53, 0, 0, 'ขออนุมัติค่าเช่าที่พัก ต.ค. 57', '', 12, 0, 0, 130, 2000.00, 'เบิกจ่ายเสร็จสิ้น'),
(84, '190/454', '18/58', '2014-10-14', 53, 0, 0, 'ขออนุมัติค่าเช่าที่พัก ต.ค. 57', '', 12, 0, 0, 130, 2000.00, 'เบิกจ่ายเสร็จสิ้น'),
(85, '190.1.5/542', '18/58', '2014-10-01', 53, 0, 0, '', '', 12, 0, 0, 142, 1000.00, 'เบิกจ่ายเสร็จสิ้น'),
(86, '190.1.4/594', '19/58', '2014-10-14', 53, 0, 0, 'ขออนุมัติค่าไปรษณีย์', '', 12, 0, 0, 0, 804.00, 'เบิกจ่ายเสร็จสิ้น'),
(87, '190.1.4/541', '20/58', '2014-10-01', 53, 0, 0, 'ขออนุมัติซื้อวัสดุ (ตามคำสั่ง 1432/54)', '', 12, 0, 0, 0, 100.00, 'เบิกจ่ายเสร็จสิ้น'),
(88, '190.1.4/606', '21/58', '2014-10-17', 53, 0, 0, 'ขออนุมัติค่าอาหาร', '', 12, 0, 0, 122, 2440.00, 'เบิกจ่ายเสร็จสิ้น'),
(89, '190.1.4/613', '22/58', '2014-10-20', 53, 0, 0, 'ขออนุมัติค่าตอบแทนคณะกรรมการประจำคณะฯ 9/57', '', 12, 0, 0, 115, 3625.00, 'เบิกจ่ายเสร็จสิ้น'),
(90, '190.1.4/618', '23/58', '2014-10-21', 53, 0, 0, 'ขออนุมัติค่าอาหาร', '', 12, 0, 0, 122, 1730.00, 'เบิกจ่ายเสร็จสิ้น'),
(91, '193/108', '24/58', '2014-10-28', 53, 0, 0, 'ขออนุมัติเดินทางไปราชการ นายกวิน', '', 12, 0, 0, 161, 4740.00, 'เบิกจ่ายเสร็จสิ้น'),
(92, '190.2.3/050', '25/58', '2014-10-30', 53, 0, 0, 'ขออนุมัติค่าใช้จ่ายโครงการลอยกระทง 2557', '', 12, 0, 0, 171, 14500.00, 'เบิกจ่ายเสร็จสิ้น'),
(94, '190.2.10/017', '28/58', '2014-10-13', 53, 0, 0, 'เงินช่วยเหลือค่าอาหารทำการนอกพื้นที่', '', 12, 0, 0, 145, 200.00, 'เบิกจ่ายเสร็จสิ้น'),
(95, '190.1.4/644', '29/58', '2014-11-03', 53, 0, 0, 'ขอเบิกเงินประจำตำแหน่งผุ้บริหารของคณะการแพทย์แผนไทย', '', 12, 0, 0, 112, 10000.00, 'เบิกจ่ายเสร็จสิ้น'),
(96, '190.1.4/644', '29/58', '2014-11-03', 53, 0, 0, 'ขอเบิกเงินประจำตำแหน่งผุ้บริหารของคณะการแพทย์แผนไทย', '', 12, 0, 0, 114, 100.00, 'เบิกจ่ายเสร็จสิ้น'),
(97, '190.1.4/643', '30/58', '2014-11-03', 53, 0, 0, 'ขออนุมัติเบิกจ่ายค่าตอบแทนตำแหน่งผู้บริหาร พ.ย. 57', '', 12, 0, 0, 119, 23200.00, 'เบิกจ่ายเสร็จสิ้น'),
(98, '190.1.4/642', '31/58', '2014-11-03', 53, 0, 0, 'ขอเบิกจ่ายเงินรายได้คณะการแพทย์แผนไทย  พ.ย. 57', '', 12, 0, 0, 0, 139260.00, 'เบิกจ่ายเสร็จสิ้น'),
(99, '190.1.4/642', '31/58', '2014-11-03', 53, 0, 0, 'ขอเบิกจ่ายเงินรายได้คณะการแพทย์แผนไทย  พ.ย. 57', '', 12, 0, 0, 111, 1000.00, 'เบิกจ่ายเสร็จสิ้น'),
(100, '190.1.4/642', '31/58', '2014-11-03', 53, 0, 0, 'ขอเบิกจ่ายเงินรายได้คณะการแพทย์แผนไทย  พ.ย. 57', '', 12, 0, 0, 125, 6259.00, 'เบิกจ่ายเสร็จสิ้น'),
(101, '190.1.4/642', '31/58', '2014-11-03', 53, 0, 0, 'ขอเบิกจ่ายเงินรายได้คณะการแพทย์แผนไทย  พ.ย. 57', '', 12, 0, 0, 127, 594.90, 'เบิกจ่ายเสร็จสิ้น'),
(102, '190.1.4/642', '31/58', '2014-11-03', 53, 0, 0, 'ขอเบิกจ่ายเงินรายได้คณะการแพทย์แผนไทย  พ.ย. 57', '', 12, 0, 0, 124, 3051.00, 'เบิกจ่ายเสร็จสิ้น'),
(103, '190.1.4/642', '31/58', '2014-11-03', 53, 0, 0, 'ขอเบิกจ่ายเงินรายได้คณะการแพทย์แผนไทย  พ.ย. 57', '', 12, 0, 0, 126, 1388.10, 'เบิกจ่ายเสร็จสิ้น'),
(104, '190.1.4/642', '31/58', '2014-11-03', 53, 0, 0, 'ขอเบิกจ่ายเงินรายได้คณะการแพทย์แผนไทย  พ.ย. 57', '', 12, 0, 0, 177, 4742.00, 'เบิกจ่ายเสร็จสิ้น'),
(105, '190.1.4/642', '31/58', '2014-11-03', 53, 0, 0, 'ขอเบิกจ่ายเงินรายได้คณะการแพทย์แผนไทย  พ.ย. 57', '', 12, 0, 0, 178, 2848.20, 'เบิกจ่ายเสร็จสิ้น'),
(106, '190.1.4/642', '31/58', '2014-11-03', 53, 0, 0, 'ขอเบิกจ่ายเงินรายได้คณะการแพทย์แผนไทย  พ.ย. 57', '', 12, 0, 0, 180, 519.60, 'เบิกจ่ายเสร็จสิ้น'),
(107, '190.1.4/642', '31/58', '2014-11-03', 53, 0, 0, 'ขอเบิกจ่ายเงินรายได้คณะการแพทย์แผนไทย  พ.ย. 57', '', 12, 0, 0, 179, 6645.80, 'เบิกจ่ายเสร็จสิ้น'),
(108, '190.2.2/040', '32/58', '2014-11-03', 53, 0, 0, 'ขออนุมัติค่าสอนพิเศษ ', '', 12, 0, 0, 144, 4860.00, 'เบิกจ่ายเสร็จสิ้น'),
(109, '190.2.10/022', '33/58', '2014-11-05', 53, 0, 0, 'ขออนุมัติใช้เงินค่าอาหารทำการนอกพื้นที่', '', 12, 0, 0, 145, 150.00, 'เบิกจ่ายเสร็จสิ้น'),
(110, '190.1.2/111', '34/58', '2014-11-06', 53, 0, 0, 'ขออนุมัติใช้เงินค่าตอบแทนกรรมการประจำคณะฯ ครั้ที่ 1/2557', '', 12, 0, 0, 115, 3625.00, 'เบิกจ่ายเสร็จสิ้น'),
(111, '190.2.5/022', '35/58', '2014-11-07', 53, 0, 0, 'ขออนุมัติใช้เงินค่ากิจกรรมพัฒนาต่อยอดภาษาอังกฤษ', '', 12, 0, 0, 163, 0.00, 'เบิกจ่ายเสร็จสิ้น'),
(112, '190.2.10/024', '36/58', '2014-11-21', 53, 0, 0, 'ขออนุมัติใช้เงินค่าปฎิบัติงานนอกเวลาราชการ', '', 12, 0, 0, 145, 1000.00, 'เบิกจ่ายเสร็จสิ้น'),
(113, '190.1.8/005', '37/58', '2014-11-24', 53, 0, 0, 'ขออนุมัติใช้เงินค่าบัตรคอนเสิร์ต', '', 12, 0, 0, 141, 2500.00, 'เบิกจ่ายเสร็จสิ้น'),
(114, '190.1.8/006', '38/58', '2014-11-26', 53, 0, 0, 'ขออนุมัติใช้เงินค่าบัตรชมละครเวที', '', 12, 0, 0, 141, 1000.00, 'เบิกจ่ายเสร็จสิ้น'),
(115, '190.1.2/100', '39/58', '2014-11-03', 53, 0, 0, 'ขออนุมัติใช้เงินกิจกรรม 5 ส. ', '', 12, 0, 0, 131, 2775.00, 'เบิกจ่ายเสร็จสิ้น'),
(116, '190.1.4/639', '40/58', '2014-11-03', 53, 0, 0, 'ขออนุมัติใช้เงินค่าอาหาร (ตามคำสั่ง 1432/54)', '', 12, 0, 0, 122, 3390.00, 'เบิกจ่ายเสร็จสิ้น'),
(117, '190.1.4/583', '41/58', '2014-11-03', 53, 0, 0, 'ขออนุมัติใช้เงินค่าปฏิบัติงานนอกเวลาราชการ', '', 12, 0, 0, 116, 1380.00, 'เบิกจ่ายเสร็จสิ้น'),
(118, '190/44.1', '42/58', '2014-11-03', 53, 0, 0, 'ขออนุมัติเดินทางไปราชการ', '', 12, 0, 0, 142, 10100.00, 'เบิกจ่ายเสร็จสิ้น'),
(119, '193/093', '43/58', '2014-11-03', 53, 0, 0, 'ขออนุมัติเดินทางไปราชการต่างประเทศ', '', 12, 0, 0, 161, 12000.00, 'เบิกจ่ายเสร็จสิ้น'),
(120, '190/488', '44/58', '2014-11-03', 53, 0, 0, 'ขออนุมัติใช้เงินค่าเช่าที่พัก พย. 57', '', 12, 0, 0, 130, 2000.00, 'เบิกจ่ายเสร็จสิ้น'),
(121, '190.3/255', '45/58', '2014-11-03', 53, 0, 0, 'ขออนุมัติใช้เงินค่าวัสดุด ปีงบประมาณ 2558', '', 12, 0, 0, 181, 4000.00, 'เบิกจ่ายเสร็จสิ้น'),
(122, '190.3/253', '45.1/', '2014-11-03', 53, 0, 0, 'ขออนุมัติค่าใช้สอย จ้างซักผ้า ปีงบประมาณ 2558', '', 12, 0, 0, 176, 90000.00, 'เบิกจ่ายเสร็จสิ้น'),
(123, '190.3/278', '46/58', '2014-11-03', 53, 0, 0, 'ขออนุมัติเบิกจ่ายค่าจ้างเหมาผู้ช่วยแพทย์แผนไทย', '', 12, 0, 0, 176, 69480.00, 'เบิกจ่ายเสร็จสิ้น'),
(124, '190.1.4/668', '47/58', '2014-11-03', 53, 0, 0, 'ขออนุมัติค่าสอนพิเศษ 190-303', '', 12, 0, 0, 144, 1400.00, 'เบิกจ่ายเสร็จสิ้น'),
(125, '190.1.4/671', '48/58', '2014-11-03', 53, 0, 0, 'ขออนุมัติเบิกจ่ายเงินสนับสนุนบัตรคอนเสิร์ต', '', 12, 0, 0, 141, 2000.00, 'เบิกจ่ายเสร็จสิ้น'),
(126, '190.2.9/020', '49/58', '2014-11-03', 53, 0, 0, 'ขออนุมัติเบิกจ่ายค่าปฏิบัติงานนอกเวลาราชการ', '', 12, 0, 0, 145, 2760.00, 'เบิกจ่ายเสร็จสิ้น'),
(127, '190.1.4/681', '50/58', '2014-11-03', 53, 0, 0, 'ขออนุมัติเบิกค่าสอนพิเศษ', '', 12, 0, 0, 144, 800.00, 'เบิกจ่ายเสร็จสิ้น'),
(128, '190/497', '51/58', '2014-11-03', 53, 0, 0, 'ขอเบิกค่าเช่าที่พักชั่วคราว พ.ย. 57 อ.นงลักษณ์', '', 12, 0, 0, 130, 2000.00, 'เบิกจ่ายเสร็จสิ้น'),
(129, '190.1.1/006', '52/58', '2014-11-03', 53, 0, 0, 'ขออนุมัติใช้เงินพร้อมเบิกจ่ายค่าอาหาร (ตามคำสั่ง 1432/57)', '', 12, 0, 0, 122, 1980.00, 'เบิกจ่ายเสร็จสิ้น'),
(130, '190.3/289', '53/58', '2014-11-03', 53, 0, 0, 'ขออนุมัติใช่้เงินค่าวัสดุ', '', 12, 0, 0, 181, 11778.00, 'เบิกจ่ายเสร็จสิ้น'),
(131, '190.1.1/007', '54/58', '2014-11-03', 53, 0, 0, 'ขออนุมัติใช้เงินพร้อมเบิกจ่ายค่าอาหาร (ตามคำสั่ง 1432/57)', '', 12, 0, 0, 122, 1460.00, 'เบิกจ่ายเสร็จสิ้น'),
(132, '190.1.4/642', '16/58', '2014-11-03', 53, 0, 0, 'ขอเบิกจ่ายเงินรายได้คณะการแพทย์แผนไทย  พ.ย. 57', '', 12, 0, 0, 0, 114760.00, 'เบิกจ่ายเสร็จสิ้น'),
(133, '190.3/300', '55/58', '2014-12-01', 53, 0, 0, 'ขอเบิกค่าจ้างเหมาผู้ช่วยแพทย์แผนไทย พ.ย. 57', '', 12, 0, 0, 176, 56760.00, 'เบิกจ่ายเสร็จสิ้น'),
(134, '190.1.5/647', '56/58', '2014-12-01', 53, 0, 0, 'ขออนุมัติซื้อวัสดุ (ตามคำสั่ง 1432/54)', '', 12, 0, 0, 156, 2000.00, 'เบิกจ่ายเสร็จสิ้น'),
(135, '190.2.2/058', '57/58', '2014-12-01', 53, 0, 0, 'ขออนุมัติเบิกจ่ายค่าสอนพิเศา 190-501', '', 12, 0, 0, 144, 6480.00, 'เบิกจ่ายเสร็จสิ้น'),
(136, '190.1.5/594', '58/58', '2014-12-01', 53, 0, 0, 'ขออนุมัติจ้างเหมาบริการเช่ารถยนต์', '', 12, 0, 0, 140, 1100.00, 'เบิกจ่ายเสร็จสิ้น'),
(137, '190.1.1/009', '59/58', '2014-12-01', 53, 0, 0, 'ขออนุมัติใช้เงินพร้อมเบิกจ่ายค่าอาหาร (ตามคำสั่ง 1432/54', '', 12, 0, 0, 122, 1680.00, 'เบิกจ่ายเสร็จสิ้น'),
(138, '190.3/295', '60/58', '2014-12-01', 53, 0, 0, 'ขออนุมัติซื้อวัสดุ', '', 12, 0, 0, 181, 1917.00, 'เบิกจ่ายเสร็จสิ้น'),
(139, '190.3/303', '61/58', '2014-12-04', 53, 0, 0, 'ขออนุมัติซื้อวัสดุ', '', 12, 0, 0, 181, 3600.00, 'เบิกจ่ายเสร็จสิ้น'),
(140, '190.3/296', '62/58', '2014-12-01', 53, 0, 0, 'ขออมัติค่าวัสดุ', '', 12, 0, 0, 181, 1539.00, 'เบิกจ่ายเสร็จสิ้น'),
(141, '190.2.2/059', '63/58', '2014-12-09', 53, 0, 0, 'ขออนุมัติเบิกจ่ายค่าสอนพิเศษ 190-501', '', 12, 0, 0, 144, 1620.00, 'เบิกจ่ายเสร็จสิ้น'),
(142, '190.1.1/010', '64/58', '2014-12-09', 53, 0, 0, 'ขออนุมัติใช้เงินพร้อมเบิกจ่ายค่าอาหาร (ตามคำสั่ง 1432/57)', '', 12, 0, 0, 122, 1980.00, 'เบิกจ่ายเสร็จสิ้น'),
(143, '190.1.4/702', '65/58', '2014-12-01', 53, 0, 0, 'ขออนุมัติเบิกจ่ายค่าจ้าง ธ.ค. 57', '', 12, 0, 0, 0, 281068.60, 'เบิกจ่ายเสร็จสิ้น'),
(144, '190.1.4/699', '66/58', '2014-12-01', 53, 0, 0, 'ขอเบิกเงินประจำตำแหน่งผุ้บริหารของคณะการแพทย์แผนไทย', '', 12, 0, 0, 0, 10100.00, 'เบิกจ่ายเสร็จสิ้น'),
(145, '190.1.4/701', '67/58', '2014-12-01', 53, 0, 0, 'ขออนุมััติเบิกจ่ายค่าตอบแทนตำแหน่งผู้บริหาร เดือน ธ.ค. 57', '', 12, 0, 0, 119, 37000.00, 'เบิกจ่ายเสร็จสิ้น'),
(146, '190.1.8/007', '68/58', '2014-12-23', 53, 0, 0, 'ขออนุมัติใช้เงินพร้อมเบิกจ่ายค่าธรรมเนียมการโอนเงิน', '', 12, 0, 0, 123, 80.00, 'เบิกจ่ายเสร็จสิ้น'),
(147, '190.1.8/006.1', '74/58', '2014-12-23', 53, 0, 0, 'ขออนุมัติใช้เงินค่ารางวัลประกวด Logo', '', 12, 0, 0, 129, 5000.00, 'เบิกจ่ายเสร็จสิ้น'),
(148, '190.1.1/011', '69/58', '2014-12-23', 53, 0, 0, 'ขออนุมัติพร้อมเบิกจ่ายค่าอาหาร(ตามคำสั่ง 1432/54)', '', 12, 0, 0, 122, 2440.00, 'เบิกจ่ายเสร็จสิ้น'),
(149, '190.1.4/710', '70/58', '2014-12-04', 53, 0, 0, 'ขออนุมัติปฏิบัติงานนอกเวลาราชการ', '', 12, 0, 0, 116, 300.00, 'เบิกจ่ายเสร็จสิ้น'),
(150, '150/2063', '71/58', '2014-12-24', 53, 0, 0, 'ขออนุมัติใช้เงินค่าโทรศัพท์เดือน ก.ย.57', '', 12, 0, 0, 0, 673.47, 'เบิกจ่ายเสร็จสิ้น'),
(151, '150/2261', '72/58', '2014-12-24', 53, 0, 0, 'ขออนุมัติใช้เงินค่าโทรศัพท์เดือน  ต.ค. 57', '', 12, 0, 0, 0, 538.43, 'เบิกจ่ายเสร็จสิ้น'),
(152, '190.2.5/028', '73/58', '2014-12-01', 53, 0, 0, 'ขออนุมัติเดินทางไปราชการ', '', 12, 0, 0, 0, 8560.00, 'เบิกจ่ายเสร็จสิ้น'),
(153, '190/559', '74/58', '2014-12-19', 53, 0, 0, 'ขออนุมัติเบิจ่ายเงินค่าเช่าที่พัก อ.อรพรรณ เดือน ธ.ค. 57', '', 12, 0, 0, 0, 2000.00, 'เบิกจ่ายเสร็จสิ้น'),
(154, '190/557', '75/58', '2014-12-19', 53, 0, 0, 'ขออนุมัติเบิกจ่ายค่าเช่าที่พัก อ.นงลักษณ์ เดือน ธ.ค. 57', '', 12, 0, 0, 0, 2000.00, 'เบิกจ่ายเสร็จสิ้น'),
(155, '190.1.5/682', '76/58', '2014-12-15', 53, 0, 0, 'ขออนุมัติซื้อวัสดุ', '', 12, 0, 0, 0, 3477.00, 'เบิกจ่ายเสร็จสิ้น'),
(156, '190.1.2/124', '77/58', '2014-12-23', 53, 0, 0, 'ขออนุุมัติค่าตอบแทนกรรมการคณะฯ 11/57', '', 12, 0, 0, 0, 3125.00, 'เบิกจ่ายเสร็จสิ้น'),
(157, '190.2.10/027', '78/58', '2014-12-09', 53, 0, 0, 'ขออนุมัติใช้เงินค่าตรวจข้อสอบปลายภาค1/57', '', 12, 0, 0, 0, 3060.00, 'เบิกจ่ายเสร็จสิ้น'),
(158, '190.2.3/057', '79/58', '2014-12-16', 53, 0, 0, 'ขออนุมัติจัดโครงการแข่งขัุนความรู้ทางวิชาการ ช่อแก้วเกมส์', '', 12, 0, 0, 0, 30000.00, 'เบิกจ่ายเสร็จสิ้น'),
(159, '190.2.9/022', '80/58', '2014-12-19', 53, 0, 0, 'ขออนุมัติปฏิบัติงานนอกเวลาราชการ', '', 12, 0, 0, 0, 660.00, 'เบิกจ่ายเสร็จสิ้น'),
(160, '190.2.10/034', '81/58', '2014-12-15', 53, 0, 0, 'ขออนุมัติเชิญอาจารย์พิเศษและอนุมัติใช้เงิน 190-210', '', 12, 0, 0, 0, 3600.00, 'เบิกจ่ายเสร็จสิ้น'),
(161, '190.2.10/035', '82/58', '2014-12-15', 53, 0, 0, 'ขออนุมัติเชิญอาจารย์พิเศษและอนุมัติใช้เงิน 190-306', '', 12, 0, 0, 0, 3400.00, 'เบิกจ่ายเสร็จสิ้น'),
(162, '190.2.10/041', '83/58', '2014-12-24', 53, 0, 0, 'ขออนุมัติเชิญอาจารย์พิเศษและอนุมัติใช้เงิน 190-213', '', 12, 0, 0, 0, 7200.00, 'เบิกจ่ายเสร็จสิ้น'),
(163, '190.2.10/040', '84/58', '2014-12-24', 53, 0, 0, 'ขออนุมัติเชิญอาจารย์พิเศษและอนุมัติใช้เงิน 190-215', '', 12, 0, 0, 0, 5800.00, 'เบิกจ่ายเสร็จสิ้น'),
(164, '190.2.10/039', '85/58', '2014-12-24', 53, 0, 0, 'ขออนุมัติเชิญอาจารย์พิเศษและอนุมัติใช้เงิน 190-209', '', 12, 0, 0, 0, 3600.00, 'เบิกจ่ายเสร็จสิ้น'),
(165, '190.2.10/038', '86/58', '2014-12-22', 53, 0, 0, 'ขออนุมัติเชิญอาจารย์พิเศษและอนุมัติใช้เงิน 190-101', '', 12, 0, 0, 0, 1600.00, 'เบิกจ่ายเสร็จสิ้น'),
(166, '190.2.10/037', '87/58', '2014-12-22', 53, 0, 0, 'ขออนุมัติเชิญอาจารย์พิเศษและอนุมัติใช้เงิน 190-104', '', 12, 0, 0, 0, 2400.00, 'เบิกจ่ายเสร็จสิ้น'),
(167, '190.2.10/043', '88/58', '2014-12-25', 53, 0, 0, 'ขออนุมัติเชิญอาจารย์พิเศษและอนุมัติใช้เงิน 190-308', '', 12, 0, 0, 0, 1600.00, 'เบิกจ่ายเสร็จสิ้น'),
(170, '190.1.4/004', '89/58', '2015-01-05', 53, 0, 0, 'ขอเบิกเงินตอบแทนผู้บริหาร ม.ค. 58', '', 12, 0, 0, 0, 25800.00, 'เบิกจ่ายเสร็จสิ้น'),
(171, '190.1.4/002', '90/58', '2015-01-05', 53, 0, 0, 'ขอเบิกเงินประจำตำแหน่งผู้บริหาร ม.ค. 58', '', 12, 0, 0, 0, 10100.00, 'เบิกจ่ายเสร็จสิ้น'),
(172, '190.1.4/001', '91/58', '2015-01-05', 53, 0, 0, 'ขอเบิกจ่ายค่าจ้าง เดือน ม.ค. 58', '', 12, 0, 0, 0, 281068.60, 'เบิกจ่ายเสร็จสิ้น'),
(173, '190.3/307', '92/58', '2015-01-05', 53, 0, 0, 'ขอเบิกจ่ายค่าครุภัณฑ์ กล้องวงจรปิด', '', 12, 0, 0, 0, 23700.00, 'เบิกจ่ายเสร็จสิ้น'),
(174, '190.3/327', '93/58', '2015-01-05', 53, 0, 0, 'ขอเบิกจ่ายค่าจ้างผู้ช่วยแพทย์ เดือน ธ.ค. 57', '', 12, 0, 0, 176, 37200.00, 'เบิกจ่ายเสร็จสิ้น'),
(175, '190.1.1/013', '94/58', '2015-01-05', 53, 0, 0, 'ขออนุมัติใช้เงินพร้อมเบิกจ่ายค่าอาหาร (ตามคำสั่ง 1432/54', '', 12, 0, 0, 0, 1530.00, 'เบิกจ่ายเสร็จสิ้น'),
(176, '190/739', '95/58', '2015-01-05', 53, 0, 0, 'ขออนุมัติค่าเช่าที่พักภายนอกมหาวิทยาลัยของสุรศักดิ์ เดือน ต.ค. -ธ.ค. 57', '', 12, 0, 0, 0, 6000.00, 'เบิกจ่ายเสร็จสิ้น'),
(177, '190/025', '96/58', '2015-01-13', 53, 0, 0, 'ขออนุมัติเบิกค่าเช่าที่พัก อ.อรพรรณ ม.ค. 58', '', 12, 0, 0, 0, 2000.00, 'เบิกจ่ายเสร็จสิ้น'),
(178, '190/024', '97/58', '2015-01-13', 53, 0, 0, 'ขออนุมัติเบิกจ่ายค่าเช่าที่พัก อ.นงลักษณ์ เดือน ม.ค. 58', '', 12, 0, 0, 0, 2000.00, 'เบิกจ่ายเสร็จสิ้น'),
(179, '190/012', '98/58', '2015-01-08', 53, 0, 0, 'ขออนุมัติเบิกค่าเช่าที่พัก อ.กิ่งกาญจน์ ต.ค.57- ม.ค. 58', '', 12, 0, 0, 0, 8000.00, 'เบิกจ่ายเสร็จสิ้น'),
(180, '190.1.4/015', '99/58', '2015-01-13', 53, 0, 0, 'ขออนุมัติใช้เงินรายได้คณะสมทบเข้ากองทุนวิจัยคณะฯ', '', 12, 0, 0, 0, 300000.00, 'เบิกจ่ายเสร็จสิ้น'),
(181, '190.1.1/002', '100/58', '2015-01-20', 53, 0, 0, 'ขออนุมัติใช้เงินพร้อมเบิกจ่ายค่าอาหาร (ตามคำสั่ง 1432/54', '', 12, 0, 0, 0, 2100.00, 'เบิกจ่ายเสร็จสิ้น'),
(182, '190.1.2/003', '101/58', '2015-01-15', 53, 0, 0, 'ขออนุมัติค่าตอบแทนคณะกรรมการประจำคณะฯ 1/58', '', 12, 0, 0, 0, 2625.00, 'เบิกจ่ายเสร็จสิ้น'),
(183, '190.3/019', '102/58', '2015-01-26', 53, 0, 0, '', '', 12, 0, 0, 0, 55860.00, 'เบิกจ่ายเสร็จสิ้น'),
(184, '193/011', '103/58', '2015-01-22', 53, 0, 0, 'ขอเบิกเงินสวัสดิการบรรณสารสงเคราะห์ อ.อรรพรรณ สกุลแก้ว', '', 12, 0, 0, 0, 1860.00, 'เบิกจ่ายเสร็จสิ้น'),
(185, '190.1.5/034', '104/58', '2015-01-16', 53, 0, 0, 'ขออนุมัติจ้างเหมาบริการเช่ารถยนต์', '', 12, 0, 0, 0, 1000.00, 'เบิกจ่ายเสร็จสิ้น'),
(186, '190.1.1/004', '104/58', '2015-01-27', 53, 0, 0, 'ขออนุมัติใช้เงินพร้อมเบิกจ่ายค่าอาหาร (ตามคำสั่ง 1432/57)', '', 12, 0, 0, 0, 2540.00, 'เบิกจ่ายเสร็จสิ้น'),
(187, '190.3/003', '105/58', '2015-01-06', 53, 0, 0, 'โครงการทำบุญโรงพยาบาลการแพทย์แผนไทย', '', 12, 0, 0, 182, 9550.00, 'เบิกจ่ายเสร็จสิ้น'),
(188, '190.1.2/001', '106/58', '2015-01-06', 53, 0, 0, 'อนุมัติใช้เงินร่วมสนับสนุน เภสัช ม.อ. เดิน - วิ่ง ครั้งที่ 9', '', 12, 0, 0, 141, 2000.00, 'เบิกจ่ายเสร็จสิ้น'),
(189, '193/001', '107/58', '2015-01-05', 53, 0, 0, 'ขออนุมัติเดินทางไปราชการ นายกวิน', '', 12, 0, 0, 161, 2660.00, 'เบิกจ่ายเสร็จสิ้น'),
(190, '190.2.10/001', '108/58', '2015-01-08', 53, 0, 0, 'ขออนุมัติค่าสอนพิเศษ 190-208', '', 12, 0, 0, 144, 7600.00, 'เบิกจ่ายเสร็จสิ้น'),
(191, '190.1.8/001', '109/58', '2015-01-14', 53, 0, 0, 'ขออนุมัติใช้เงินสนับสนุนบัตรคอนเสิร์ต 40 ปี วิทยาการจัดการ', '', 12, 0, 0, 141, 3000.00, 'เบิกจ่ายเสร็จสิ้น'),
(192, '190.2.2/004', '110/58', '2015-01-16', 53, 0, 0, 'ขออนุมัติค่าสอนพิเศษ 190-531', '', 12, 0, 0, 144, 1890.00, 'เบิกจ่ายเสร็จสิ้น'),
(193, '190.1.1/003', '111/58', '2015-01-22', 53, 0, 0, 'ขออนุมัติสนับสนุนการแข่งขันเปตองกุศล ทันตฯ', '', 12, 0, 0, 141, 1000.00, 'เบิกจ่ายเสร็จสิ้น'),
(194, '190.2.3/003', '112/58', '2015-01-23', 53, 0, 0, 'ขออนุมัติจัดโครงการกีฬาหม้อยาสานสัมพันธ์', '', 12, 0, 0, 162, 3000.00, 'เบิกจ่ายเสร็จสิ้น'),
(195, '190.1.6/003', '113/58', '2015-01-27', 53, 0, 0, 'ขออนุมัติจัดโครงการ EdPEx ', '', 12, 0, 0, 142, 30000.00, 'เบิกจ่ายเสร็จสิ้น'),
(196, '190.1.4/037', '114/58', '2015-02-02', 53, 0, 0, 'ขอเบิกเงินประจำตำแหน่งผุ้บริหารของคณะการแพทย์แผนไทย ก.พ. 58', '', 12, 0, 0, 0, 25800.00, 'เบิกจ่ายเสร็จสิ้น'),
(197, '190.1.4/040', '115/58', '2015-02-02', 53, 0, 0, 'ขอเบิกเงินประจำตำแหน่งผุ้บริหารของคณะการแพทย์แผนไทย ก.พ. 58', '', 12, 0, 0, 0, 10100.00, 'เบิกจ่ายเสร็จสิ้น'),
(198, '190.1.4/039', '116/58', '2015-02-02', 53, 0, 0, 'ขอเบิกจ่ายเงินรายได้คณะการแพทย์แผนไทย  ก.พ. 58', '', 12, 0, 0, 0, 281068.60, 'เบิกจ่ายเสร็จสิ้น'),
(199, '190.1.5/065', '116/58', '2015-02-02', 53, 0, 0, 'ขอเบิกค่าครุภัณฑ์ เครื่องคอมพิวเตอร์แม่ข่าย', '', 12, 0, 0, 0, 31500.00, 'เบิกจ่ายเสร็จสิ้น'),
(200, '190.1.1/006', '117/58', '2015-02-05', 53, 0, 0, 'ขออนุมัติใช้เงินพร้อมเบิกจ่ายค่าอาหาร (ตามคำสั่ง 1432/54', '', 12, 0, 0, 0, 1220.00, 'เบิกจ่ายเสร็จสิ้น'),
(201, '190.1.1/009', '118/58', '2015-02-13', 53, 0, 0, 'ขออนุมัติใช้เงินพร้อมเบิกจ่ายค่าอาหาร (ตามคำสั่ง 1432/54', '', 12, 0, 0, 0, 2470.00, 'เบิกจ่ายเสร็จสิ้น'),
(202, '190/089', '119/58', '2015-02-12', 53, 0, 0, 'ขออนุมัติเบิกจ่ายเงินค่าเช่าที่พัก ก.พ. 58 อ.นงลักษณ์', '', 12, 0, 0, 0, 2000.00, 'เบิกจ่ายเสร็จสิ้น'),
(203, '190.1.8/002', '120/58', '2015-02-09', 53, 0, 0, 'ขออนุมัติใช้เงินสนับสนุนบุตรชมการแสดงโขน', '', 12, 0, 0, 0, 700.00, 'เบิกจ่ายเสร็จสิ้น'),
(204, '150/288', '121/58', '2015-02-13', 53, 0, 0, 'ขอเบิกค่าบำรุงเลขหมายโทรศัพท์ งวด 1/58', '', 12, 0, 0, 0, 2280.00, 'เบิกจ่ายเสร็จสิ้น'),
(205, '150/278', '122/58', '2015-02-11', 53, 0, 0, 'ค่าโทรศัพท์ ธ.ค. 57', '', 12, 0, 0, 0, 485.03, 'เบิกจ่ายเสร็จสิ้น'),
(206, '150/110', '123/58', '2015-02-19', 53, 0, 0, 'ค่าโทรศัพท์ พ.ย. 57', '', 12, 0, 0, 0, 517.46, 'เบิกจ่ายเสร็จสิ้น'),
(207, '190.2.9/001', '124/58', '2015-02-12', 53, 0, 0, 'ขออนุมัติค่าปฎิบัติงานนอกเวลาราชการ', '', 12, 0, 0, 0, 360.00, 'เบิกจ่ายเสร็จสิ้น'),
(208, '190.1.1/010', '125/58', '2015-02-23', 53, 0, 0, 'ขออนุมัติใช้เงินพร้อมเบิกจ่ายค่าอาหาร (ตามคำสั่ง 1432/54', '', 12, 0, 0, 0, 2910.00, 'เบิกจ่ายเสร็จสิ้น'),
(209, '190.1.4/060', '126/58', '2015-02-24', 53, 0, 0, 'ขออนุมัติค่าธรรมเนียมจอดรถยนต์', '', 12, 0, 0, 0, 1000.00, 'เบิกจ่ายเสร็จสิ้น'),
(210, '190.1.2/019', '127/58', '2015-02-04', 53, 0, 0, 'ขออนมัติค่าตอบแทนคณะกรรมการประจำคณะฯ ครั้งที่ 2/58', '', 12, 0, 0, 0, 2625.00, 'เบิกจ่ายเสร็จสิ้น'),
(211, '190.1.1/007', '128/58', '2015-02-05', 53, 0, 0, 'ขออนุมัตเงินเพื่อสนับสนุนจัดการแข่งขันโบว์ลิ่ง', '', 12, 0, 0, 0, 1000.00, 'เบิกจ่ายเสร็จสิ้น'),
(212, '190.2.9/003', '129/58', '2015-02-12', 53, 0, 0, 'ขออนุมัติใช้เงินค่าตรวจข้อสอบประมวลฯ', '', 12, 0, 0, 0, 720.00, 'เบิกจ่ายเสร็จสิ้น'),
(213, '190.2.10/012', '130/58', '2015-02-16', 53, 0, 0, 'ขออนุมัติใช้เงินช่วยเหลือค่าอาหารบุคลากรทำการนอกพื้นที่', '', 12, 0, 0, 0, 1400.00, 'เบิกจ่ายเสร็จสิ้น'),
(214, '190.2.10/014', '131/58', '2015-02-16', 53, 0, 0, 'ขออนุมัติใช้เงินค่าตรวจข้อสอบกลางภาค 2/57', '', 12, 0, 0, 0, 3240.00, 'เบิกจ่ายเสร็จสิ้น'),
(215, '190.2.10/022', '132/58', '2015-02-23', 53, 0, 0, '', '', 12, 0, 0, 0, 250.00, 'เบิกจ่ายเสร็จสิ้น'),
(216, '190.2.3/016', '133/58', '2015-02-26', 53, 0, 0, '', '', 12, 0, 0, 0, 19000.00, 'เบิกจ่ายเสร็จสิ้น'),
(217, '190.1.8/003', '134/58', '2015-02-23', 53, 0, 0, 'ขออนุมัติใช้เงินสนับสนุนบัตรคอมนเสริตร์ ปันกันแล ', '', 12, 0, 0, 0, 1500.00, 'เบิกจ่ายเสร็จสิ้น'),
(218, '190.1.2/027', '135/58', '2015-02-26', 53, 0, 0, 'ขออนุมัติใช้เงินกิจกรรม 5 ส.', '', 12, 0, 0, 0, 3500.00, 'เบิกจ่ายเสร็จสิ้น'),
(219, '190.2.10/021', '136/58', '2015-02-23', 53, 0, 0, 'ขออนุมัติใช้เงินค่าของที่ระลึก', '', 12, 0, 0, 0, 4000.00, 'เบิกจ่ายเสร็จสิ้น'),
(220, '190.2.9/004', '137/58', '2015-02-20', 53, 0, 0, 'ขออนุมัติใช้เงินค่าปฎิบัติงานนอกเวลาราชการ', '', 12, 0, 0, 0, 2460.00, 'เบิกจ่ายเสร็จสิ้น'),
(221, '190.1.4/066', '138/58', '2015-03-02', 53, 0, 0, 'ขอเบิกเงินประจำตำแหน่งผุ้บริหารของคณะการแพทย์แผนไทย', '', 12, 0, 0, 0, 10100.00, 'เบิกจ่ายเสร็จสิ้น'),
(222, '190.1.4/068', '139/58', '2015-03-02', 53, 0, 0, 'ค่าจ้างเดือน มี.ค. 58', '', 12, 0, 0, 0, 281600.50, 'เบิกจ่ายเสร็จสิ้น'),
(223, '190.3/046', '140/58', '2015-03-02', 53, 0, 0, 'ค่าจ้างผู้ช่วยแพทย์แผนไทย ก.พ. 58', '', 12, 0, 0, 0, 65220.00, 'เบิกจ่ายเสร็จสิ้น'),
(224, '190.2.10/036', '141/58', '2015-03-02', 53, 0, 0, '', '', 12, 0, 0, 0, 2200.00, 'เบิกจ่ายเสร็จสิ้น'),
(225, '193/024', '142/58', '2015-03-02', 53, 0, 0, 'ค่าบรรณาสาร อ.สิริพร  จารุกิตติ์สกุล', '', 12, 0, 0, 0, 857.00, 'เบิกจ่ายเสร็จสิ้น'),
(226, '193/027', '143/58', '2015-03-03', 53, 0, 0, 'ค่าบรรณาสารอ.กวิน  กปิลการจน์', '', 12, 0, 0, 0, 735.00, 'เบิกจ่ายเสร็จสิ้น'),
(227, '190.1.4/058', '144/58', '2015-03-02', 53, 0, 0, 'ค่าปฏิบัติงานนอกเวลาราชการ', '', 12, 0, 0, 0, 600.00, 'เบิกจ่ายเสร็จสิ้น'),
(228, '190.1.1/013', '145/58', '2015-03-09', 53, 0, 0, 'ขออนุมัติใช้เงินพร้อมเบิกจ่ายค่าอาหาร (ตามคำสั่ง 1432/54', '', 12, 0, 0, 0, 1760.00, 'เบิกจ่ายเสร็จสิ้น'),
(229, '193/030', '146/58', '2015-03-12', 53, 0, 0, 'ค่าบรรณาสาร อ.ฐาปนีย์  เขียวจีน', '', 12, 0, 0, 0, 500.00, 'เบิกจ่ายเสร็จสิ้น'),
(230, '193/028', '147/58', '2015-03-12', 53, 0, 0, 'ค่าบรรณาสาร อ.กิ่งกาญจน์  บรรลือพืช', '', 12, 0, 0, 0, 750.00, 'เบิกจ่ายเสร็จสิ้น'),
(231, '190.1.5/159', '148/58', '2015-03-09', 53, 0, 0, 'ค่าวัสดุ', '', 12, 0, 0, 0, 2000.00, 'เบิกจ่ายเสร็จสิ้น'),
(232, '190.1.8/004', '149/58', '2015-03-09', 53, 0, 0, 'ขออนุมัติใช้เงินสนับสนุนบัตรคอนเสิร์ตการกุศล  นิติศาสตร์', '', 12, 0, 0, 0, 1800.00, 'เบิกจ่ายเสร็จสิ้น'),
(233, '190.1.1/014', '150/58', '2015-03-18', 53, 0, 0, 'ขออนุมัติใช้เงินพร้อมเบิกจ่ายค่าไปรษณีย์', '', 12, 0, 0, 0, 2190.00, 'เบิกจ่ายเสร็จสิ้น'),
(234, '190/141', '151/58', '2015-03-18', 53, 0, 0, 'ขออนุมัติเบิกจ่ายเงินค่าเช่าที่พัก มี.คง58 อ.นงลักษณ์', '', 12, 0, 0, 0, 2000.00, 'เบิกจ่ายเสร็จสิ้น'),
(235, '190.1.1/015', '152/58', '2015-03-20', 53, 0, 0, 'ขออนุมัติใช้เงินพร้อมเบิกจ่ายคาหาร (ตามคำสั่ง 1432/54)', '', 12, 0, 0, 0, 2920.00, 'เบิกจ่ายเสร็จสิ้น'),
(236, '190.1.2/29', '153/58', '2015-03-20', 53, 0, 0, 'ขออนุมัติใช้เงินค่าตอบแทนคณะกรรมการประจำคณะฯ 3/58', '', 12, 0, 0, 0, 3625.00, 'เบิกจ่ายเสร็จสิ้น'),
(237, '150/478', '154/58', '2015-03-27', 53, 0, 0, '', '', 12, 0, 0, 0, 403.50, 'เบิกจ่ายเสร็จสิ้น'),
(238, '190.3/068', '155/58', '2015-03-26', 53, 0, 0, 'ขออนุมัติซื้อวัสดุ', '', 12, 0, 0, 0, 4000.00, 'เบิกจ่ายเสร็จสิ้น'),
(239, '190.1.2/028', '156/58', '2015-03-02', 53, 0, 0, 'ขออนุมัติในหลักการจ่ายค่าตอบแทน', '', 12, 0, 0, 0, 19367.00, 'เบิกจ่ายเสร็จสิ้น'),
(240, '190.1.4/076', '157/58', '2015-03-12', 53, 0, 0, 'ขออนุมัติค่าปฎิบัติงานนอกเวลาราชการ', '', 12, 0, 0, 0, 900.00, 'เบิกจ่ายเสร็จสิ้น'),
(241, '190.1.1/016', '158/58', '2015-03-31', 53, 0, 0, 'ขออนุมัติใช้เงินพร้อมเบิกจ่ายค่าอาหาร (ตามคำสั่ง 1432/54', '', 12, 0, 0, 0, 2770.00, 'เบิกจ่ายเสร็จสิ้น'),
(242, '193/029', '159/58', '2015-03-12', 53, 0, 0, 'ขอเบิกเงินค่าบรรณาสารสงเคราห์ นาง กชกร สุขจันทร์ อินทนูจิตร', '', 12, 0, 0, 0, 487.00, 'เบิกจ่ายเสร็จสิ้น'),
(243, '193/035', '160/58', '2015-03-20', 53, 0, 0, 'ขอเบิกเงินสวัสดิการบรรณสารสงเคราะห์นายธีรวัฒน์  สุดขาว', '', 12, 0, 0, 0, 345.00, 'เบิกจ่ายเสร็จสิ้น'),
(245, '190.3/066', '161/58', '2015-03-30', 53, 0, 0, 'ขอเบิกจ่ายเงิน ค่าจ้างผู้ช่วยนวด มี.ค. 58', '', 12, 0, 0, 0, 46920.00, 'เบิกจ่ายเสร็จสิ้น'),
(247, '190.1.6/007', '163/58', '2015-03-09', 53, 0, 0, 'ขออนุมัติจัดโครงการสัมมนาเชิงปฏิบัติการและขออนุมัติใช้เงิน', '', 12, 0, 0, 0, 17600.00, 'เบิกจ่ายเสร็จสิ้น'),
(248, '190.1.2/032', '164/58', '2015-03-10', 53, 0, 0, 'ขออนุมัติเงินค่าขอใบอนุญาตทำงาน Visa', '', 12, 0, 0, 0, 5200.00, 'เบิกจ่ายเสร็จสิ้น'),
(249, '190.3/062', '165/58', '2015-03-31', 53, 0, 0, 'ขออนุมัติเดินทางไปราชการ พิมพ์วิภา', '', 12, 0, 0, 0, 4810.00, 'เบิกจ่ายเสร็จสิ้น'),
(250, '190.2.9/007', '166/58', '2015-03-26', 53, 0, 0, 'ขออนุมัติปฏิบัติงานนอกเวลาราชการ', '', 12, 0, 0, 0, 3000.00, 'เบิกจ่ายเสร็จสิ้น'),
(251, '190.1.4/064', '167/58', '2015-03-02', 53, 0, 0, 'ขออนุมัติเบิกจ่ายเงินค่าตอบแทนผู้บริหาร เดือน มี.ค. 58', '', 12, 0, 0, 0, 25800.00, 'เบิกจ่ายเสร็จสิ้น'),
(252, '190.1.4/090', '168/58', '2015-04-02', 53, 0, 0, 'ขอเบิกเงินประจำตำแหน่งผุ้บริหารของคณะการแพทย์แผนไทย เม.ย.  58', '', 12, 0, 0, 0, 10100.00, 'เบิกจ่ายเสร็จสิ้น');
INSERT INTO `trn_approve` (`id`, `doc_number`, `file_number`, `doc_date`, `faculty_code`, `department_id`, `division_id`, `subject`, `detail`, `budget_main_id`, `mgt_plans_id`, `mgt_product_id`, `mgt_costs_id`, `amount`, `status`) VALUES
(253, '190.1.4/092', '169/58', '2015-04-02', 53, 0, 0, 'ขออนุมัติเงินค่าตอบแทนตำแหน่งผู้บริหาร เม.ย. 58', '', 12, 0, 0, 0, 25800.00, 'เบิกจ่ายเสร็จสิ้น'),
(254, '193/041', '170/58', '2015-04-01', 53, 0, 0, 'ขอเบิกเงินสวัสดิการบรรณสารสงเคราะห์ อ.อรรพรรณ สกุลแก้ว ครั้งที่ 2', '', 12, 0, 0, 0, 300.00, 'เบิกจ่ายเสร็จสิ้น'),
(255, '190.1.1/017', '171/58', '2015-04-03', 53, 0, 0, 'ขออนุมัติใช้เงินพร้อมเบิกจ่ายค่าไปรษณีย์', '', 12, 0, 0, 0, 216.00, 'เบิกจ่ายเสร็จสิ้น'),
(256, '190.1.2/036', '172/58', '2015-04-10', 53, 0, 0, 'ค่าตอบแทนคณะกรรมการประจำคณะฯ 4/58', '', 12, 0, 0, 0, 3625.00, 'เบิกจ่ายเสร็จสิ้น'),
(257, '190.1.4/086', '173/58', '2015-04-02', 53, 0, 0, 'ขออนุมัติเบิกจ่ายค่าตอบแทน David John Leather', '', 12, 0, 0, 0, 12580.00, 'เบิกจ่ายเสร็จสิ้น'),
(258, '190.1.4/089', '173/58', '2015-04-02', 53, 0, 0, 'ขอเบิกจ่ายเงินายได้คณะ มี.ค. 58 (ตกเบิก)', '', 12, 0, 0, 0, 4685.00, 'เบิกจ่ายเสร็จสิ้น'),
(259, '190.1.4/088', '174/58', '2015-04-02', 53, 0, 0, 'ขอเบิกจ่ายเงินรายได้ฯ ค่าจ้างเดือน เมย 58', '', 12, 0, 0, 0, 309027.80, 'เบิกจ่ายเสร็จสิ้น'),
(260, '190/190', '175/58', '2015-04-16', 53, 0, 0, 'เบิกจ่ายเงินค่าเช่าที่พัก อ.นงลักษณ์ เดือน เม.ย. 58', '', 12, 0, 0, 0, 2000.00, 'เบิกจ่ายเสร็จสิ้น'),
(261, '190.1.1/018', '176/58', '2015-04-17', 53, 0, 0, '', '', 12, 0, 0, 0, 1820.00, 'เบิกจ่ายเสร็จสิ้น'),
(262, '190.1.1/020', '177/58', '2015-04-22', 53, 0, 0, 'ขออนุมัติใช้เงินพร้อมเบิกจ่ายค่าอาหาร (ตามคำสั่ง 1432/54', '', 12, 0, 0, 0, 2520.00, 'เบิกจ่ายเสร็จสิ้น'),
(263, '190.3/093', '178/58', '2015-04-30', 53, 0, 0, 'ขอเบิกจ่ายเงินรายได้ค่าจ้างผู้ช่วยแพทย์ เม.ย. 58', '', 12, 0, 0, 0, 46440.00, 'เบิกจ่ายเสร็จสิ้น'),
(264, '190.1.4/100', '179/58', '2015-04-16', 53, 0, 0, 'ค่าปฏิบัติงานนอกเวลาราชการ', '', 12, 0, 0, 0, 400.00, 'เบิกจ่ายเสร็จสิ้น'),
(265, '190.2.3/027', '180/58', '2015-04-02', 53, 0, 0, 'โครงการรับกาวน์แพทย์แผนไทย รุ่นที่ 9 ', '', 12, 0, 0, 162, 6000.00, 'เบิกจ่ายเสร็จสิ้น'),
(266, '190.2.3/028', '181/58', '2015-04-02', 53, 0, 0, 'โครงการสืบสานประเพณีสงกรานต์ ปี 2558', '', 12, 0, 0, 171, 6500.00, 'เบิกจ่ายเสร็จสิ้น'),
(267, '190.2.6/020', '182/58', '2015-04-17', 53, 0, 0, 'โครงการประชุมสัมมนาผลงานวิจัยประเภทโครงงานนักศึกษา', '', 12, 0, 0, 168, 8000.00, 'เบิกจ่ายเสร็จสิ้น'),
(268, '190.2.13/001', '183/58', '2015-04-10', 53, 0, 0, 'ค่าเดินทางไปราชการ นางสาวสุจิตรา  หนูอุไร', '', 12, 0, 0, 143, 5260.00, 'เบิกจ่ายเสร็จสิ้น'),
(269, '190.2.3/033', '184/58', '2015-04-20', 53, 0, 0, 'โครงการปัจฉิมนิเทศนักศึกษา รุ่นที่ 7', '', 12, 0, 0, 162, 12500.00, 'เบิกจ่ายเสร็จสิ้น'),
(271, '190.1.4/112', '185/58', '2015-05-06', 53, 0, 0, 'ขออนุมัติเบิกจ่ายเงินค่าตอบแทนผู้บริหาร เดือน พ.ค.58', '', 12, 0, 0, 0, 25800.00, 'เบิกจ่ายเสร็จสิ้น'),
(272, '190.1.4/113', '186/58', '2015-05-06', 53, 0, 0, 'ขอเบิกเงินประจำตำแหน่งผุ้บริหารของคณะการแพทย์แผนไทย', '', 12, 0, 0, 0, 10100.00, 'เบิกจ่ายเสร็จสิ้น'),
(273, '190.1.4/115', '187/58', '2015-05-06', 53, 0, 0, 'ขออนุมัติเบิกจ่ายค่าตอบแทน David John Leather', '', 12, 0, 0, 0, 10000.00, 'เบิกจ่ายเสร็จสิ้น'),
(274, '150/773', '188/58', '2015-05-01', 53, 0, 0, 'ค่าโทรศัพท์ ก.พ. 58', '', 12, 0, 0, 0, 666.19, 'เบิกจ่ายเสร็จสิ้น'),
(275, '190.1.1/022', '189/58', '2015-05-07', 53, 0, 0, 'ขออนุมัติใช้เงินพร้อมเบิกจ่ายค่าอาหาร (ตามคำสั่ง 1432/54', '', 12, 0, 0, 0, 1390.00, 'เบิกจ่ายเสร็จสิ้น'),
(276, '190.1.2/043', '190/58', '2015-05-01', 53, 0, 0, 'ขออนุมัติเงินเพื่อร่วมทูลเกล้าฯถวายเงินสมทบทุนโครงการเยาวชนรางวัลสมเด็จเจ้าฝ้ามหิดล', '', 12, 0, 0, 0, 10000.00, 'เบิกจ่ายเสร็จสิ้น'),
(277, '190.1.4/110', '191/58', '2015-05-06', 53, 0, 0, 'ขออนุมัติค่าตอบแทนปฏิบัติงานนอกเวลาราชการ', '', 12, 0, 0, 0, 1200.00, 'เบิกจ่ายเสร็จสิ้น'),
(278, '190.2.9/006', '192/58', '2015-05-12', 53, 0, 0, 'ขออนุมัติใช้เงินค่าตรวจข้อสอบประมวลความรอบรู้', '', 12, 0, 0, 0, 360.00, 'เบิกจ่ายเสร็จสิ้น'),
(279, '190.1.4/116', '193/58', '2015-05-06', 53, 0, 0, 'ขอเบิกจ่ายเงินรายได้คณะการแพทย์แผนไทย  พ.ค. 58', '', 12, 0, 0, 0, 294280.30, 'เบิกจ่ายเสร็จสิ้น'),
(280, '190/246', '194/58', '2015-06-22', 53, 0, 0, 'ขอเบิกจ่ายค่าเช่าที่พัก ก.พ. - พ.ค. 58 ของ อ.กิ่งกาญจน์', '', 12, 0, 0, 0, 8000.00, 'เบิกจ่ายเสร็จสิ้น'),
(281, '190/247', '221/58', '2015-05-22', 53, 0, 0, 'ขอเบิกจ่ายค่าเช่า ม.ค. - มี.ค. 58 ของอ.สุรศักดิ์', '', 12, 0, 0, 0, 6000.00, 'เบิกจ่ายเสร็จสิ้น'),
(282, '190/248', '196/58', '2015-05-22', 53, 0, 0, 'ขอเบิกจ่ายเงินค่าเช่าที่พัก พ.ค. 58', '', 12, 0, 0, 0, 2000.00, 'เบิกจ่ายเสร็จสิ้น'),
(283, '190.1.5/194', '198/58', '2015-05-18', 53, 0, 0, 'ขออนุมัติซื้อวัสดุ (ตามคำสั่ง 1432/54)', '', 12, 0, 0, 0, 5405.00, 'เบิกจ่ายเสร็จสิ้น'),
(284, '190.2.3/042', '199/58', '2015-05-08', 53, 0, 0, 'ขออนุมัติจัดโครงการสัมมนาสโมสรนศ. ', '', 12, 0, 0, 0, 2000.00, 'เบิกจ่ายเสร็จสิ้น'),
(285, '190.1.2/049', '200/58', '2015-05-12', 53, 0, 0, 'ขออนุมัติใช้เงินค่าตอบปทนกรรมการคณะ 5/58', '', 12, 0, 0, 0, 3625.00, 'เบิกจ่ายเสร็จสิ้น'),
(286, '190.2.3/024', '201/58', '2015-05-25', 53, 0, 0, 'ขออนุมัติโครงการกีฬาศรีตรังเกมส์', '', 12, 0, 0, 0, 10000.00, 'เบิกจ่ายเสร็จสิ้น'),
(287, '190.2.3/043', '202/58', '2015-05-08', 53, 0, 0, 'ขออนุมัติโครงการเสริมสร้างคุณธรรม จริยธรรม บัณฑิตแพทย์แผนไทยไม่โกง', '', 12, 0, 0, 0, 12000.00, 'เบิกจ่ายเสร็จสิ้น'),
(288, '190.1.1/025', '203/58', '2015-05-27', 53, 0, 0, 'ขออนุมัติใช้เงินพร้อมเบิกจ่ายค่าอาหาร (ตามคำสั่ง 1432/54 )', '', 12, 0, 0, 0, 2220.00, 'เบิกจ่ายเสร็จสิ้น'),
(289, '190.2.10/048', '204/58', '2015-05-06', 53, 0, 0, 'ขอใช้เงินค่าตรวจข้อสอบปลายภาค 2/57', '', 12, 0, 0, 0, 2520.00, 'เบิกจ่ายเสร็จสิ้น'),
(290, '190.2.9/009', '205/58', '2015-05-07', 53, 0, 0, 'ขออนุมัติปฏิบัติงานนอเวลาราชการ', '', 12, 0, 0, 0, 600.00, 'เบิกจ่ายเสร็จสิ้น'),
(291, '193/055', '206/58', '2015-05-25', 53, 0, 0, 'ขออนุมัติค่าต่ออายุ Visa  ของอาจารย์ชาวต่างประเทศ (ตามคำสั่ง 1432/54)', '', 12, 0, 0, 0, 1900.00, 'เบิกจ่ายเสร็จสิ้น'),
(292, '190.3/111', '208/58', '2015-05-28', 53, 0, 0, 'ขอเบิกจ่ายเงินรายได้คณะการแพทย์แผนไทย  พ.ค. 58', '', 12, 0, 0, 0, 55200.00, 'เบิกจ่ายเสร็จสิ้น'),
(293, '190.2.3/044', '209', '2015-05-12', 53, 0, 0, 'ขออนุมัติโครงการเตรียมความพร้อมเพื่อสอบขึ้นทะเบียนโรคศิลปะ', '', 12, 0, 0, 162, 10000.00, 'เบิกจ่ายเสร็จสิ้น'),
(294, '190.1.4/129', '210/58', '2015-06-02', 53, 0, 0, 'ขออนุมัติเบิกจ่ายเงินค่าตอบแทนตำแหน่งผู้บริหาร มิ.ย. 58', '', 12, 0, 0, 0, 25800.00, 'เบิกจ่ายเสร็จสิ้น'),
(295, '190.1.4/130', '211/58', '2015-06-02', 53, 0, 0, 'ขอเบิกเงินประจำตำแหน่งผุ้บริหารของคณะการแพทย์แผนไทยมิถุนายน  58', '', 12, 0, 0, 0, 10100.00, 'เบิกจ่ายเสร็จสิ้น'),
(296, '190.1.4/132', '212/58', '2015-06-02', 53, 0, 0, 'ขอเบิกจ่ายเงินรายได้คณะการแพทย์แผนไทย มิ.ย. 58', '', 12, 0, 0, 0, 290716.30, 'เบิกจ่ายเสร็จสิ้น'),
(297, '190.1.4/133', '213/58', '2015-06-02', 53, 0, 0, 'ขออนุมัติเบิกจ่ายค่าตอบแทน David John Leather มิ.ย. 58', '', 12, 0, 0, 0, 10000.00, 'เบิกจ่ายเสร็จสิ้น'),
(298, '190.1.4/111', '214/58', '2015-06-02', 53, 0, 0, 'ขออนุมัติค่าปฏิบัติงานนอกเวลาราชการพร้อมขอนุมัติใช้เงิน', '', 12, 0, 0, 0, 1320.00, 'เบิกจ่ายเสร็จสิ้น'),
(299, '190.2.2/028', '215/58', '2015-06-02', 53, 0, 0, 'ขออนุมัติใช้เงินค่าบัตรงานเลี้ยงสถาปนาบัณฑิตวิทยาลัย (ตามคำสั่ง 1432/58)', '', 12, 0, 0, 0, 6000.00, 'เบิกจ่ายเสร็จสิ้น'),
(300, '190.1.5/336', '216/58', '2015-06-10', 53, 0, 0, 'ขออนุมัติซื้อวัสดุ (ตามคำสั่ง 1432/54)', '', 12, 0, 0, 0, 600.00, 'เบิกจ่ายเสร็จสิ้น'),
(301, '190.1.4/126', '217/58', '2015-06-10', 53, 0, 0, 'ขออนุมัติเบิกจ่ายทุนสนับสนุนผู้ช่วยสอน  2/57', '', 12, 0, 0, 0, 2175.00, 'เบิกจ่ายเสร็จสิ้น'),
(302, '190.1.4/127', '218/58', '2015-06-10', 53, 0, 0, 'ขออนุมัติเบิกจ่ายทุนช่วยเหลือนักศึกษาทำงานแลกเปลี่ยน 2/57', '', 12, 0, 0, 0, 720.00, 'เบิกจ่ายเสร็จสิ้น'),
(303, '150/925', '219/58', '2015-06-11', 53, 0, 0, 'ขออนุมัติใช้เงินค่าโทรศัพท์เดือน  มี.ค. 58', '', 12, 0, 0, 0, 778.00, 'เบิกจ่ายเสร็จสิ้น'),
(304, '190.1.2/060', '220/58', '2015-06-10', 53, 0, 0, 'ขออนุมัติใช้เงินค่าตอบแทนคณะกรรมการประจำคณะฯ 6/58', '', 12, 0, 0, 0, 2625.00, 'เบิกจ่ายเสร็จสิ้น'),
(305, '190.1.1/027', '221/58', '2015-06-11', 53, 0, 0, 'ขออนุมัติใช้เงินพร้อมเบิกจ่ายค่าอาหาร (ตามคำสั่ง 1432/54', '', 12, 0, 0, 0, 2410.00, 'เบิกจ่ายเสร็จสิ้น'),
(306, '190.1.2/062', '222/58', '2015-06-10', 53, 0, 0, 'ขออนุมัติเงินเพื่อจัดทำประกันภัยอุบัติเหตุส่วนบุคคล(กลุ่ม) ตามคำสั่ง 1432/54', '', 12, 0, 0, 0, 3520.00, 'เบิกจ่ายเสร็จสิ้น'),
(307, '190.1.5/003', '223/58', '2015-06-15', 53, 0, 0, 'ขออนุมัติซื้อวัสดุ', '', 12, 0, 0, 0, 1499.00, 'เบิกจ่ายเสร็จสิ้น'),
(308, '190.1.4/139', '224/58', '2015-06-11', 53, 0, 0, 'ขออนุมัติเบิค่าตอบแทนปฏิบัติงานนอกเวลาราชการ', '', 12, 0, 0, 0, 900.00, 'เบิกจ่ายเสร็จสิ้น'),
(309, '193/061', '225/58', '2015-06-08', 53, 0, 0, 'ขออนุมัติเบิกจ่ายค่าเดินทางไปราชการต่างประเทศ อ.ฉวีวรรณ จั่นสกุล', '', 12, 0, 0, 0, 12000.00, 'เบิกจ่ายเสร็จสิ้น'),
(310, '190.1.5/004', '226/58', '2015-06-15', 53, 0, 0, 'ขออนุมัติซื้อวัสดุ', '', 12, 0, 0, 0, 92.00, 'เบิกจ่ายเสร็จสิ้น'),
(311, '190.1.1/028', '227/58', '2015-06-22', 53, 0, 0, 'ขออนุมัติใช้เงินพร้อมเบิกจ่ายค่าอาหาร (ตามคำสั่ง 1432/54)', '', 12, 0, 0, 0, 2200.00, 'เบิกจ่ายเสร็จสิ้น'),
(312, '190/299', '228/58', '2015-06-23', 53, 0, 0, 'ขออนุมัติเบิกจ่ายเงินค่าที่พัก มิ.ย. 58 ของอ.นงลักษณ์', '', 12, 0, 0, 0, 2000.00, 'เบิกจ่ายเสร็จสิ้น'),
(313, '193/066', '229/58', '2015-06-19', 53, 0, 0, 'ขอเบิกเงินสวัสดิการบรรณสารสงเคราะห์ อ.อรทัย เนียมสุวรรณ (1)', '', 12, 0, 0, 0, 3005.00, 'เบิกจ่ายเสร็จสิ้น'),
(314, '190.2.2/035', '230/58', '2015-06-17', 53, 0, 0, 'ขออนุมัติจัดดครงการเตรียมความพร้อมและปฐมนิเทศ นศ.บัณฑิต 2558', '', 12, 0, 0, 162, 3200.00, 'เบิกจ่ายเสร็จสิ้น'),
(315, '190.2.10/057', '231/58', '2015-06-24', 53, 0, 0, 'ขออนุมัติให้เงินค่าตรวจข้อสอบ ภาคการศึกษาที่ 3/2557', '', 12, 0, 0, 154, 402.00, 'เบิกจ่ายเสร็จสิ้น'),
(316, '190.1.2/068', '232/58', '2015-07-01', 53, 0, 0, 'ขออนุมัติโครงการ 5 ส', '', 12, 0, 0, 0, 3000.00, 'เบิกจ่ายเสร็จสิ้น'),
(317, '190.3/144', '233/58', '2015-07-06', 53, 0, 0, 'ขออนุมัติเบิกค่าจ้างผู้ช่วยแพทย์ มิ.ย. 58', '', 12, 0, 0, 0, 61200.00, 'เบิกจ่ายเสร็จสิ้น'),
(318, '190.3/142', '234/58', '2015-07-06', 53, 0, 0, 'ขออนุมัติจ้างเหมาซักผ้า', '', 12, 0, 0, 0, 6856.00, 'เบิกจ่ายเสร็จสิ้น'),
(319, '190.3/143', '235/58', '2015-07-06', 53, 0, 0, 'ค่าดอกไม้ มิ.ย. 58', '', 12, 0, 0, 0, 400.00, 'เบิกจ่ายเสร็จสิ้น'),
(320, '190.3/146', '236/58', '2015-07-02', 53, 0, 0, 'ซื้อวัสดุ (ใบเสร็จรับเงิน)', '', 12, 0, 0, 0, 9000.00, 'เบิกจ่ายเสร็จสิ้น'),
(321, '190.1.4/157', '237/58', '2015-07-06', 53, 0, 0, '', '', 12, 0, 0, 0, 25800.00, 'เบิกจ่ายเสร็จสิ้น'),
(322, '190.1.4/158', '238/58', '2015-07-06', 53, 0, 0, 'ค่าจ้างเงินรายได้  ก.ค. . 58', '', 12, 0, 0, 0, 290716.30, 'เบิกจ่ายเสร็จสิ้น'),
(323, '190.1.4/155', '239/58', '2015-07-06', 53, 0, 0, '', '', 12, 0, 0, 0, 10100.00, 'เบิกจ่ายเสร็จสิ้น'),
(324, '190.1.2/078', '239/58', '2015-07-06', 53, 0, 0, '', '', 12, 0, 0, 0, 3625.00, 'เบิกจ่ายเสร็จสิ้น'),
(325, '190.1.1/034', '240/58', '2015-07-20', 53, 0, 0, '', '', 12, 0, 0, 0, 2220.00, 'เบิกจ่ายเสร็จสิ้น'),
(326, '190.1.5/371', '241/58', '2015-07-21', 53, 0, 0, '', '', 12, 0, 0, 0, 13050.00, 'เบิกจ่ายเสร็จสิ้น'),
(327, '190.1.5/410', '242/58', '2015-07-01', 53, 0, 0, '', '', 12, 0, 0, 0, 750.00, 'เบิกจ่ายเสร็จสิ้น'),
(328, '190.2.7/030', '279/58', '2015-07-16', 53, 0, 0, '', '', 12, 0, 0, 0, 230.00, 'เบิกจ่ายเสร็จสิ้น'),
(329, '190.2.10/041', '244/58', '2015-07-21', 53, 0, 0, '', '', 12, 0, 0, 0, 2000.00, 'เบิกจ่ายเสร็จสิ้น'),
(330, '190.1.4/162', '245/58', '2015-07-22', 53, 0, 0, '', '', 12, 0, 0, 0, 34.00, 'เบิกจ่ายเสร็จสิ้น'),
(331, '190/363', '246/58', '2015-07-22', 53, 0, 0, '', '', 12, 0, 0, 0, 2000.00, 'เบิกจ่ายเสร็จสิ้น'),
(332, '190.1.4/165', '247/58', '2015-07-22', 53, 0, 0, '', '', 12, 0, 0, 0, 4150.00, 'เบิกจ่ายเสร็จสิ้น'),
(333, '190/370', '248/58', '2015-07-22', 53, 0, 0, '', '', 12, 0, 0, 0, 33250.00, 'เบิกจ่ายเสร็จสิ้น'),
(334, '150/1233', '249/58', '2015-07-01', 53, 0, 0, '', '', 12, 0, 0, 0, 530.19, 'เบิกจ่ายเสร็จสิ้น'),
(335, '150/1076', '250/58', '2015-07-23', 53, 0, 0, '', '', 12, 0, 0, 0, 532.43, 'เบิกจ่ายเสร็จสิ้น'),
(336, '190.1.1/035', '251/58', '2015-07-22', 53, 0, 0, '', '', 12, 0, 0, 0, 2230.00, 'เบิกจ่ายเสร็จสิ้น'),
(337, '190.1.1/036', '252/58', '2015-07-28', 53, 0, 0, '', '', 12, 0, 0, 0, 3630.00, 'เบิกจ่ายเสร็จสิ้น'),
(338, '190.2.7/029', '253/58', '2015-07-13', 53, 0, 0, '', '', 12, 0, 0, 0, 1550.00, 'เบิกจ่ายเสร็จสิ้น'),
(339, '190.3/163', '254/58', '2015-07-27', 53, 0, 0, '', '', 12, 0, 0, 0, 76680.00, 'เบิกจ่ายเสร็จสิ้น'),
(340, '190.3/161', '255/58', '2015-07-27', 53, 0, 0, 'ขออนุมัติเบิกค่าวัสดุ (ดอกไม้)', '', 12, 0, 0, 0, 400.00, 'เบิกจ่ายเสร็จสิ้น'),
(342, '193/071', '257/58', '2015-07-06', 53, 0, 0, 'ขออนุมัติเงินค่าตออายุใบอนุญาตทำงาน MR. David', '', 12, 41, 43, 149, 5000.00, 'เบิกจ่ายเสร็จสิ้น'),
(345, '190.1.2/082', '260/58', '2015-07-01', 53, 0, 0, 'ขออนุมัติเงินร่วมสมทบกองทุนพิเศษ 100 ปี สมเด็จพระบรมราชชนก', '', 12, 40, 41, 141, 1000.00, 'เบิกจ่ายเสร็จสิ้น'),
(346, '190.1.2/084', '261/58', '2015-07-02', 53, 0, 0, 'ขออนุมัติใช้เงินเพื่อเป็นรางวัลให้แก่บุคลากรที่ได้เหรียญรางวันฯ', '', 12, 40, 41, 129, 500.00, 'เบิกจ่ายเสร็จสิ้น'),
(347, '190.1.2/083', '262/58', '2015-07-02', 53, 0, 0, 'ขออนุมัติใช้เงินในกิจกรรมการคัดเลือกบุคลากรดีเด่นฯ', '', 12, 40, 41, 129, 3000.00, 'เบิกจ่ายเสร็จสิ้น'),
(348, '190.2.3/061', '263/58', '2015-07-07', 53, 0, 0, 'ขออนุมัติจัดโครงการค่ายมหิดล 2558', '', 12, 42, 45, 162, 15000.00, 'เบิกจ่ายเสร็จสิ้น'),
(349, '190.2.3/058', '264/58', '2015-07-07', 53, 0, 0, 'ขออนุมัติโครงการค่ายสานสัมพันธ์ น้อง - พี่ 58', '', 12, 42, 45, 162, 30000.00, 'เบิกจ่ายเสร็จสิ้น'),
(350, '190.2.3/063', '265/58', '2015-07-07', 53, 0, 0, 'ขออนุมัติโครงการไหว้ครูมหาวิทยาลัย 2558', '', 12, 45, 48, 171, 2700.00, 'เบิกจ่ายเสร็จสิ้น'),
(351, '190.2.3/060', '266/58', '2015-07-07', 53, 0, 0, 'ขออนุมัติโครงการโต้วาทีน้องใหม่ 2558', '', 12, 42, 45, 162, 1000.00, 'เบิกจ่ายเสร็จสิ้น'),
(352, '190.2.3/064', '267/58', '2015-07-07', 53, 0, 0, 'ขออนุมัติโครงการพัฒนาทักษะการคิดและทักษะชีวิต 58', '', 12, 42, 45, 162, 6000.00, 'เบิกจ่ายเสร็จสิ้น'),
(353, '190.2.3/062', '268/58', '2015-07-07', 53, 0, 0, 'ขออนุมัติโครงการไหว้ครูคณะการแพทย์แผนไทย 58', '', 12, 45, 48, 171, 47300.00, 'เบิกจ่ายเสร็จสิ้น'),
(354, '190.2.1/35', '269/58', '2015-07-14', 53, 0, 0, 'ขออนุมัติโครงการสัมมนาเรื่อง การตรวจวินิจฉัย การรักษาโรคด้านการแพทยฺ์แผนไทย58', '', 12, 0, 0, 161, 43800.00, 'เบิกจ่ายเสร็จสิ้น'),
(355, '190.2.10/058', '270/58', '2015-07-08', 53, 0, 0, 'ขออนุมัติเชิญอาจารพิเศษ 190-202', '', 12, 41, 43, 144, 4000.00, 'เบิกจ่ายเสร็จสิ้น'),
(356, '190.2.10/059', '271/58', '2015-07-08', 53, 0, 0, 'ขออนุมัติเชิญอาจารย์พิเศษและอนุมัติใช้เงิน 190-401', '', 12, 41, 43, 144, 3200.00, 'เบิกจ่ายเสร็จสิ้น'),
(357, '190.2.10/060', '272/58', '2015-07-08', 53, 0, 0, 'ขออนุมัติเชิญอาจารย์พิเศษและอนุมัติใช้เงิน 190-303', '', 12, 41, 43, 144, 800.00, 'เบิกจ่ายเสร็จสิ้น'),
(358, '190.2.4/028', '273/58', '2015-07-09', 53, 0, 0, 'ขออนุมัติโครงการขยับกายสบายชีวีฯ', '', 12, 0, 0, 168, 55200.00, 'เบิกจ่ายเสร็จสิ้น'),
(359, '190.2.10/064', '274/58', '2015-07-20', 53, 0, 0, 'ขออนุมัติใช้เงินเป็นค่าตอบแทนภาคฤดูร้อน 3/2557', '', 12, 41, 43, 144, 12600.00, 'เบิกจ่ายเสร็จสิ้น'),
(361, '190.2.10/063', '276/58', '2015-07-14', 53, 0, 0, 'ขออนุมัติใช้เงินช่วยเหลือค่าอาหารบุคลากร  190-303', '', 12, 41, 43, 145, 150.00, 'เบิกจ่ายเสร็จสิ้น'),
(362, '190.2.10/061', '277/58', '2015-07-14', 53, 0, 0, 'ขออนุมัติเชิญอาจารย์พิเศษและอนุมัติใช้เงิน 190-304', '', 12, 41, 43, 144, 1000.00, 'เบิกจ่ายเสร็จสิ้น'),
(363, '190.1.8/005', '278/58', '2015-07-27', 53, 0, 0, 'ขออนุมัติใช้เงินสนับสนุนบัตรครบรอบ 10 ปี คณะเทคโนโลยีและสิ่งแวดล้อม ', '', 12, 0, 0, 141, 1000.00, 'เบิกจ่ายเสร็จสิ้น'),
(364, '190.2.10/065', '279/58', '2015-07-28', 53, 0, 0, 'ขออนุมัติเชิญอาจารย์พิเศษและอนุมัติใช้เงิน 190-207', '', 12, 41, 43, 144, 1400.00, 'เบิกจ่ายเสร็จสิ้น'),
(365, '190.2.2/057', '280/58', '2015-07-31', 53, 0, 0, 'ขออนุมัติเชิญอาจารย์พิเศษและอนุมัติใช้เงิน190-501', '', 12, 41, 43, 144, 6480.00, 'เบิกจ่ายเสร็จสิ้น'),
(366, '190.2.3/067', '281/58', '2015-07-31', 53, 0, 0, 'ขออนุมัิติเปลี่ยนแปลงโครงการปฐมนิเทศนักศึกษาใหม่ 2558 ', '', 12, 0, 0, 162, 14500.00, 'เบิกจ่ายเสร็จสิ้น'),
(367, '190.2.10/066', '282/58', '2015-07-31', 53, 0, 0, 'ขออนุมัติใช้เงินค่าห้องเรียน 3/57', '', 12, 41, 43, 150, 3600.00, 'เบิกจ่ายเสร็จสิ้น'),
(368, '190.2.4/037', '283/58', '2015-07-20', 53, 0, 0, 'ขออนุมัติโครงการ งาน ม.อ.วิชาการ 58', '', 12, 44, 47, 168, 30000.00, 'เบิกจ่ายเสร็จสิ้น'),
(369, '190.1.2/080', '284/58', '2015-07-01', 53, 0, 0, 'ขออนุมัติค่าตอบแทนคณะกรรมการประจำคณะฯ 9/58', '', 12, 40, 41, 115, 3625.00, 'เบิกจ่ายเสร็จสิ้น'),
(370, '190.1.1/030', '285/58', '2015-07-01', 53, 0, 0, '', '', 12, 0, 0, 0, 2760.00, 'เบิกจ่ายเสร็จสิ้น'),
(371, '190.1.7/014', '286/58', '2015-07-29', 53, 0, 0, 'ขออนุมัติใช้เงินการจัดการประเมินคุณภาพภายใน 57', '', 12, 0, 0, 132, 22667.00, 'เบิกจ่ายเสร็จสิ้น'),
(372, '190.1.4/173', '287/58', '2015-08-03', 53, 0, 0, 'ขอเบิกเงินค่าจ้าง เดือน ส.ค. 58', '', 12, 0, 0, 0, 290716.30, 'เบิกจ่ายเสร็จสิ้น'),
(373, '190.1.4/172', '288/58', '2015-08-03', 53, 0, 0, 'ขออนุมัติเบิกค่าตอบแทนตำหน่งผู้บริหาร ส.ค. 58', '', 12, 0, 0, 0, 25800.00, 'เบิกจ่ายเสร็จสิ้น'),
(374, '190.1.4/169', '289/58', '2015-08-03', 53, 0, 0, 'ขออนุมัติเบิกจ่ายค่าตอบแทน', '', 12, 0, 0, 0, 20000.00, 'เบิกจ่ายเสร็จสิ้น'),
(375, '190.1.4/170', '290/58', '2015-08-03', 53, 0, 0, 'ขอเบิกเงินประจำตำหน่งผู้บริหาร ส.ค. 58', '', 12, 0, 0, 0, 10100.00, 'เบิกจ่ายเสร็จสิ้น'),
(376, '190.1.1/037', '291/58', '2015-08-06', 53, 0, 0, 'ขออนุมัติใช้เงินพร้อมเบิกจ่ายค่าอาหาร (ตามคำสั่ง 1432/54', '', 12, 0, 0, 0, 1780.00, 'เบิกจ่ายเสร็จสิ้น'),
(377, '190.1.4/176', '292/58', '2015-08-04', 53, 0, 0, 'ขออนุมัติพร้อมเบิกจ่ายค่าธรรมเนียมการโอนเงิน ', '', 12, 0, 0, 0, 210.00, 'เบิกจ่ายเสร็จสิ้น'),
(378, '193/086', '293/58', '2015-08-03', 53, 0, 0, 'ขอเบิกเงินสวัสดิการบรรณสารสงเคราะห์ สิริพร  จารุกิตติ์สกุล', '', 12, 0, 0, 0, 862.00, 'เบิกจ่ายเสร็จสิ้น'),
(379, '193/083.1', '294/58', '2015-08-06', 53, 0, 0, 'ขอเบิกสวัสดิการบรรณสารสงเคราะห์  เกศริน  มณีนูน', '', 12, 0, 0, 0, 1200.00, 'เบิกจ่ายเสร็จสิ้น'),
(380, '193/087', '295/58', '2015-08-10', 53, 0, 0, 'ขอเบิกเงินสวัสดิการบรรณสารสงเคราะห์ นงลักษณ์ กุลวรรัตต์', '', 12, 0, 0, 0, 1400.00, 'เบิกจ่ายเสร็จสิ้น'),
(381, '190.3/150', '296/58', '2015-08-07', 53, 0, 0, 'ขออนุมัติซื้อวัสดุ', '', 12, 0, 0, 0, 17500.00, 'เบิกจ่ายเสร็จสิ้น'),
(382, '150/1512', '297/58', '2015-08-17', 53, 0, 0, 'ขออนุมัติใช้เงินค่าโทรศัพท์ มิ.ย 58', '', 12, 0, 0, 0, 481.50, 'เบิกจ่ายเสร็จสิ้น'),
(383, '190/426', '298/58', '2015-08-18', 53, 0, 0, 'ค่าเช่าที่พัก อ.นงลักษณ์ ส.ค. 58', '', 12, 0, 0, 0, 2000.00, 'เบิกจ่ายเสร็จสิ้น'),
(384, '190.1.1/039', '299/58', '2015-08-24', 53, 0, 0, 'ขออนุมัติใช้เงินพร้อมเบิกจ่ายค่าอาหาร (ตามคำสั่ง 1432/54', '', 12, 0, 0, 0, 2140.00, 'เบิกจ่ายเสร็จสิ้น'),
(385, '190.1.4/186', '300/58', '2015-08-17', 53, 0, 0, 'ขออนุมัติพร้อมเบิกจ่ายค่าธรรมเนียมาการโอนเงิน', '', 12, 0, 0, 0, 308.00, 'เบิกจ่ายเสร็จสิ้น'),
(386, '190.1.4/189', '301/58', '2015-08-19', 53, 0, 0, 'ขออนุมัติพร้อมเบิกจ่ายค่าธรรมเนียมการโอนเงิน ', '', 12, 0, 0, 0, 30.00, 'เบิกจ่ายเสร็จสิ้น'),
(387, '193/093', '302/58', '2015-08-19', 53, 0, 0, 'ขอเบิกงเินสวัสดิการบรรณสารสงเคราะห์ อ.อรพรรณ สกุลแก้ว', '', 12, 0, 0, 0, 317.00, 'เบิกจ่ายเสร็จสิ้น'),
(388, '193/092', '303/58', '2015-08-18', 53, 0, 0, 'ขอเบิกเงินสวัสดิการบรรณสารสงเคราะห์ อ.ฉวีวรรณ  จั่นสกุล', '', 12, 0, 0, 0, 1050.00, 'เบิกจ่ายเสร็จสิ้น'),
(389, '190.3/190', '304/58', '2015-08-26', 53, 0, 0, 'เบิกค่าจ้างผู้ช่วยแพทย์แผนไทย  ส.ค. 58', '', 12, 0, 0, 0, 80520.00, 'เบิกจ่ายเสร็จสิ้น'),
(390, '193/088', '305/58', '2015-08-10', 53, 0, 0, 'ขออนุมัติเดินทางไปราชการ อ.กวิน 1-7 ก.ย. 58', '', 12, 42, 44, 161, 6480.00, 'เบิกจ่ายเสร็จสิ้น'),
(391, '190/421', '306/58', '2015-08-13', 53, 0, 0, 'ขออนุมัติเดินทางไปราชการ อ.สนั่น  1-2 ก.ย. 58', '', 12, 40, 41, 118, 1640.00, 'เบิกจ่ายเสร็จสิ้น'),
(392, '190.1.8/007', '307/58', '2015-08-26', 53, 0, 0, 'ขออนัมัติใช้เงินค่าสนับสนุนบัตรภาพยนต์ศูนย์ส่งเสริมและพัฒนาฯ', '', 12, 40, 41, 141, 1000.00, 'เบิกจ่ายเสร็จสิ้น'),
(393, '190.1.8/008', '308/58', '2015-09-08', 53, 0, 0, 'ขออนุมัติใช้เงินสนับสนุนบัตรกิจกรรมเฉลิมฉลองครบ  30 ปี วิทเทคโนฯ', '', 12, 40, 41, 141, 2030.00, 'เบิกจ่ายเสร็จสิ้น'),
(394, '193/100', '309/58', '2015-09-23', 53, 0, 0, 'ขออนุมัติปฏิบัติงานนอกเวลาราชการ', '', 12, 41, 43, 145, 240.00, 'เบิกจ่ายเสร็จสิ้น'),
(395, '190.1.4/199', '310/58', '2015-09-01', 53, 0, 0, 'ขออนุมัติเบิกจ่ายค่าตอบแทน David John Leather', '', 12, 40, 41, 114, 10000.00, 'เบิกจ่ายเสร็จสิ้น'),
(396, '190.1.4/201', '311/58', '2015-09-01', 53, 0, 0, 'ขอเบิกค่าจ้าง ก.ย. 58', '', 12, 0, 0, 0, 290716.30, 'เบิกจ่ายเสร็จสิ้น'),
(397, '190.1.4/198', '312/58', '2015-09-01', 53, 0, 0, 'ขอเบิกเงินประจำตำหน่งผู้บริหาร ก.ย. 58', '', 12, 0, 0, 0, 10100.00, 'เบิกจ่ายเสร็จสิ้น'),
(398, '190.1.4/200', '313/58', '2015-09-01', 53, 0, 0, 'ขออนุมัติเบิกจ่ายเงินค่าตอบแทนผู้บริหาร เดือน  ก.ย. 58', '', 12, 0, 0, 0, 25800.00, 'เบิกจ่ายเสร็จสิ้น'),
(399, '150/1954', '314/58', '2015-09-01', 53, 0, 0, 'ขอเบิกค่าบำรุงหมายเลขโทรศัพท์ 2/58', '', 12, 0, 0, 0, 2280.00, 'เบิกจ่ายเสร็จสิ้น'),
(400, '190.1.4/213', '315/58', '2015-09-01', 53, 0, 0, 'ขอเบิกจ่ายวค่าธรรมเนียมการโอนเงินค่าสอน', '', 12, 0, 0, 0, 214.00, 'เบิกจ่ายเสร็จสิ้น'),
(401, '190/455', '316/58', '2015-09-04', 53, 0, 0, 'ขออนุมัติจ่ายเงินค่าเช่าที่พักภายนอก อ.กิ่งกาญจน์ มิ.ย. - ก.ย. 58', '', 12, 0, 0, 0, 8000.00, 'เบิกจ่ายเสร็จสิ้น'),
(402, '190.1.4/220', '317/58', '2015-09-10', 53, 0, 0, 'ขออนุมัติพร้อมเบิกจ่ายค่าธรรมเนียมการโอนเงิน ค่าสอน', '', 12, 0, 0, 0, 308.00, 'เบิกจ่ายเสร็จสิ้น'),
(403, '190.1.5/640', '318/58', '2015-09-03', 53, 0, 0, 'ขออนุมัติถ่ายเอกสาร', '', 12, 0, 0, 0, 1345.00, 'เบิกจ่ายเสร็จสิ้น'),
(404, '190.1.1/042', '319/58', '2015-09-07', 53, 0, 0, 'ขออนุมัติใช้เงินพร้อมเบิกจ่ายค่าอาหาร (ตามคำสั่ง 1432/54', '', 12, 0, 0, 0, 1860.00, 'เบิกจ่ายเสร็จสิ้น'),
(405, '190.1.1/043', '320/58', '2015-09-10', 53, 0, 0, 'ขออนุมัติใช้เงินพร้อมเบิกจ่ายค่าอาหาร (ตามคำสั่ง 1432/54', '', 12, 0, 0, 0, 2200.00, 'เบิกจ่ายเสร็จสิ้น'),
(406, '190.1.1/045', '321/58', '2015-09-15', 53, 0, 0, '', '', 12, 0, 0, 0, 1820.00, 'เบิกจ่ายเสร็จสิ้น'),
(407, '190/479', '322/58', '2015-09-11', 53, 0, 0, 'ขออนุมัติเบิกจ่ายค่าเช่าที่พัก อ.นงลักษณ์ เดือน ก.ย. 58', '', 12, 0, 0, 0, 2000.00, 'เบิกจ่ายเสร็จสิ้น'),
(408, '190.1.4/642', '323/58', '2015-09-04', 53, 0, 0, 'ขออนุมัติซื้อวัสดุ', '', 12, 0, 0, 0, 65.00, 'เบิกจ่ายเสร็จสิ้น'),
(409, '190.1.1/041', '324/58', '2015-09-16', 53, 0, 0, 'ขอเงินสนับสนุนการจัดการแข่งขันเปตอง 2558 (ตามคำสั่ง 1432/54)', '', 12, 0, 0, 0, 2000.00, 'เบิกจ่ายเสร็จสิ้น'),
(410, '190.1.1/047', '325/58', '2015-09-22', 53, 0, 0, 'ขออนุมัติใช้เงินพร้อมเบิกจ่ายคาหาร (ตามคำสั่ง 1432/54)', '', 12, 0, 0, 0, 2260.00, 'เบิกจ่ายเสร็จสิ้น'),
(411, '190.1.1/046', '326/58', '2015-09-21', 53, 0, 0, 'ขออนุมัติใช้เงินพร้อมเบิกจ่ายค่าไปรษณีย์', '', 12, 0, 0, 0, 234.00, 'เบิกจ่ายเสร็จสิ้น'),
(412, '190.1.5/451', '327/58', '2015-09-25', 53, 0, 0, 'ขออนุมัติซื้อวุสดุ (พวงมาลา) ตามคำสั่ง 1432/54', '', 12, 0, 0, 0, 1000.00, 'เบิกจ่ายเสร็จสิ้น'),
(413, '190.2.3/023', '329/58', '2015-09-23', 53, 0, 0, 'ขออนุมัติใช้เงิน นศ. เดินทางชระชุมสมาพันธ์นิสิตฯ  (ตามคำสั่ง 1432/54)', '', 12, 0, 0, 0, 10000.00, 'เบิกจ่ายเสร็จสิ้น'),
(414, '190.3/206', '330/58', '2015-09-25', 53, 0, 0, 'ขอนุมัติเบิกจ้างเหมาผู้ช่วยแพทย์แผนไทย  ก.ย. 58', '', 12, 0, 0, 0, 74700.00, 'เบิกจ่ายเสร็จสิ้น'),
(415, '032/ว 095', '331/58', '2015-10-23', 53, 0, 0, 'ตัดยอดเงินรายได้ 2558 เพื่อสมทบการชำระหนี้ค่าสาธรณูปโภค 2557', '', 12, 0, 0, 0, 127589.00, 'เบิกจ่ายเสร็จสิ้น'),
(416, '190.1.5/599', '332/58', '2015-09-29', 53, 0, 0, 'ซื้อวัสดุ น้ำมัน', '', 12, 0, 0, 0, 1500.00, 'เบิกจ่ายเสร็จสิ้น'),
(417, '190.1.1/048', '333/58', '2015-09-29', 53, 0, 0, 'ขออนุมัติใช้เงินพร้อมเบิกจ่ายค่าอาหาร (ตามคำสั่ง 1432/54 )', '', 12, 0, 0, 0, 1510.00, 'เบิกจ่ายเสร็จสิ้น'),
(418, '190.1.5/608', '334/58', '2015-09-30', 53, 0, 0, 'ขออนุมัติซื้อวัสดุ', '', 12, 0, 0, 0, 600.00, 'เบิกจ่ายเสร็จสิ้น'),
(419, '190.2.10/079.1', '335/58', '2015-09-29', 53, 0, 0, 'ขออนุมัติใช้เงินค่าช่วยเหลือค่าอาหารบุคลากรทำการนอกพื้นที่', '', 12, 0, 0, 0, 280.00, 'เบิกจ่ายเสร็จสิ้น'),
(420, '190.1.5/649', '336/58', '2015-09-09', 53, 0, 0, 'ค่าจ้างเหมาบริการเช่ารถ ', '', 12, 0, 0, 0, 1800.00, 'เบิกจ่ายเสร็จสิ้น'),
(421, '190.1.5/507', '337/58', '2015-09-30', 53, 0, 0, 'ขออนุมัติซื้อวัสดุ น้ำมันเชื้อเพลิง', '', 12, 0, 0, 0, 481.00, 'เบิกจ่ายเสร็จสิ้น'),
(422, '190.1.4/230', '338/58', '2015-09-28', 53, 0, 0, 'ขออนุมัติเบิกจ่ายทุนช่วยเหลือนักสึกษาทำงานแลกเปลี่ยน 1/58', '', 12, 0, 0, 0, 1230.00, 'เบิกจ่ายเสร็จสิ้น'),
(423, '190.1.4/229', '339/58', '2015-09-28', 53, 0, 0, 'ขออนุมัติเบิกจ่ายทุนสนับผู้ช่วยสอน 1/58', '', 12, 0, 0, 0, 2450.00, 'เบิกจ่ายเสร็จสิ้น'),
(424, '150/1869', '340/58', '2015-09-30', 53, 0, 0, 'ขออนัมัติเงินค่าโทรศัพท์ 2558', '', 12, 0, 0, 0, 558.54, 'เบิกจ่ายเสร็จสิ้น'),
(425, '150/1867', '341/58', '2015-09-30', 53, 0, 0, 'ขออนุมัติใช้เงินค่าโทรศัพท์  ก.ค. 2558', '', 12, 0, 0, 0, 730.38, 'เบิกจ่ายเสร็จสิ้น'),
(426, '190.1.2/103', '1/59', '2015-10-08', 53, 0, 0, 'ขออนุมัติใช้เงินค่าตอบแทนคณะกรรมการประคณะฯ ครั้งที่ 9/2558', '', 13, 0, 0, 0, 3625.00, 'เบิกจ่ายเสร็จสิ้น'),
(427, '190.1.1/049', '2/59', '2015-10-09', 53, 0, 0, 'ขออนุมัติใช้เงินพร้อมเบิกจ่ายค่าอาหาร ( ตามคำสั่ง 1432/54)', '', 13, 47, 50, 199, 2420.00, 'เบิกจ่ายเสร็จสิ้น'),
(428, '190.1.1/051', '3/59', '2015-10-19', 53, 0, 0, 'ขออนุมัิตใ้ช้เงินพร้อมเบิกจ่ายค่าอาหาร (ตามคำสั่ง 1432/54)', '', 13, 47, 50, 0, 2895.00, 'เบิกจ่ายเสร็จสิ้น'),
(429, '190/531', '4/59', '2015-10-19', 53, 0, 0, 'ขออนุมัติเบิกจ่ายค่าเช่าที่พักภายนอกมหาวิทยาลัย อ.นงลักษณ์ ต.ค. 58', '', 13, 47, 50, 0, 2000.00, 'เบิกจ่ายเสร็จสิ้น'),
(430, '190.1.4/243', '5/59', '2015-09-02', 53, 0, 0, 'ขออนุมัติปฏิบัติงานนอเวลาราชการ', '', 13, 48, 52, 0, 1560.00, 'เบิกจ่ายเสร็จสิ้น'),
(431, '190.1.5/706', '6/59', '2015-10-01', 53, 0, 0, 'ขออนุมัติค่าวัสดุ (ตามคำสั่ง 1432/54ป', '', 13, 0, 0, 0, 1000.00, 'เบิกจ่ายเสร็จสิ้น'),
(433, '190.1.4/239', '7/59', '2015-10-01', 53, 0, 0, 'ขอเบิกจ่ายเงินรายได้คณะการแพทย์แผนไทย ต.ค. 58', '', 13, 0, 0, 0, 300891.50, 'เบิกจ่ายเสร็จสิ้น'),
(434, '190.1.4/237', '8/59', '2015-10-01', 53, 0, 0, '', '', 13, 0, 0, 0, 25800.00, 'เบิกจ่ายเสร็จสิ้น'),
(435, '190.1.4/236', '9/59', '2015-10-01', 53, 0, 0, 'ขอเบิกเงินประจำตำแหน่งผู้บริหาร ต.ค. 58', '', 13, 0, 0, 0, 10100.00, 'เบิกจ่ายเสร็จสิ้น'),
(436, '190.1.4/238', '10/59', '2015-10-01', 53, 0, 0, 'ขออนุมัติเบิกจ่ายค่าตอบแทน David John Leather ต.ค .58', '', 13, 0, 0, 0, 10000.00, 'เบิกจ่ายเสร็จสิ้น'),
(437, '190.1.1/052', '11/59', '2015-10-27', 53, 0, 0, 'ขออนุมัติใช้เงินพร้อมเบิกจ่ายค่าอาหาร (ตามคำสั่ง 1432/54 )', '', 13, 0, 0, 0, 2975.00, 'เบิกจ่ายเสร็จสิ้น'),
(438, '190.1.1/050', '12/59', '2015-10-15', 53, 0, 0, 'ขออนุมัติใช้เงินเพื่อร่วมทำบุญทอดกฐินสามัคคีปี 2558', '', 13, 0, 0, 0, 10000.00, 'เบิกจ่ายเสร็จสิ้น'),
(439, '190.2.2/073', '13/58', '2015-10-28', 53, 0, 0, 'ขออนุมัติเบิกจ่ายค่าสอน 190-501', '', 13, 0, 0, 0, 4860.00, 'เบิกจ่ายเสร็จสิ้น'),
(440, '190.3/236', '14/59', '2015-10-26', 53, 0, 0, 'ขออนุมัติเบิกค่าจ้างเหมาผู้ช่วยแพทย์แผนไทย ต.ค. 58', '', 13, 0, 0, 0, 82800.00, 'เบิกจ่ายเสร็จสิ้น'),
(441, '190.3/220', '15/59', '2015-10-01', 53, 0, 0, 'ขออนุมัติใช้เงินค่าจ้างซักผ้า 2559', '', 13, 53, 56, 257, 120000.00, 'เบิกจ่ายเสร็จสิ้น'),
(442, '190.3/219', '16/59', '2015-10-01', 53, 0, 0, 'ขออนุมัติซื้อวัสดุ ดอกไม้ (ตามคำสั่ง 1432/54)', '', 13, 53, 56, 262, 4800.00, 'เบิกจ่ายเสร็จสิ้น'),
(444, '190.2.10/101', '18/59', '2015-10-27', 53, 0, 0, 'ขออนุมัติใช้เงินค่าเงินช่วยเหลือค่าอาหารบุคลากร ', '', 13, 48, 52, 223, 300.00, 'เบิกจ่ายเสร็จสิ้น'),
(445, '190.2.3/090', '19/59', '2015-10-26', 53, 0, 0, 'ขออนุมัติจัดโครงการกีฬาน้องใหม่ 58', '', 13, 49, 54, 242, 10000.00, 'เบิกจ่ายเสร็จสิ้น'),
(446, '190.1.2/109', '20/59', '2015-10-26', 53, 0, 0, 'ขออนุมัติจัดโครงการ 5 ส.  (ตามคำสั่ง 1432/54)', '', 13, 47, 50, 208, 2970.00, 'เบิกจ่ายเสร็จสิ้น'),
(447, '190.2.3/088', '21/59', '2015-10-14', 53, 0, 0, 'ขออนุมัติจัดโครงการแข่งขันความรู้ทางวิชาการ พะยอมเกมส์  ครั้งที่ 8', '', 13, 49, 54, 242, 30000.00, 'เบิกจ่ายเสร็จสิ้น'),
(449, '190.2.10/086', '23/59', '2015-10-01', 53, 0, 0, 'ขออนุมัติค่าสอน รายวิชา 190-301', '', 13, 48, 52, 222, 2000.00, 'เบิกจ่ายเสร็จสิ้น'),
(450, '190.2.10/085', '24/59', '2015-10-01', 53, 0, 0, 'ขออนุมัติใช้เงินค่าสอน 190-207', '', 13, 48, 52, 222, 3600.00, 'เบิกจ่ายเสร็จสิ้น'),
(451, '190.2.10/087', '25/59', '2015-10-01', 53, 0, 0, 'ขออนุมัติใช้เงินค่าสอน 190-202', '', 13, 48, 52, 222, 6000.00, 'เบิกจ่ายเสร็จสิ้น'),
(452, '190.2.2/075', '26/59', '2015-10-30', 53, 0, 0, 'ขออนุมัติเดินทาง Road show', '', 13, 48, 52, 230, 14400.00, 'เบิกจ่ายเสร็จสิ้น'),
(453, '190.2.9/013', '27/59', '2015-10-07', 53, 0, 0, 'ขออนุมัติใช้เงินค่าตรวจข้อสอบประมวลฯ 2558', '', 13, 48, 52, 227, 1440.00, 'เบิกจ่ายเสร็จสิ้น'),
(454, '190.2.10/091', '28/59', '2015-10-07', 53, 0, 0, 'ขออนุมัติใช้เงินค่าสอน 190-303', '', 13, 48, 52, 222, 2000.00, 'เบิกจ่ายเสร็จสิ้น'),
(455, '190.2.10/092', '29/59', '2015-10-05', 53, 0, 0, 'ขออนุมัติใช้เงินค่าสอน 190-401', '', 13, 48, 52, 222, 4000.00, 'เบิกจ่ายเสร็จสิ้น'),
(456, '190.2.4/052', '30/59', '2015-10-13', 53, 0, 0, 'ขออนุมัติใช้เงินโครงการวันภูมิปัญญาการแพทย์แผนไทย 2558', '', 13, 51, 57, 249, 11800.00, 'เบิกจ่ายเสร็จสิ้น'),
(457, '190.2.9/011', '31/59', '2015-10-07', 53, 0, 0, 'ขออนุมัติปฏิบัติงานนอกเวลาราชการ', '', 13, 48, 52, 223, 540.00, 'เบิกจ่ายเสร็จสิ้น'),
(458, '190.2.10/095', '32/59', '2015-10-07', 53, 0, 0, 'ขออนุมัติใช้เงินค่าเงินช่วยเหลือค่าอาหารบุคลากร', '', 13, 48, 52, 223, 300.00, 'เบิกจ่ายเสร็จสิ้น'),
(459, '190.2.10/084', '33/59', '2015-10-01', 53, 0, 0, 'ขออนุมัติใช้เงินค่าตรวจข้อสอบกลางภาค 1/58', '', 13, 48, 52, 227, 3240.00, 'เบิกจ่ายเสร็จสิ้น'),
(460, '190.1.4/271', '34/59', '2015-11-02', 53, 0, 0, 'ขออนุมัติเบิกจ่ายค่าตอบแทน David John Leather   พ.ย.58', '', 13, 47, 50, 191, 10000.00, 'เบิกจ่ายเสร็จสิ้น');
INSERT INTO `trn_approve` (`id`, `doc_number`, `file_number`, `doc_date`, `faculty_code`, `department_id`, `division_id`, `subject`, `detail`, `budget_main_id`, `mgt_plans_id`, `mgt_product_id`, `mgt_costs_id`, `amount`, `status`) VALUES
(461, '190.1.4/268', '35/59', '2015-11-02', 53, 0, 0, 'ขอเบิกเงินประจำตำแหน่งผู้บริหาร พ.ย. 58', '', 13, 0, 0, 0, 10100.00, 'เบิกจ่ายเสร็จสิ้น'),
(462, '190.1.4/267', '19/59', '2015-11-02', 53, 0, 0, 'ขออนุมัติเบิกจ่ายเงินค่าตอบแทนตำแหน่งผู้บริหาร พ.ย.58', '', 13, 47, 50, 190, 20200.00, 'เบิกจ่ายเสร็จสิ้น'),
(463, '190.1.1/053', '37/59', '2015-11-04', 53, 0, 0, 'ขออนุมัติใช้เงินพร้อมเบิจ่ายค่าอาหาร (ตามคำสั่ง 1432/54)', '', 13, 47, 50, 199, 2035.00, 'เบิกจ่ายเสร็จสิ้น'),
(464, '190/557', '38/59', '2015-11-02', 53, 0, 0, 'ขออนุมัติเบิกจ่ายเงินค่าเช่าที่พัก ต.ค.58 อ.กิ่งกาญจน์', '', 13, 47, 50, 206, 2000.00, 'เบิกจ่ายเสร็จสิ้น'),
(465, '190.1.5/740', '39/59', '2015-11-11', 53, 0, 0, 'ขออนุมัติซื้อวัสดุ (ตามคำสั่ง 1432/54)', '', 13, 48, 52, 0, 8000.00, 'เบิกจ่ายเสร็จสิ้น'),
(466, '190.1.1/055', '40/59', '2015-11-11', 53, 0, 0, 'ขออนุมัติใช้เงินพร้อมเบิกจ่ายค่าอาหาร (ตามคำสั่ง 1432/54)', '', 13, 47, 50, 199, 2295.00, 'เบิกจ่ายเสร็จสิ้น'),
(467, '193/115.1', '41/59', '2015-11-06', 53, 0, 0, 'ขอเบิกเงินสวัสดิการบรรณสารสงเคราะห์ อ. กชกร  สุขจันทร์ อินทนูจิตร', '', 13, 48, 52, 240, 350.00, 'เบิกจ่ายเสร็จสิ้น'),
(468, '190.1.2/115', '42/58', '2015-11-04', 53, 0, 0, 'ขออนุมัติใช้เงินค่าตอบแทนคณะกรรมการประจำคณะฯ 10/58', '', 13, 47, 50, 192, 2125.00, 'เบิกจ่ายเสร็จสิ้น'),
(469, '190.1.4/270', '43/58', '2015-11-02', 53, 0, 0, 'ขอเบิกค่าจ้าง พ.ย. 58', '', 13, 0, 0, 0, 300891.50, 'เบิกจ่ายเสร็จสิ้น'),
(470, '190.1.1/057', '44/59', '2015-11-20', 53, 0, 0, 'ขออนุมัติใช้เงินพร้อมเบิกจ่ายค่าอาหาร (ตามคำสั่ง 1432/54', '', 13, 47, 50, 199, 1775.00, 'เบิกจ่ายเสร็จสิ้น'),
(471, '190/583', '45/59', '2015-11-17', 53, 0, 0, 'ขออนุมัติเบิกจ่ายเงินค่าเช่าที่พัก พ.ย.58 อ.นงลักษณ์ ', '', 13, 47, 50, 206, 2000.00, 'เบิกจ่ายเสร็จสิ้น'),
(472, '190.2.3/095', '46/59', '2015-11-16', 53, 0, 0, 'ขออนุมัติใช้เงินเพื่อจัดกิจกรรมเตรียมความพร้อมพิธีพระราชทานปริญญาบัตร 2557', '', 13, 49, 54, 0, 17000.00, 'เบิกจ่ายเสร็จสิ้น'),
(473, '190.2.9/015', '46/59', '2015-11-05', 53, 0, 0, 'ขออนุมัติปฏิบัติงานนอกเวลาราชการ', '', 13, 48, 52, 223, 3060.00, 'เบิกจ่ายเสร็จสิ้น'),
(474, '190.1.8/009', '47/59', '2015-11-19', 53, 0, 0, 'ขออนุมัติใช้เงินค่าสนับสนุนบัติกิจกรรมครบรอบ 25 ปี วิทยาเขตสุราษฎร์ธานี', '', 13, 47, 50, 218, 2030.00, 'เบิกจ่ายเสร็จสิ้น'),
(475, '190.1.4/299', '48/59', '2015-12-01', 53, 0, 0, 'ขออนุมัติเบิกจ่ายเงินค่าตอบแทนตำแหน่งผู้บริหาร ธ.ค. 58', '', 13, 0, 0, 0, 20200.00, 'เบิกจ่ายเสร็จสิ้น'),
(476, '190.1.4/298', '49/59', '2015-12-01', 53, 0, 0, 'ขออนุมัติเบิกจ่ายค่าตอบแทน David John Leather   ธ.ค. 58', '', 13, 0, 0, 0, 10000.00, 'เบิกจ่ายเสร็จสิ้น'),
(477, '190.1.4/297', '50/59', '2015-12-01', 53, 0, 0, 'ขอเบิกเงินประจำตำแหน่งผู้บริหารของคณะการแพทย์แผนไทย', '', 13, 0, 0, 0, 10100.00, 'เบิกจ่ายเสร็จสิ้น'),
(478, '190.3/256', '51/59', '2015-12-01', 53, 0, 0, 'ขอเบิกค่าจ้างเหมาผู้ช่วยแพทย์แผนไทย พ.ย. 58', '', 13, 0, 0, 0, 67560.00, 'เบิกจ่ายเสร็จสิ้น'),
(479, '190.1.1/059', '39/59', '2015-12-04', 53, 0, 0, 'ขออนุมัติใช้เงินค่าอาหาร (ตามคำสั่ง 1432/54)', '', 13, 0, 0, 0, 1655.00, 'เบิกจ่ายเสร็จสิ้น'),
(480, '190.3/250', '53/59', '2015-12-04', 53, 0, 0, 'ขออนุมัติเดินทางไปราชการ นายธีรวัฒน์', '', 13, 0, 0, 0, 10000.00, 'เบิกจ่ายเสร็จสิ้น'),
(481, '190.1.4/295', '54/59', '2015-12-01', 53, 0, 0, 'ขอเบิกจ่ายค่าจ้าง เดือน ธ.ค. 58', '', 13, 0, 0, 0, 300891.50, 'เบิกจ่ายเสร็จสิ้น'),
(482, '190.1.1/061', '55/59', '2015-12-14', 53, 0, 0, 'ขออนุมัติใช้เงินพร้อมเบิกจ่ายค่าอาหาร (ตามคำสั่ง 1432/54', '', 13, 0, 0, 0, 2085.00, 'เบิกจ่ายเสร็จสิ้น'),
(483, '190.1.5/818', '56/59', '2015-12-01', 53, 0, 0, 'ค่ากระเช้าเยี่ยมไข้', '', 13, 0, 0, 0, 1000.00, 'เบิกจ่ายเสร็จสิ้น'),
(484, '190.1.5/801.1', '57/59', '2015-12-16', 53, 0, 0, 'ขออนุมัติซื้อวัสดุ (ตามคำสั่ง 1432/54)', '', 13, 0, 0, 0, 3477.50, 'เบิกจ่ายเสร็จสิ้น'),
(485, '190.2.2/082', '58/59', '2015-12-02', 53, 0, 0, 'ขออนุมัติเบิกจ่ายเงินค่าสอนพิเศษ 190-501', '', 13, 0, 0, 0, 8100.00, 'เบิกจ่ายเสร็จสิ้น'),
(486, '190.1.5/825', '59/59', '2015-12-11', 53, 0, 0, 'ขออนุมัติซื้อวัสดุ (ตามคำสั่ง 1432/54)', '', 13, 0, 0, 0, 2000.00, 'เบิกจ่ายเสร็จสิ้น'),
(487, '190.1.4/303', '60/59', '2015-12-18', 53, 0, 0, 'ขออนุมัติปฏิบัติงานนอกเวลาราชการ', '', 13, 0, 0, 0, 1020.00, 'เบิกจ่ายเสร็จสิ้น'),
(488, '190.1.1/062', '61/59', '2015-12-22', 53, 0, 0, 'ขออนุมัติใช้เงินพร้อมเบิกจ่ายค่าอาหาร (ตามคำสั่ง 1432/54', '', 13, 0, 0, 0, 3120.00, 'เบิกจ่ายเสร็จสิ้น'),
(489, '190.1.5/829.1', '62/59', '2015-12-04', 53, 0, 0, 'ขออนุมัติค่ากระเช้าเยี่ยมไข้', '', 13, 0, 0, 0, 1000.00, 'เบิกจ่ายเสร็จสิ้น'),
(494, '190.2.2/087', '67/59', '2015-12-22', 53, 0, 0, 'ขออนุมัติใช้เงินค่าตอบแทนผู้ทรงคุณวุฒิฯ', '', 13, 48, 52, 241, 3000.00, 'เบิกจ่ายเสร็จสิ้น'),
(495, '190.2.10/106', '68/59', '2015-12-14', 53, 0, 0, 'ขออนุมัติใช้เงินค่าตรวจข้อสอบปลายภาค 1/58', '', 13, 48, 52, 227, 2880.00, 'เบิกจ่ายเสร็จสิ้น'),
(496, '190.1.8/012', '69/59', '2015-12-30', 53, 0, 0, 'ขออนุมัติจัดซื้อค่าของที่ระลึก', '', 13, 47, 50, 218, 537.00, 'เบิกจ่ายเสร็จสิ้น'),
(497, '190.1.8/011', '70/59', '2015-12-30', 53, 0, 0, 'ขออนุมัติจัดซื้ของที่ระลึก', '', 13, 47, 50, 218, 1611.00, 'เบิกจ่ายเสร็จสิ้น'),
(498, '190/628', '71/59', '2016-01-01', 53, 0, 0, 'ขออนุมัติเบิกค่าเช่าที่พัก อ. นงลักษณ์  ธ.ค. 58', '', 13, 0, 0, 0, 2000.00, 'เบิกจ่ายเสร็จสิ้น'),
(499, '190.2.3/115', '72/59', '2016-01-01', 53, 0, 0, 'ขออนุมัติใช้เงินค่าทุนการศึกษาช่วยเหลือนักศึกษาแลกเปลี่ยน 1/58', '', 13, 0, 0, 0, 4560.00, 'เบิกจ่ายเสร็จสิ้น'),
(500, '190.2.3/114', '73/59', '2016-01-01', 53, 0, 0, 'ขออนุมัติใช้เงินพร้อมเบิกจ่ายทุนการศึกษานักศึกษาช่วยงานสอน 1/58', '', 13, 0, 0, 0, 4925.00, 'เบิกจ่ายเสร็จสิ้น'),
(501, '190.1.5/013', '74/59', '2016-01-08', 53, 0, 0, 'ขอเบิกเงินรายได้เป็นครุภัณฑ์ 2559 กล้องวีดีโอ', '', 13, 0, 0, 0, 35000.00, 'เบิกจ่ายเสร็จสิ้น'),
(502, '190.1.8/010', '75/59', '2016-01-11', 53, 0, 0, 'ขออนุมัติใช้เงิน ตามคำสั่ง 1432/54', '', 13, 0, 0, 0, 1000.00, 'เบิกจ่ายเสร็จสิ้น'),
(503, '190.1.4/005', '76/59', '2016-01-07', 53, 0, 0, 'ขอเบิกเงินประจำตำแหน่งผู้บริหาร ม.ค. 59', '', 13, 0, 0, 0, 10100.00, 'เบิกจ่ายเสร็จสิ้น'),
(504, '190.1.4/002', '77/59', '2016-01-07', 53, 0, 0, 'ขออนุมัติเบิกจ่ายค่าตอบแทนผู้บริหาร เดือน ม.ค.59', '', 13, 0, 0, 0, 20200.00, 'เบิกจ่ายเสร็จสิ้น'),
(505, '190.1.4/003', '78/59', '2016-01-07', 53, 0, 0, 'ขออนุมัติเบิกจ่ายค่าตอบแทน David John Leather  ม.ค. 59', '', 13, 0, 0, 0, 10000.00, 'เบิกจ่ายเสร็จสิ้น'),
(506, '190.1.4/004', '79/59', '2016-01-07', 53, 0, 0, 'ขอเบิกจ่ายค่าจ้าง เดือน ม.ค. 59', '', 13, 0, 0, 0, 300891.50, 'เบิกจ่ายเสร็จสิ้น'),
(507, '190.3/266', '80/59', '2016-01-01', 53, 0, 0, 'ขอเบิกค่าจ้างบุคคลภายนอกเป็นผุ้ช่วยแพทย์แผนไทย', '', 13, 0, 0, 0, 50640.00, 'เบิกจ่ายเสร็จสิ้น'),
(508, '193/143.1', '81/59', '2016-01-01', 53, 0, 0, 'ขอเบิกเงินสวัสดิการบรรณสารสงเคราะห์ 59', '', 13, 0, 0, 0, 1000.00, 'เบิกจ่ายเสร็จสิ้น'),
(509, '190.2.2/004', '82/59', '2016-01-19', 53, 0, 0, 'ขออนุมัติใช้เงินค่าธรรมเนียมสำหรับการโอน ', '', 13, 0, 0, 0, 130.00, 'เบิกจ่ายเสร็จสิ้น'),
(510, '190/042', '83/59', '2016-01-15', 53, 0, 0, 'ขออนุมัติเบิกจ่ายค่าเช่าที่พัก อ.นงลักษณ์ เดือน ม.ค. 59', '', 13, 0, 0, 0, 2000.00, 'เบิกจ่ายเสร็จสิ้น'),
(511, '190.1.1/004', '84/59', '2016-01-21', 53, 0, 0, 'ขออนุมัติใช้เงินพร้อมเบิกจ่ายค่าอาหาร ตามคำสั่ง 1432/54', '', 13, 0, 0, 0, 3075.00, 'เบิกจ่ายเสร็จสิ้น'),
(512, '190.1.1/002', '85/59', '2016-01-14', 53, 0, 0, 'ขออนุมัติใช้เงินพร้อมเบิกจ่ายค่าอาหาร (ตามคำสั่ง 1432/54', '', 13, 0, 0, 0, 2930.00, 'เบิกจ่ายเสร็จสิ้น'),
(513, '190.1.2/002', '86/59', '2016-01-08', 53, 0, 0, 'ขออนุมัติใช้เงินค่าตอบแทน กรรมการประจำคณะ 1/59', '', 13, 47, 50, 192, 3125.00, 'เบิกจ่ายเสร็จสิ้น'),
(514, '193/001', '87/59', '2016-01-07', 53, 0, 0, 'ขออนุมัติเข้าร่วมอบรมโครงการภาษาอังกฤษ', '', 13, 0, 0, 0, 4900.00, 'เบิกจ่ายเสร็จสิ้น'),
(515, '190.2.10/007', '88/59', '2016-01-11', 53, 0, 0, 'ขออนุมัติใช้เงินค่าสอน 190-208', '', 13, 48, 52, 222, 7600.00, 'เบิกจ่ายเสร็จสิ้น'),
(516, '190.2.10/008', '89/59', '2016-01-11', 53, 0, 0, 'ขออนุมัติค่าสอน 190-209', '', 13, 48, 52, 222, 4200.00, 'เบิกจ่ายเสร็จสิ้น'),
(517, '190.2.10/006', '90/59', '2016-01-11', 53, 0, 0, 'ขออนุมัติค่าสอน 190-104', '', 13, 48, 52, 222, 800.00, 'เบิกจ่ายเสร็จสิ้น'),
(518, '190.2.10/009', '91/59', '2016-01-11', 53, 0, 0, 'ขออนุมัติใช้เงินค่าสอน 190-307', '', 13, 48, 52, 222, 2800.00, 'เบิกจ่ายเสร็จสิ้น'),
(519, '190.2.10/004', '92/59', '2016-01-11', 53, 0, 0, 'ขออนุมัติใช้เงินค่าสอน 190-306', '', 13, 48, 52, 222, 3400.00, 'เบิกจ่ายเสร็จสิ้น'),
(520, '190.2.7/005', '94/59', '2016-01-13', 53, 0, 0, 'ค่าปฏิบัติงานนอกเวลาราชการ', '', 13, 48, 52, 223, 1200.00, 'เบิกจ่ายเสร็จสิ้น'),
(521, '190.2.10/003', '93/59', '2016-01-11', 53, 0, 0, 'ขออนุมัติใช้เงินค่าสอน 190-213', '', 13, 48, 52, 222, 7200.00, 'เบิกจ่ายเสร็จสิ้น'),
(522, '190.2.7/003', '95/59', '2016-01-07', 53, 0, 0, 'ขออนุมัติปฏิบัติงานนอกเวลาราชการ', '', 13, 48, 52, 223, 500.00, 'เบิกจ่ายเสร็จสิ้น'),
(523, '190.2.4/004', '96/59', '2016-01-13', 53, 0, 0, 'ขออนุมัติปฏิบัติงานนอกเวลาราชการ', '', 13, 48, 52, 223, 900.00, 'เบิกจ่ายเสร็จสิ้น'),
(524, '190.2.10/001', '9759', '2016-01-11', 53, 0, 0, 'ขออนุมัติค่าสอน 190-210', '', 13, 48, 52, 222, 3600.00, 'เบิกจ่ายเสร็จสิ้น'),
(525, '190.2.10/005', '98/59', '2016-01-11', 53, 0, 0, 'ขออนุมัติใช้เงินค่าสอน 190-308', '', 13, 48, 52, 222, 1600.00, 'เบิกจ่ายเสร็จสิ้น'),
(526, '190.1.1/003', '99/59', '2016-01-18', 53, 0, 0, 'ขออนุมัติใช้เงินเพื่อสนับสนุนการจัดแข่งขันเปตองการกุศล ', '', 13, 47, 50, 218, 1000.00, 'เบิกจ่ายเสร็จสิ้น'),
(527, '190.2.3/006', '100/59', '2016-01-25', 53, 0, 0, 'ขออนุมัติจัดดครงการหมอแผนไทย ปันน้ำใจสู่ชุมชน 2558', '', 13, 49, 54, 242, 19000.00, 'เบิกจ่ายเสร็จสิ้น'),
(528, '190.1.8/001', '101/59', '2016-01-25', 53, 0, 0, 'ขออนุมัติใช้เงินค่าสนัสนันกิจกรรมวิทยา ม.อ.เดินวิ่งมินิมาราธอน ครั้งที่ 1', '', 13, 47, 50, 218, 2000.00, 'เบิกจ่ายเสร็จสิ้น'),
(529, '193.5', '55', '2016-02-12', 53, 0, 0, 'ทดสอบ หมายเหตุ', '', 11, 33, 32, 54, 5000.00, 'เบิกจ่ายบางส่วน'),
(530, '190.1.4/021', '102/59', '2016-02-01', 53, 0, 0, 'ขอเบิกค่าตอบแทน David ก.พ. 59', '', 13, 0, 0, 0, 10000.00, 'เบิกจ่ายเสร็จสิ้น'),
(531, '190.1.4/020', '103/59', '2016-02-01', 53, 0, 0, 'ขออนุมัติเบิกจ่ายค่าตอบแทนตำแหน่งผู้บริหาร ก.พ. 59', '', 13, 0, 0, 0, 20200.00, 'เบิกจ่ายเสร็จสิ้น'),
(532, '190.1.4/019', '104/59', '2016-02-01', 53, 0, 0, 'ขอเบิกเงินประจำตำแหน่งผุ้บริหาร ก.พ. 59', '', 13, 0, 0, 0, 10100.00, 'เบิกจ่ายเสร็จสิ้น'),
(533, '190.1.4/022', '105/59', '2016-02-01', 53, 0, 0, 'ขอเบิกค่าจ้างเดือน ก.พ. 59', '', 13, 0, 0, 0, 300891.50, 'เบิกจ่ายเสร็จสิ้น'),
(534, '190.3/275', '106/59', '2016-02-01', 53, 0, 0, 'ขอเบิกจ่ายค่าจ้างบุคคลภายนอกเป็นผุ้ช่วยแพทย์แผนไทย ม.ค. 59', '', 13, 0, 0, 0, 59640.00, 'เบิกจ่ายเสร็จสิ้น'),
(535, '190.1.1/005', '107/59', '2016-02-01', 53, 0, 0, 'ขออนุมัติใช้เงินพร้อมเบิกจ่ายค่าอาหาร (ตามคำสั่ง 1432/54)', '', 13, 0, 0, 0, 2820.00, 'เบิกจ่ายเสร็จสิ้น'),
(536, '190.2.3/092', '108/59', '2016-02-01', 53, 0, 0, 'ขออนุมัติโครงการสายสัมพันธ์ครูกับศิษย์ 1/58', '', 13, 0, 0, 0, 14000.00, 'เบิกจ่ายเสร็จสิ้น'),
(537, '190.1.2/127', '109/59', '2016-02-05', 53, 0, 0, 'ขออนุมัติใช้เงินค่าตอบแทนคณะกรรมการประคณะฯ ครั้งที่ 11/2558', '', 13, 0, 0, 0, 3125.00, 'เบิกจ่ายเสร็จสิ้น'),
(538, '190.1.4/017.2', '110/59', '2016-02-01', 53, 0, 0, 'ขออนุมัติใช้เงินพร้อมเบิกจ่ายค่าโทรศัพท์ ธ.ค. 58', '', 13, 0, 0, 0, 487.59, 'เบิกจ่ายเสร็จสิ้น'),
(539, '190.1.4/017.1', '111/59', '2016-02-01', 53, 0, 0, 'ขออนุมัติใช้เงินพร้อมเบิกจ่ายค่าโทรศัพท์ พ.ย58', '', 13, 0, 0, 0, 551.91, 'เบิกจ่ายเสร็จสิ้น'),
(540, '190.1.4/017', '112/59', '2016-02-01', 53, 0, 0, 'ขออนุมัติใช้เงินพร้อมเบิกจ่ายค่าโทรศัพท์ ต.ค. 58', '', 13, 0, 0, 0, 536.39, 'เบิกจ่ายเสร็จสิ้น'),
(541, '190.2.10/028', '113/59', '2016-02-19', 53, 0, 0, 'ขออนุมัติเบิกจ่ายค่าตอบแทนอาจารย์พิเศษ', '', 13, 0, 0, 0, 800.00, 'เบิกจ่ายเสร็จสิ้น'),
(542, '190.2.10/027', '114/59', '2016-02-17', 53, 0, 0, 'ขออนุมัติค่าสอน 190-303', '', 13, 0, 0, 0, 2000.00, 'เบิกจ่ายเสร็จสิ้น'),
(543, '190.1.1/009', '115/59', '2016-02-15', 53, 0, 0, 'ขออนุมัติใช้เงินพร้อมเบิกจ่ายค่าอาหาร (ตามคำสั่ง 1432/54 )', '', 13, 0, 0, 0, 2865.00, 'เบิกจ่ายเสร็จสิ้น'),
(544, '190.1.1/008', '116/59', '2016-02-11', 53, 0, 0, 'ขออนุมัติใช้เงินพร้อมเบิกจ่ายค่าอาหาร (ตามคำสั่ง 1432/54 )', '', 13, 0, 0, 0, 2720.00, 'เบิกจ่ายเสร็จสิ้น'),
(545, '190.1.5/041', '117/59', '2016-02-18', 53, 0, 0, 'ขออนุมัติซื้อชุดเครื่องแบบปกติขาว อ.กชกร  สุขจันทร์ ', '', 13, 0, 0, 0, 3500.00, 'เบิกจ่ายเสร็จสิ้น'),
(546, '190.3/005', '118/59', '2016-02-24', 53, 0, 0, 'ขอเบิกค่าจ้างเหมาผู้ช่วยแพทย์แผนไทย ก.พ. 59', '', 13, 0, 0, 0, 71040.00, 'เบิกจ่ายเสร็จสิ้น'),
(547, '190.2.9/014', '119/59', '2016-02-18', 53, 0, 0, 'ขออนุมัติปฏิบัติงานนอกเวลาราชการ', '', 13, 0, 0, 0, 360.00, 'เบิกจ่ายเสร็จสิ้น'),
(548, '190.1.1/010', '120/59', '2016-02-19', 53, 0, 0, 'ขออนุมัติใช้เงินพร้อมเบิกจ่ายค่าอาหาร (ตามคำสั่ง 1432/54 )', '', 13, 0, 0, 0, 2245.00, 'เบิกจ่ายเสร็จสิ้น'),
(549, '190.1.2/021', '121/59', '2016-02-19', 53, 0, 0, 'ขออนุมัติใช้เงินค่าตอบแทน กรรมการประจำคณะ 2/59', '', 13, 0, 0, 0, 3125.00, 'เบิกจ่ายเสร็จสิ้น'),
(550, '190.1.4/033', '122/59', '2016-02-24', 53, 0, 0, 'ขออนุมัติค่าใช้จ่ายการเดินทางไปฝึกอบรม (ตามคำสั่ง 1432/54ป', '', 13, 0, 0, 0, 10000.00, 'เบิกจ่ายเสร็จสิ้น'),
(551, '190.1.8/002', '123/59', '2016-02-29', 53, 0, 0, 'ขออนุมัิติใช้เงินค่าสนับสนุนบัตรชมการแสดงโขน (ตามคำสั่ง 1432/54)', '', 13, 0, 0, 0, 1800.00, 'เบิกจ่ายเสร็จสิ้น'),
(552, '190.1.4/038', '124/59', '2016-02-25', 53, 0, 0, 'ขออนุมัติเบิกจ่ายค่าธรรมเนียมจอดรถยนต์ (ตามคำสั่ง 1432/54)', '', 13, 0, 0, 0, 1000.00, 'เบิกจ่ายเสร็จสิ้น'),
(553, '190.2.3/012', '125/59', '2016-02-19', 53, 0, 0, 'ขออนุมัติจัดโครงการเสริมสร้างคุณธรรม จริยธรรม บัณฑิตแพทย์แผนไทยไทยไม่โกง', '', 13, 49, 54, 242, 12000.00, 'เบิกจ่ายเสร็จสิ้น'),
(554, '190.2.9/015', '126/59', '2016-02-01', 53, 0, 0, 'ขออนุมัติปฏิบัติงานนอเวลาราชการ', '', 13, 48, 52, 223, 3060.00, 'เบิกจ่ายเสร็จสิ้น'),
(555, '190.2.9/001', '127/59', '2016-02-05', 53, 0, 0, 'ขออนุมัติปฏิบัติงานนอเวลาราชการ', '', 13, 48, 52, 223, 2580.00, 'เบิกจ่ายเสร็จสิ้น'),
(556, '190.2.9/003', '128/59', '2016-02-05', 53, 0, 0, 'ขออนุมัติค่าตอบแทนผู้ป่วยจำลอง', '', 13, 48, 52, 225, 2400.00, 'เบิกจ่ายเสร็จสิ้น'),
(557, '190.2.9/005', '129/59', '2016-02-12', 53, 0, 0, 'ขออนุมัติค่าตรวจข้อสอบประมวลความรอบรู้ปีการศึกษา 2558', '', 13, 48, 52, 227, 1080.00, 'เบิกจ่ายเสร็จสิ้น'),
(558, '190.2.10/024', '130/59', '2016-02-18', 53, 0, 0, 'ขออนุมัติใช้เงินช่วยเหลือค่าอาหารบุคลากรในการเดินทางปฏิบัติงานนอกที่ตั้ง', '', 13, 48, 52, 223, 750.00, 'เบิกจ่ายเสร็จสิ้น'),
(559, '190.1.4/046', '131/59', '2016-03-05', 53, 0, 0, 'ขออนุมัติเบิกจ่ายค่าตอบแทน David John Leather   มี.ค. 59', '', 13, 0, 0, 0, 10000.00, 'เบิกจ่ายเสร็จสิ้น'),
(560, '190.1.4/045', '132/59', '2016-03-05', 53, 0, 0, 'ขออนุมัติเบิกจ่ายเงินค่าตอบแทนตำแหน่งผู้บริหาร เดือน มี.ค. 59', '', 13, 0, 0, 0, 20200.00, 'เบิกจ่ายเสร็จสิ้น'),
(561, '190.1.4/044', '133/59', '2016-03-05', 53, 0, 0, 'ขอเบิกเงินประจำตำแหน่งผู้บริหารของคณะการแพทย์แผนไทย', '', 13, 0, 0, 0, 10100.00, 'เบิกจ่ายเสร็จสิ้น'),
(562, '190.1.4/047', '134/59', '2016-03-05', 53, 0, 0, 'ขอเบิกจ่ายค่าจ้าง  มี.ค. 59', '', 13, 0, 0, 0, 300891.50, 'เบิกจ่ายเสร็จสิ้น'),
(563, '190.1.5/039', '135/59', '2016-03-01', 53, 0, 0, 'ขออนุมัติซื้อชุดเครื่องแบบปกติขาว นส.นงลักษณ์  กุลวรรัตต์', '', 13, 0, 0, 0, 2800.00, 'เบิกจ่ายเสร็จสิ้น'),
(564, '190.1.1/013', '136/59', '2016-03-08', 53, 0, 0, 'ขออนุมัติใช้เงินพร้อมเบิกจ่ายค่าอาหาร (ตามคำสั่ง 1432/54', '', 13, 0, 0, 0, 3725.00, 'เบิกจ่ายเสร็จสิ้น'),
(565, '190.1.2/ว 027', '137/59', '2016-03-01', 53, 0, 0, 'ขออนุมัติใช้เงินพร้อมเบิกจ่ายค่าธรรมเนียมการโอนเงิน', '', 13, 0, 0, 0, 94.00, 'เบิกจ่ายเสร็จสิ้น'),
(566, '190.1.4/034', '138/59', '2016-03-01', 53, 0, 0, 'ขออนุมัติใช้เงินพร้อมเบิกจ่ายค่าโทรศัพท์ ม.ค. 59', '', 13, 0, 0, 0, 512.75, 'เบิกจ่ายเสร็จสิ้น'),
(567, '190.1.4/035', '139/59', '2016-03-01', 53, 0, 0, 'ขออนุมัติใช้เงินพร้อมเบิกจ่ายคำบำรุงเลขหมายโทรศัพท์ งวดที่ 1/59', '', 13, 0, 0, 0, 2280.00, 'เบิกจ่ายเสร็จสิ้น'),
(568, '190.1.4/058', '140/59', '2016-03-11', 53, 0, 0, 'ขออนุมัติใช้เงินพร้อมเบิกจ่ายค่าโทรศัพท์ เดือน ก.พ. 59', '', 13, 0, 0, 0, 470.48, 'เบิกจ่ายเสร็จสิ้น'),
(569, '190.1.5/138', '141/59', '2016-03-10', 53, 0, 0, 'ขออนุมัติซื้อวัสดุ พวงหรีด (ตามคำสั่ง1432/54)', '', 13, 0, 0, 0, 1000.00, 'เบิกจ่ายเสร็จสิ้น'),
(570, '190.1.5/041.1', '142/59', '2016-03-08', 53, 0, 0, 'ขออนุมัติซื้อชุดเครื่องแบบปกติขาว นางจุฑารัตน์  ศรีมณี', '', 13, 0, 0, 0, 1500.00, 'เบิกจ่ายเสร็จสิ้น'),
(571, '190.1.4/024.1', '143/59', '2016-03-08', 53, 0, 0, 'ขออนุมัติปฏิบัติงานนอกเวลาราชการ', '', 13, 0, 0, 0, 600.00, 'เบิกจ่ายเสร็จสิ้น'),
(572, '190.1.4/032', '143/59', '2016-03-16', 53, 0, 0, 'ขออนุมัติปฏิบัติงานนอกเวลาราชการ', '', 13, 0, 0, 0, 2880.00, 'เบิกจ่ายเสร็จสิ้น'),
(573, '190.1.2/038', '144/59', '2016-03-16', 53, 0, 0, 'ขออนุมัติเงินค่าสมัครเข้าร่วมการแข่งขัน วิทยา ม.อ. เดิน วิ่ง', '', 13, 0, 0, 0, 1750.00, 'เบิกจ่ายเสร็จสิ้น'),
(575, '190.3/016', '145/59', '2016-03-22', 53, 0, 0, 'ขอเบิกจ่ายค่าจ้างผู้ช่วยแพทย์ เดือน มี.ค. 59', '', 13, 0, 0, 0, 79980.00, 'เบิกจ่ายเสร็จสิ้น'),
(576, '190.1.1/014', '146/59', '2016-03-21', 53, 0, 0, 'ขออนุมัติใช้เงินพร้อมเบิกจ่ายค่าอาหาร (ตามคำสั่ง 1432/54', '', 13, 0, 0, 0, 2515.00, 'เบิกจ่ายเสร็จสิ้น'),
(577, '190.1.5/061', '147/59', '2016-03-28', 53, 0, 0, 'ขออนุมัติซื้อชุดเครื่องแบบปกติขาว แก่บุคลากรคณะฯ', '', 13, 0, 0, 0, 44000.00, 'เบิกจ่ายเสร็จสิ้น'),
(578, '190.2.3/017', '148/59', '2016-03-07', 53, 0, 0, 'ขออนุมัติจัดโครงการเลือกตั้งคณะกรรมการบริหารสโมสรนักศึกษาคณะการแพทย์แผนไทย 2559', '', 13, 49, 54, 242, 1000.00, 'เบิกจ่ายเสร็จสิ้น'),
(579, '190.1.1/012', '149/59', '2016-03-07', 53, 0, 0, 'ขออนุมัติเงินเพื่อสนับสนุนการจัดการแข่งขันโบลิ่ง คำสั่ง 1432/54', '', 13, 47, 50, 218, 1000.00, 'เบิกจ่ายเสร็จสิ้น'),
(580, '190.2.3/020', '150/59', '2016-03-11', 53, 0, 0, 'ขออนุมัติโครงการกีฬาหม้อยาสานสัมพันธ์', '', 13, 49, 54, 242, 3000.00, 'เบิกจ่ายเสร็จสิ้น'),
(581, '190.2.3/021', '151/59', '2016-03-11', 53, 0, 0, 'ขออนุมัติจัดโครงการกีฬาศรีตรังเกมส์', '', 13, 49, 54, 242, 10000.00, 'เบิกจ่ายเสร็จสิ้น'),
(582, '190.2.3/019', '152/59', '2016-03-11', 53, 0, 0, 'ขออนุมัติจัดโครงการสายสัมพันธ์ครูกับศิษย์การแพทย์แผนไทย 2/58', '', 13, 49, 54, 242, 14000.00, 'เบิกจ่ายเสร็จสิ้น'),
(583, '190.1.2/037', '153/59', '2016-03-15', 53, 0, 0, 'ขออนุมัติจัดดครงการ 5 ส.', '', 13, 47, 50, 208, 2970.00, 'เบิกจ่ายเสร็จสิ้น'),
(584, '190.2.3/024', '154/59', '2016-03-17', 53, 0, 0, 'ขออนุมัติจัดโครงการรับกาวน์แพทย์แผนไทย รุ่นที่10', '', 13, 49, 54, 242, 40200.00, 'เบิกจ่ายเสร็จสิ้น'),
(585, '190.2.9/009', '155/59', '2016-04-22', 53, 0, 0, 'ขออนุมัติปฏิบัติงานนอกเวลาราชการ', '', 13, 48, 52, 223, 1020.00, 'เบิกจ่ายเสร็จสิ้น'),
(586, '190.2.3/026', '156/59', '2016-04-01', 53, 0, 0, 'ขออนุมัติให้นักศึกษาเดินทางเพื่อเข้าร่วมการประชุม', '', 13, 49, 54, 242, 10000.00, 'เบิกจ่ายเสร็จสิ้น'),
(587, '190.1.2/059', '157/59', '2016-04-26', 53, 0, 0, 'ขออนุมัติเงินเพื่อร่วมทูลเกล้าฯถวายเงินสมทบทุนโครงการเยาวชนรางวัลสมเด็จเจ้าฝ้ามหิดล', '', 13, 47, 50, 218, 10000.00, 'เบิกจ่ายเสร็จสิ้น'),
(588, '190.1.1/020', '158/59', '2016-04-20', 53, 0, 0, 'ขอเบิกงเินสวัสดิการเกี่ยวกับการรักษาพยาบาลจากเงินรายได้', '', 13, 47, 50, 205, 310.00, 'เบิกจ่ายเสร็จสิ้น'),
(589, '190.2.5/007', '159/59', '2016-04-20', 53, 0, 0, 'ขอเบิกเงินสวัสดิการเกี่ยวกับการรักษาพยาบาลจากเงินรายได้', '', 13, 47, 50, 205, 310.00, 'เบิกจ่ายเสร็จสิ้น'),
(590, '190.2.1/11', '160/59', '2016-04-18', 53, 0, 0, 'ขออนุมัิติใช้เงินเป้นค่าตอบแทนผู้ทรงคุณวุฒิพิจารณาหลักสูตรฯ', '', 13, 48, 52, 241, 2000.00, 'เบิกจ่ายเสร็จสิ้น'),
(591, '190.1.2/056', '161/59', '2016-04-22', 53, 0, 0, 'ขออนุมัิติใช้เงินค่าตอบแทนคณะกรรมการประจำคณะฯ ครั้งที่ 5/2559', '', 13, 47, 50, 192, 4125.00, 'เบิกจ่ายเสร็จสิ้น'),
(592, '190.1.2/055', '162/59', '2016-04-21', 53, 0, 0, 'ขออนุมัติเบิกเงินเพื่อจัดทำประกันภัยอุบัติเหตุส่วนบุคคล', '', 13, 47, 50, 205, 4300.00, 'เบิกจ่ายเสร็จสิ้น'),
(593, '190.1.2/057', '163/59', '2016-04-25', 53, 0, 0, 'ขออนุมัติเงินร่วมทำบุญงานพระราชทานเพลิงศพฯ', '', 13, 47, 50, 218, 1000.00, 'เบิกจ่ายเสร็จสิ้น'),
(594, '190.1.1/021', '164/59', '2016-04-26', 53, 0, 0, 'ขออนุมัติใช้เงินพร้อมเบิกจ่ายค่าอาหาร (ตามคำสั่ง 1432/54 )', '', 13, 47, 50, 199, 2805.00, 'เบิกจ่ายเสร็จสิ้น'),
(595, '190.1.2/050', '165/59', '2016-04-04', 53, 0, 0, 'ขออนุมัติค่าตอบแทนคณะกรรกมารประจำคณะฯ 4/2559', '', 13, 47, 50, 192, 4125.00, 'เบิกจ่ายเสร็จสิ้น'),
(596, '190.2.3/030', '166/59', '2016-04-07', 53, 0, 0, 'ขออนุมัติโครงการสืบสานประเพณีสงกรานต์ 2559', '', 13, 52, 55, 252, 6500.00, 'เบิกจ่ายเสร็จสิ้น'),
(597, '190.2.10/034', '167/59', '2016-04-20', 53, 0, 0, 'ขออนุมัติใช้เงินค่าตรวจข้อสอบปลายภาค 2/58', '', 13, 48, 52, 227, 2880.00, 'เบิกจ่ายเสร็จสิ้น'),
(599, '190.2.3/034', '169/59', '2016-04-12', 53, 0, 0, 'ขออนุมัติจัดดครงการปัจฉิมนิเทศนักศึกษา รุ่นที่ 8', '', 13, 49, 54, 242, 12500.00, 'เบิกจ่ายเสร็จสิ้น'),
(600, '190.2.3/037', '170/59', '2016-04-18', 53, 0, 0, 'ขอนุมัติโครงการสัมมนาสโมสรนักสึกษาการแพทย์แผนไทย', '', 13, 49, 54, 242, 2000.00, 'เบิกจ่ายเสร็จสิ้น'),
(601, '190.1.4/063', '171/59', '2016-04-01', 53, 0, 0, 'ขออนุมัติเบิกจ่ายเงินค่าตอบแทนตำแหน่งผู้บริหาร เม.ย. 59', '', 13, 0, 0, 0, 20200.00, 'เบิกจ่ายเสร็จสิ้น'),
(602, '190.1.4/062', '172/59', '2016-04-01', 53, 0, 0, 'ขออนุมัติเบิกจ่ายค่าตอบแทน David John Leather  เม.ย. 59', '', 13, 0, 0, 0, 10000.00, 'เบิกจ่ายเสร็จสิ้น'),
(603, '190.1.4/064', '173/59', '2016-04-01', 53, 0, 0, 'ขอเบิกเงินประจำตำแหน่งผุ้บริหารของคณะการแพทย์แผนไทย เม.ย. 59', '', 13, 0, 0, 0, 10100.00, 'เบิกจ่ายเสร็จสิ้น'),
(604, '190.1.4/066', '174/59', '2016-04-04', 53, 0, 0, 'ขอเบิกจ่ายเงินรายได้คณะการแพทยืแผนไทย ปีงบประมาณ 2559', '', 13, 0, 0, 0, 309131.90, 'เบิกจ่ายเสร็จสิ้น'),
(605, '190.1.4/070', '175/59', '2016-04-18', 53, 0, 0, 'ขออนุมัติใช้เงินพร้อมเบิกจ่ายค่าโทรศัพท์ มี.ค. 59', '', 13, 47, 50, 0, 640.31, 'เบิกจ่ายเสร็จสิ้น'),
(606, '190.2.3/027', '176/59', '2016-04-01', 53, 0, 0, '', '', 13, 0, 0, 0, 12075.00, 'เบิกจ่ายเสร็จสิ้น'),
(607, '190.2.3/028', '177/59', '2016-04-01', 53, 0, 0, '', '', 13, 0, 0, 0, 4215.00, 'เบิกจ่ายเสร็จสิ้น'),
(608, '190.1.1/017', '178/59', '2016-04-08', 53, 0, 0, '', '', 13, 0, 0, 0, 2405.00, 'เบิกจ่ายเสร็จสิ้น'),
(609, '193/023', '179/59', '2016-05-02', 53, 0, 0, '', '', 13, 0, 0, 0, 12000.00, 'เบิกจ่ายเสร็จสิ้น'),
(610, '190.1.5/038', '180/59', '2016-04-18', 53, 0, 0, 'ขออนุมัติซื้อชุดเครื่องแบบปกติขาว นางกิตติวรรณ  วรรณพฤกษ์', '', 13, 0, 0, 0, 1500.00, 'เบิกจ่ายเสร็จสิ้น'),
(611, '190.2.6/001', '181/59', '2016-04-21', 53, 0, 0, 'ขอเบิกจ่ายโครงการ ประชุมวิชาการระดับชาติการแพทย์แผนไทยครั้งที่ 1', '', 13, 51, 57, 251, 55544.75, 'เบิกจ่ายเสร็จสิ้น'),
(612, '190.1.2/036', '182/59', '2016-04-22', 53, 0, 0, 'ขออนุมัติค่าตอบแทนคณะกรรกมารประจำคณะฯ 3/2559', '', 13, 0, 0, 0, 4125.00, 'เบิกจ่ายเสร็จสิ้น'),
(613, '1490.3/043', '184/59', '2016-04-22', 53, 0, 0, 'ขอเบิกจ่ายเงินรายได้คณะการแพทย์แผนไทย 2559 ', '', 13, 0, 0, 0, 75900.00, 'เบิกจ่ายเสร็จสิ้น'),
(614, '190.1.4/076', '185/59', '2016-05-03', 53, 0, 0, 'ขออนุมัติพร้อมเบิกจ่ายค่าธรรมเนียมการโอนเงิน', '', 13, 48, 52, 228, 80.00, 'เบิกจ่ายเสร็จสิ้น'),
(615, '190.3/049', '186/59', '2016-05-03', 53, 0, 0, 'ขออนุมัติค่าใช้จ่ายโครงการทำบุญถวายสังฆทานฯ', '', 13, 53, 56, 256, 10000.00, 'เบิกจ่ายเสร็จสิ้น'),
(616, '190.2.3/047', '187/59', '2016-05-10', 53, 0, 0, 'ขออนุมัติจัดโครงการเตรียมความพร้อมเพื่อการสอบขึ้นทะเบียนผู้ประกอบโรคศิลปะ', '', 13, 49, 54, 242, 8000.00, 'เบิกจ่ายเสร็จสิ้น'),
(617, '190.1.4/074', '188/59', '2016-05-02', 53, 0, 0, 'ขออนุมัติเบิกจ่ายเงินค่าตอบแทนตำแหน่งผู้บริหาร เดือน พ.ค. 59', '', 13, 47, 50, 190, 20200.00, 'เบิกจ่ายเสร็จสิ้น'),
(618, '190.1.4/073', '189/59', '2016-05-02', 53, 0, 0, 'ขออนุมัติเงินจ่ายค่าตอบแทน', '', 13, 47, 50, 196, 10000.00, 'เบิกจ่ายเสร็จสิ้น'),
(619, '190.1.4/075', '190/59', '2016-05-02', 53, 0, 0, 'ขอเบิกเงินประจำตำแหน่งผู้บริหารของคณะการแพทย์แผนไทย', '', 13, 47, 50, 189, 10100.00, 'เบิกจ่ายเสร็จสิ้น'),
(620, '190.1.4/072', '191/59', '2016-05-02', 53, 0, 0, 'ขอเบิกจ่ายเงินรายได้คณะการแพทย์แผนไทย พ.ค. 59', '', 13, 0, 0, 0, 309131.90, 'เบิกจ่ายเสร็จสิ้น'),
(621, '190.1.1/022', '192/59', '2016-05-11', 53, 0, 0, 'ขออนุมัติใช้เงินพร้อมเบิกจ่ายค่าอาหาร (ตามคำสั่ง 1432/54', '', 13, 0, 0, 0, 2520.00, 'เบิกจ่ายเสร็จสิ้น'),
(622, '190.2.3/043', '193/59', '2016-05-03', 53, 0, 0, '', '', 13, 0, 0, 0, 2925.00, 'เบิกจ่ายเสร็จสิ้น'),
(623, '190.2.3/044', '194/59', '2016-05-03', 53, 0, 0, 'ขออนุุมัติใช้เงินพร้อมเบิกจ่ายทุนการศึกษาช่วยเหลือนักศึกษาแลกเปลี่ยน', '', 13, 0, 0, 0, 4575.00, 'เบิกจ่ายเสร็จสิ้น'),
(624, '190.2.5/005', '195/59', '2016-05-26', 53, 0, 0, 'ขออนุมัติค่าใช้จ่ายโครงการ ASEAN Learning Journey', '', 13, 0, 0, 0, 25300.00, 'เบิกจ่ายเสร็จสิ้น'),
(625, '190.3/077', '196/59', '2016-05-23', 53, 0, 0, 'ขอบิกจ่ายค่าจ้างบุคคลภายนอกเป็นผู้ช่วยแพทย์แผนไทย  พ.ค. 59', '', 13, 0, 0, 0, 80520.00, 'เบิกจ่ายเสร็จสิ้น'),
(626, '190.1.4/079', '197/59', '2016-05-25', 53, 0, 0, 'ขออนุมัติใช้เงินพร้อมเบิกจ่ายค่าโทรศัพท์ เดือน เม.ย. 59', '', 13, 0, 0, 0, 578.23, 'เบิกจ่ายเสร็จสิ้น'),
(627, '190.1.1/025', '198/59', '2016-05-18', 53, 0, 0, 'ขออนุมัติใช้เงินพร้อมเบิกจ่ายค่าอาหาร (ตามคำสั่ง 1432/54', '', 13, 0, 0, 0, 3150.00, 'เบิกจ่ายเสร็จสิ้น'),
(628, '190.1.5/266', '199/59', '2016-05-18', 53, 0, 0, 'ขออนุมัติซื้อวัสดุ', '', 13, 0, 0, 0, 1000.00, 'เบิกจ่ายเสร็จสิ้น'),
(629, '190.1.4/083', '200/59', '2016-06-01', 53, 0, 0, 'ขอเบิกเงินประจำตำแหน่งผู้บริหาร', '', 13, 0, 0, 0, 10100.00, 'เบิกจ่ายเสร็จสิ้น'),
(630, '190.1.4/084', '201/59', '2016-06-01', 53, 0, 0, 'ขออนุมัติเบิกค่าตอบแทนตำแหน่งผู้บริหาร  มิ.ย. 59', '', 13, 47, 50, 190, 20200.00, 'เบิกจ่ายเสร็จสิ้น'),
(631, '190.1.4/081', '202/59', '2016-06-01', 53, 0, 0, 'ขออนุมัติเบิกค่าตอบแทนอาจารย์ชาวต่างชาติ', '', 13, 47, 50, 196, 10000.00, 'เบิกจ่ายเสร็จสิ้น'),
(632, '190.1.4/082', '203/59', '2016-06-01', 53, 0, 0, 'ขอเบิกจ่ายค่าจ้างเงินรายได้คณะฯ เดือน มิ.ย. 59', '', 13, 0, 0, 0, 309131.90, 'เบิกจ่ายเสร็จสิ้น'),
(633, '190.1.2/077', '204/59', '2016-06-01', 53, 0, 0, 'ค่าตอบแทนคณะกรรมการประจำคณะฯ  6/2559', '', 13, 47, 50, 192, 4125.00, 'เบิกจ่ายเสร็จสิ้น'),
(634, '190.1.1/029', '205/59', '2016-06-10', 53, 0, 0, 'ค่าอาหาร', '', 13, 47, 50, 199, 14375.00, 'เบิกจ่ายเสร็จสิ้น'),
(635, '190.2.10/041', '206/59', '2016-06-09', 53, 0, 0, 'ค่าสอนพิเศษ', '', 13, 48, 52, 222, 5000.00, 'เบิกจ่ายเสร็จสิ้น'),
(636, '190.2.10/042', '207/59', '2016-06-09', 53, 0, 0, 'ค่าสอนพิเศษ', '', 13, 48, 52, 222, 800.00, 'เบิกจ่ายเสร็จสิ้น'),
(637, '190.2.10/043', '208/59', '2016-06-09', 53, 0, 0, 'ค่าสอนพิเศษ', '', 13, 48, 52, 222, 1000.00, 'เบิกจ่ายเสร็จสิ้น'),
(638, '190.2.10/048', '209/59', '2016-06-10', 53, 0, 0, 'ค่าสอนพิเศษ', '', 13, 48, 52, 222, 3200.00, 'เบิกจ่ายเสร็จสิ้น'),
(639, '190.3/195', '210/59', '2016-06-09', 53, 0, 0, 'ค่าเดินทางไปราชการ นายคมจักร  แก้วน้อย  17-20 ส.ค. 59', '', 13, 47, 51, 221, 9404.00, 'เบิกจ่ายเสร็จสิ้น'),
(640, '190.2.10/049', '211/59', '2016-06-13', 53, 0, 0, 'ค่าสอนพิเศษ', '', 13, 48, 52, 222, 4000.00, 'เบิกจ่ายเสร็จสิ้น'),
(641, '190.2.10/046', '212/59', '2016-06-09', 53, 0, 0, 'ขออนุมัติใช้เงินค่าเช่าห้องเรียน 3/58', '', 13, 48, 52, 229, 3600.00, 'เบิกจ่ายเสร็จสิ้น'),
(642, '190.2.10/045', '213/59', '2016-06-09', 53, 0, 0, 'ค่าตรวจข้อสอบ 3/58', '', 13, 48, 52, 227, 442.00, 'เบิกจ่ายเสร็จสิ้น'),
(643, '190.2.10/050', '214/59', '2016-06-15', 53, 0, 0, 'ค่าสอนพิเศษ', '', 13, 48, 52, 222, 4800.00, 'เบิกจ่ายเสร็จสิ้น'),
(644, '193/050', '215/59', '2016-06-06', 53, 0, 0, 'ค่าเดินทาง น.ส. สิริพร จารุกิตติ์สกุล  22-29 ส.ค. 59', '', 13, 49, 53, 247, 12000.00, 'เบิกจ่ายเสร็จสิ้น'),
(645, '190.3/109', '216/59', '2016-06-15', 53, 0, 0, 'ค่าเดินทาง น.ส. สลิลทิพย์   ฟุ้งธรรมสาร   30 ส.ค. - 2 ก.ย. 59', '', 13, 47, 51, 221, 7567.00, 'เบิกจ่ายเสร็จสิ้น'),
(646, '190.2.10/051', '217/59', '2016-06-22', 53, 0, 0, 'ค่าสอนพิเศษ', '', 13, 48, 52, 222, 1400.00, 'เบิกจ่ายเสร็จสิ้น'),
(647, '190.1.2/090', '218/59', '2016-06-24', 53, 0, 0, 'โครงการ 5 ส Big Cleanning Day', '', 13, 47, 50, 208, 2970.00, 'เบิกจ่ายเสร็จสิ้น'),
(648, '190.1.2/097', '219/59', '2016-06-30', 53, 0, 0, 'ค่าตอบแทนคณะกรรมการประจำคณะฯ  7/2559', '', 13, 47, 50, 192, 0.00, 'เบิกจ่ายเสร็จสิ้น'),
(649, '190.1.2/098', '220/59', '2016-06-30', 53, 0, 0, 'ค่าตอบแทนคณะกรรมการประจำคณะฯ  8/2559', '', 13, 47, 50, 192, 4125.00, 'เบิกจ่ายเสร็จสิ้น'),
(650, '190.1.2/099', '221/59', '2016-06-30', 53, 0, 0, 'ค่าตอบแทนคณะกรรมการประจำคณะฯ  9/2559', '', 13, 47, 50, 192, 4125.00, 'เบิกจ่ายเสร็จสิ้น'),
(651, '190.1.2/100', '222/59', '2016-06-30', 53, 0, 0, 'สมทบกองทุน พิเศษ 100 ปีสมเด็จพระบรมราชชนก', '', 13, 47, 50, 218, 1000.00, 'เบิกจ่ายเสร็จสิ้น'),
(652, '190.1.2/101', '223/59', '2016-06-30', 53, 0, 0, 'เงินรางวัล แก่บุคคลากร', '', 13, 47, 50, 207, 500.00, 'เบิกจ่ายเสร็จสิ้น'),
(653, '190.1.2/102', '224/59', '2016-06-30', 53, 0, 0, 'เงินรางวัลบุคลากรดีเด่น ปี 2559', '', 13, 47, 50, 207, 4000.00, 'เบิกจ่ายเสร็จสิ้น'),
(654, '193/067', '225/59', '2016-06-30', 53, 0, 0, 'ค่าเดินทาง น.ส.สิริพร  จารุกิตติ์สกุล 4-6 ก.ค. 59', '', 13, 49, 53, 247, 794.00, 'เบิกจ่ายเสร็จสิ้น'),
(655, '193/068', '226/59', '2016-06-30', 53, 0, 0, 'ค่าเดินทาง น.ส.ฐาปนีย์  เขียวจีน  4-6 กค 59', '', 13, 49, 53, 247, 794.00, 'เบิกจ่ายเสร็จสิ้น'),
(656, '190.3/118', '227/59', '2016-06-30', 53, 0, 0, 'ค่าเดินทาง สุพรรณิกา  4-6 ก.ค. 59', '', 13, 47, 51, 221, 1764.00, 'เบิกจ่ายเสร็จสิ้น'),
(657, '190.1.5/381', '228/59', '2016-06-28', 53, 0, 0, 'ค่าพวงหรีด', '', 13, 47, 50, 211, 1000.00, 'เบิกจ่ายเสร็จสิ้น'),
(658, '190.2.2/037', '229/59', '2016-06-29', 53, 0, 0, 'โครงการเตรียมความพร้อมปฐมนิเทศระดับบัณฑิตศึกษา 2559', '', 13, 49, 54, 246, 1850.00, 'เบิกจ่ายเสร็จสิ้น');
INSERT INTO `trn_approve` (`id`, `doc_number`, `file_number`, `doc_date`, `faculty_code`, `department_id`, `division_id`, `subject`, `detail`, `budget_main_id`, `mgt_plans_id`, `mgt_product_id`, `mgt_costs_id`, `amount`, `status`) VALUES
(659, '190.1.1/035', '230/59', '2016-06-28', 53, 0, 0, 'ค่าอาหาร ตามคำสั่ง 1432/54', '', 13, 47, 50, 199, 3025.00, 'เบิกจ่ายเสร็จสิ้น'),
(660, '190.2.10/053', '231/59', '2016-06-28', 53, 0, 0, 'ค่าตอบแทนภาคฤดูร้อน 3/58', '', 13, 48, 52, 222, 12600.00, 'เบิกจ่ายเสร็จสิ้น'),
(661, '190.1.4/089', '232/59', '2016-06-21', 53, 0, 0, '', '', 13, 0, 0, 0, 524.19, 'เบิกจ่ายเสร็จสิ้น'),
(662, '190.1.2/080', '233/59', '2016-06-06', 53, 0, 0, 'ค่าธรรมเนียมหนังสือเดินทาง', '', 13, 0, 0, 0, 1000.00, 'เบิกจ่ายเสร็จสิ้น'),
(663, '190.1.1/027', '234/59', '2016-06-07', 53, 0, 0, 'ค่าอาหาร ตามคำสั่ง 1432/54', '', 13, 0, 0, 0, 2045.00, 'เบิกจ่ายเสร็จสิ้น'),
(664, '190.1.1/030', '235/59', '2016-06-13', 53, 0, 0, '', '', 13, 0, 0, 0, 2555.00, 'เบิกจ่ายเสร็จสิ้น'),
(665, '190.3/113', '236/59', '2016-06-23', 53, 0, 0, 'ขอเบิกค่าจ้างผุ้ช่วยแพทย์แผนไทย มิ.ย. 59', '', 13, 0, 0, 0, 85560.00, 'เบิกจ่ายเสร็จสิ้น'),
(666, '193/056', '237/59', '2016-06-09', 53, 0, 0, 'เบิกบรรณาสารสงเคราะห์ อ. ฐาปนีย์', '', 13, 0, 0, 0, 300.00, 'เบิกจ่ายเสร็จสิ้น'),
(667, '193/052', '238/59', '2016-06-09', 53, 0, 0, 'ค่าบรรณาสารฯ  กชกร  สุขจันทร์', '', 13, 0, 0, 0, 300.00, 'เบิกจ่ายเสร็จสิ้น'),
(668, '193/053', '239/59', '2016-06-09', 53, 0, 0, 'ค่าบรรณาสารฯ  กชกร  มิสิกพงษ์', '', 13, 0, 0, 0, 300.00, 'เบิกจ่ายเสร็จสิ้น'),
(669, '193/055', '240/59', '2016-06-09', 53, 0, 0, 'ค่าบรรณาสารฯ สิริพร  จารุกิตติ์สกุล', '', 13, 0, 0, 0, 300.00, 'เบิกจ่ายเสร็จสิ้น'),
(670, '193/059', '241/59', '2016-06-10', 53, 0, 0, 'ค่าบรรณาสาร สุพรรณิกา', '', 13, 0, 0, 0, 300.00, 'เบิกจ่ายเสร็จสิ้น'),
(671, '190.1.5/214', '242/59', '2016-06-10', 53, 0, 0, 'ซื้้อกระดาษคำตอบ  คำสั่ง 1432/54', '', 13, 0, 0, 0, 2000.00, 'เบิกจ่ายเสร็จสิ้น'),
(672, '190.1.1/028', '243/59', '2016-06-07', 53, 0, 0, 'ค่าสนับสนุนกิจกรรมห่อเทียนพรรษา', '', 13, 0, 0, 0, 2000.00, 'เบิกจ่ายเสร็จสิ้น'),
(673, '190.1.1/031', '244/59', '2016-06-23', 53, 0, 0, 'เบิกค่าอาหาร ', '', 13, 0, 0, 0, 2690.00, 'เบิกจ่ายเสร็จสิ้น'),
(674, '190.1.2/083', '245/59', '2016-06-15', 53, 0, 0, 'ขอเบิกค่าหนังสือเดินทาง ', '', 13, 0, 0, 0, 40.00, 'เบิกจ่ายเสร็จสิ้น'),
(675, '190.3/121', '246/59', '2016-07-07', 53, 0, 0, 'เดินทางนายคมจักร  15-17 ก.ค. 59', '', 13, 47, 51, 221, 1256.00, 'เบิกจ่ายเสร็จสิ้น'),
(676, '190.3/119', '247/59', '2016-07-07', 53, 0, 0, 'ค่าเดินทางสลิลทิพย์  11-13 ก.ค. 59', '', 13, 47, 51, 221, 6970.00, 'เบิกจ่ายเสร็จสิ้น'),
(677, '190.3/133', '248/59', '2016-07-21', 53, 0, 0, 'ขออนุมัติเดินทาง นางสาวสุพรรณิกา ใจสมัน  29 ก.ค. - 1 ส.ค. 59', '', 13, 47, 51, 221, 6050.00, 'เบิกจ่ายเสร็จสิ้น'),
(678, '190.1.1/041', '249/59', '2016-07-26', 53, 0, 0, 'สนับสนุนการจัดงานแข่งเปตอง  มอ. ตรัง', '', 13, 47, 50, 218, 3000.00, 'เบิกจ่ายเสร็จสิ้น'),
(679, '193/076', '250/59', '2016-07-13', 53, 0, 0, 'ขออนุมัติเดินทาง นางสากชกร มุสิกพงษ์', '', 13, 49, 53, 247, 10154.00, 'เบิกจ่ายเสร็จสิ้น'),
(680, '193/080', '251/59', '2016-07-21', 53, 0, 0, 'ขออนุมัติต่ออายุใบอนุญาต Mr. David John  Leather', '', 13, 48, 52, 228, 5000.00, 'เบิกจ่ายเสร็จสิ้น'),
(681, '190.2.3/066', '252/59', '2016-07-13', 53, 0, 0, 'เตรียมความพร้อมพิธีพระราชทานปริญยาบัตร 25-30 ก.ย. 59', '', 13, 49, 54, 242, 17000.00, 'เบิกจ่ายเสร็จสิ้น'),
(682, '190.2.3/061', '253/59', '2016-07-08', 53, 0, 0, 'โครงการค่ายมหิดล 3 - 4 ก.ย. 59', '', 13, 49, 54, 242, 15000.00, 'เบิกจ่ายเสร็จสิ้น'),
(683, '190.2.3/062', '255/59', '2016-07-08', 53, 0, 0, 'โครงการปฐมนิเทศนักศึกษาใหม่ 11 ส.ค. 59', '', 13, 49, 54, 242, 14000.00, 'เบิกจ่ายเสร็จสิ้น'),
(684, '190.2.3/063', '254/59', '2016-07-08', 53, 0, 0, 'โครงการไหว้ครูการแพทย์แผนไทย  10 ก.ย. 59', '', 13, 52, 55, 252, 47300.00, 'เบิกจ่ายเสร็จสิ้น'),
(685, '190.2.3/065', '256/59', '2016-07-08', 53, 0, 0, 'โครงการไหว้ครูมหาวิทยาลัย 25 ส.ค. 59', '', 13, 52, 55, 252, 2700.00, 'เบิกจ่ายเสร็จสิ้น'),
(686, '190.2.3/064', '257/59', '2016-07-08', 53, 0, 0, 'โครงการโต้วาทีน้องใหม่  15-18 ก.ย. 59', '', 13, 49, 54, 242, 1000.00, 'เบิกจ่ายเสร็จสิ้น'),
(688, '190.3/134', '259/59', '2016-07-21', 53, 0, 0, 'ขออนุมัติเดินทาง  นางสาวสุพรรณิกา ใจสมัน   27-28 ก.ค. 59', '', 13, 47, 50, 197, 8410.00, 'เบิกจ่ายเสร็จสิ้น'),
(689, '190.3/131', '260/59', '2016-07-13', 53, 0, 0, 'ขออนุมัติเดินทาง นางสาวสุพรรณิกา ใจสมัน  16-17  กค. 59', '', 13, 47, 51, 221, 2670.00, 'เบิกจ่ายเสร็จสิ้น'),
(690, '190.1.4/095', '261/59', '2016-07-04', 53, 0, 0, 'ขอเบิกเงินประจำตำแหน่งผู้บริหาร', '', 13, 0, 0, 0, 10100.00, 'เบิกจ่ายเสร็จสิ้น'),
(691, '190.1.4/094', '262/59', '2016-07-04', 53, 0, 0, 'ขออนุมัติเบิกจ่ายค่าตอบแทน', '', 13, 0, 0, 0, 10000.00, 'เบิกจ่ายเสร็จสิ้น'),
(692, '190.1.4/093', '263/59', '2016-07-04', 53, 0, 0, 'ขออนุมัติเบิกค่าตอบแทนตำหน่งผู้บริหาร ก.ค. 59', '', 13, 0, 0, 0, 20200.00, 'เบิกจ่ายเสร็จสิ้น'),
(693, '190.1.4/096', '264/59', '2016-07-04', 53, 0, 0, 'ขอเบิกค่าจ้าง  ก.ค. 59', '', 13, 0, 0, 0, 309131.90, 'เบิกจ่ายเสร็จสิ้น'),
(694, '193/054', '265/59', '2016-07-01', 53, 0, 0, 'ขอเบิกงเนิสวัสดิการบรรณสารสงเคราะห์   อ.เกศริน  มณีนูน', '', 13, 0, 0, 0, 300.00, 'เบิกจ่ายเสร็จสิ้น'),
(695, '190.1.5/370', '266/59', '2016-07-04', 53, 0, 0, 'ขออนุมัติซืื้อวัสดุ', '', 13, 0, 0, 0, 1000.00, 'เบิกจ่ายเสร็จสิ้น'),
(696, '190.1.1/037', '267/59', '2016-07-04', 53, 0, 0, '', '', 13, 0, 0, 0, 2025.00, 'เบิกจ่ายเสร็จสิ้น'),
(697, '190.3/137', '268/59', '2016-07-25', 53, 0, 0, 'ขอเบิกค่าจ้างผุ้ช่วยแพทย์แผนไทย ก.ค.  59', '', 13, 0, 0, 0, 78960.00, 'เบิกจ่ายเสร็จสิ้น'),
(698, '190.1.1/038', '269/59', '2016-07-13', 53, 0, 0, 'ขออนุมัติใช้เงินพร้อมเบิกจ่ายค่าอาหาร ', '', 13, 0, 0, 0, 1970.00, 'เบิกจ่ายเสร็จสิ้น'),
(699, '190.2.6/038', '270/59', '2016-07-21', 53, 0, 0, 'ขออนุมัติเดินทาง นิเทศ (พนักงานขับรถ)', '', 13, 0, 0, 0, 2929.00, 'เบิกจ่ายเสร็จสิ้น'),
(700, '193/079', '271/59', '2016-07-14', 53, 0, 0, 'ขออนุมัติเบิกค่าใช้จ่ายในการเดินทางไปราชการ ณ ต่างประเทศ  รศ.ดร.ฉวีวรรณ  จั่นสกุล', '', 13, 0, 0, 0, 12000.00, 'เบิกจ่ายเสร็จสิ้น'),
(701, '190.2.2/053', '272/59', '2016-07-29', 53, 0, 0, 'ขออนุมัติเชิญอาจารย์พิเศษ 190-501', '', 13, 48, 52, 222, 5940.00, 'เบิกจ่ายเสร็จสิ้น'),
(702, '190/322', '273/59', '2016-07-01', 53, 0, 0, 'ขออนุมัติเดินทางไปสหรัฐเมริกา ของรศ.ดร.สนั่น  ศุภธีรสกุล', '', 13, 47, 50, 217, 11490.00, 'เบิกจ่ายเสร็จสิ้น'),
(703, '190.3/124', '274/59', '2016-07-04', 53, 0, 0, 'ขออนุมัติค่าวัสดุ', '', 13, 0, 0, 0, 2968.00, 'เบิกจ่ายเสร็จสิ้น'),
(704, '193/082', '275/59', '2016-08-04', 53, 0, 0, 'ขออนุมัติเดินทางไปราชกา สิริพร  จารุกิตติ์สกุล  29 ก.ค. -1 ส.ค. 59', '', 13, 49, 53, 247, 1200.00, 'เบิกจ่ายเสร็จสิ้น'),
(705, '193/076.1', '276/59', '2016-08-04', 53, 0, 0, 'ขออนุมัติเดินทางไปราชการ สิริพร  16-17 ก.ค. 59', '', 13, 49, 53, 247, 240.00, 'เบิกจ่ายเสร็จสิ้น'),
(706, '190.2.10/056', '277/59', '2016-08-04', 53, 0, 0, 'ขออนุมัติใช้เงินค่าน้ำมันเชื้อเพลิง ', '', 13, 48, 52, 234, 2800.00, 'เบิกจ่ายเสร็จสิ้น'),
(707, '190.2.1/29', '278/59', '2016-08-10', 53, 0, 0, 'ขออนุมัติใช้เงินเป็นค่าธรรมเนียมการรับรองหลักสูตรการแพทย์แผนไทยบัณฑิต หลักสูตรปรับปรุง พ.ศ. 2559', '', 13, 48, 52, 241, 20000.00, 'เบิกจ่ายเสร็จสิ้น'),
(708, '190/401', '279/59', '2016-08-22', 53, 0, 0, 'ขออนุมัติปฏิบัติงาน ของ อ.สนั่น  ศุภธีรสกุล', '', 13, 47, 50, 217, 11120.00, 'เบิกจ่ายเสร็จสิ้น'),
(709, '190.3/155', '280/59', '2016-08-18', 53, 0, 0, 'ขออนุมัติเดินทางปฏิบัติงาน  สุพรรณิกา  ', '', 13, 47, 51, 221, 3000.00, 'เบิกจ่ายเสร็จสิ้น'),
(710, '190.1.4/107', '281/59', '2016-08-02', 53, 0, 0, 'ขออนุมัติใช้เงินพร้อมเบิกค่าโทรศัพท์ มิ.ย. 59', '', 13, 0, 0, 0, 717.16, 'เบิกจ่ายเสร็จสิ้น'),
(711, '190.1.4/105', '282/59', '2016-08-02', 53, 0, 0, 'ขออนุมัติค่าตอบแทน David John Leather  ส.ค. 59', '', 13, 0, 0, 0, 10000.00, 'เบิกจ่ายเสร็จสิ้น'),
(712, '190.1.4/104', '283/59', '2016-08-02', 53, 0, 0, 'ขออนุมัติเบิกจ่ายเงินค่าตอบแทนผู้บริหาร ส.ค. 59', '', 13, 47, 50, 190, 20200.00, 'เบิกจ่ายเสร็จสิ้น'),
(713, '190.1.4/113', '284/59', '2016-08-17', 53, 0, 0, 'ขออนุมัติใช้เงินค่าโทรศัพท์  ก.ค. 59', '', 13, 47, 50, 0, 882.91, 'เบิกจ่ายเสร็จสิ้น'),
(714, '190.1.4/114', '285/59', '2016-08-17', 53, 0, 0, 'ขออนุมัติใช้เงินพร้อมเบิกจ่ายค่าบำรุงเลขหมายโทรศัพท์ 2/59', '', 13, 0, 0, 0, 2280.00, 'เบิกจ่ายเสร็จสิ้น'),
(715, '190.1.4/106', '286/59', '2016-08-02', 53, 0, 0, 'ขอเบิกจ่ายเงินดือน  ส.ค. 59', '', 13, 0, 0, 0, 314620.90, 'เบิกจ่ายเสร็จสิ้น'),
(716, '190.1.4/109', '287/59', '2016-08-03', 53, 0, 0, 'ขออนุมัติเบิกจ่ายค่าจ้างตกเบิกของพนักงานเงินรายได้คณะฯ', '', 13, 0, 0, 0, 49127.77, 'เบิกจ่ายเสร็จสิ้น'),
(717, '193/045', '288/59', '2016-08-01', 53, 0, 0, 'ขออนุมัติค่าสมัครสอบเรียนภาษาอังกฤษ กวิน กปิลกาญจน์', '', 13, 0, 0, 0, 11900.00, 'เบิกจ่ายเสร็จสิ้น'),
(718, '193/084', '289/59', '2016-08-01', 53, 0, 0, 'ขออนุมัติใช้เงินพร้อมเบิกจ่ายค่าลงทะเบียน กิ่งกาญจน์ ', '', 13, 0, 0, 0, 6500.00, 'เบิกจ่ายเสร็จสิ้น'),
(719, '190.1.1/042', '290/59', '2016-08-01', 53, 0, 0, 'ขออนุมัติใช้เงินพร้อมเบิกจ่ายค่าอาหาร ', '', 13, 0, 0, 0, 2940.00, 'เบิกจ่ายเสร็จสิ้น'),
(720, '190.1.5/543', '291/59', '2016-08-05', 53, 0, 0, 'ขออนุมัติซื้อ กระติกน้ำร้อน', '', 13, 0, 0, 0, 1875.00, 'เบิกจ่ายเสร็จสิ้น'),
(721, '190.2.7/004', '292/59', '2016-08-01', 53, 0, 0, 'ขออนุมัติปฏิบัติงานนอกเวลาราชการ ', '', 13, 48, 52, 223, 900.00, 'เบิกจ่ายเสร็จสิ้น'),
(722, '190.1.4/115', '293/59', '2016-08-22', 53, 0, 0, 'ขออนุมัติเบิกจ่ายค่าธรรมเนียมการโอนเงิน', '', 13, 0, 0, 0, 225.00, 'เบิกจ่ายเสร็จสิ้น'),
(723, '190.1.2/130', '294/59', '2016-08-22', 53, 0, 0, 'ขออนุมัติเบิกค่าใช้จ่ายเดินทางปฏิบัติงาน อ.สนั่น   ศุภธีรสกุล', '', 13, 0, 0, 0, 1700.00, 'เบิกจ่ายเสร็จสิ้น'),
(724, '190.1.4/103', '295/59', '2016-08-02', 53, 0, 0, 'ขอเบิกเงินประจำตำแหน่งผู้บริหารของคณะการแพทย์แผนไทย ส.ค. 59', '', 13, 0, 0, 0, 10100.00, 'เบิกจ่ายเสร็จสิ้น'),
(725, '190.1.4/108', '296/59', '2016-08-03', 53, 0, 0, 'ขออนุมัติใช้เงินพร้อมเบิกจ่ายเงินรายได้สะสมและเงินรายได้คณะฯเพื่อสมทบเข้ากองทุนวิจัยคณะฯ', '', 13, 50, 58, 248, 300000.00, 'เบิกจ่ายเสร็จสิ้น'),
(726, '190.1.4/117', '298/59', '2016-09-01', 53, 0, 0, 'ขออนุมัติเิบกจ่ายค่าตอบแทน David ก.ย 59', '', 13, 47, 50, 196, 10000.00, 'เบิกจ่ายเสร็จสิ้น'),
(727, '190.1.4/119', '299/59', '2016-09-01', 53, 0, 0, 'ขออนุมัติเบิก่ายเงินค่าตอบแทนตำแหน่งผู้บริหาร ก.ย. 59', '', 13, 47, 50, 190, 20200.00, 'เบิกจ่ายเสร็จสิ้น'),
(728, '190.1.4/118', '300/59', '2016-09-01', 53, 0, 0, 'ขอเบิกเงินประจำตำแหน่งผู้บริหารของคณะการแทพย์แผนไทย ก.ย. 59', '', 13, 0, 0, 0, 10100.00, 'เบิกจ่ายเสร็จสิ้น'),
(729, '190.1.4/120', '297/59', '2016-09-01', 53, 0, 0, 'ขอเบิกจ่ายค่าจ้าง ก.ย. 59', '', 13, 0, 0, 0, 314620.90, 'เบิกจ่ายเสร็จสิ้น'),
(730, '190.3/164', '301/59', '2016-09-01', 53, 0, 0, 'ขอเบิกจ่ายค่าจ้างบุคคลภายนอกผู้ช่วยแพทย์แผนไทย', '', 13, 0, 0, 0, 85920.00, 'เบิกจ่ายเสร็จสิ้น'),
(731, '190.3/080', '302/59', '2016-09-01', 53, 0, 0, 'ซื้อวัสดุ', '', 13, 0, 0, 0, 9790.50, 'เบิกจ่ายเสร็จสิ้น'),
(732, '190.3/045', '303/59', '2016-09-01', 53, 0, 0, 'ขออนุมัติซื้อวัสดุ', '', 13, 0, 0, 0, 282.00, 'เบิกจ่ายเสร็จสิ้น'),
(733, '190.3/158', '304/59', '2016-09-01', 53, 0, 0, 'ขอเบิกเงินสวัสดิการบรรณสารสงเคราะห์ ปี 59 นายคมจักร แก้วน้อย', '', 13, 0, 0, 0, 1050.00, 'เบิกจ่ายเสร็จสิ้น'),
(734, '190.1.4/116', '305/59', '2016-09-01', 53, 0, 0, 'ขออนุมัติใช้เงินพร้อมเบิกจ่ายค่าธรรมเนียมการโอนเงิน', '', 13, 0, 0, 0, 330.00, 'เบิกจ่ายเสร็จสิ้น'),
(735, '190.3/104', '306/59', '2016-09-01', 53, 0, 0, 'ขออนุมัติเดินทาง นายคมจักร แก้วน้อย  ', '', 13, 0, 0, 0, 9404.00, 'เบิกจ่ายเสร็จสิ้น'),
(736, '190.2.4/019', '307/59', '2016-09-01', 53, 0, 0, 'ขออนุมัติโครงการ ม.อ.วิชาการ ', '', 13, 51, 57, 251, 30000.00, 'เบิกจ่ายเสร็จสิ้น'),
(737, '190.2.5/019', '308/59', '2016-09-05', 53, 0, 0, 'ขออนุมัติค่าธรรมเนียมในการออกหนังสือรับรองฐานะการเงิน รศ.ดร.สนั่น  ศุภธีรสกุล', '', 13, 0, 0, 0, 100.00, 'เบิกจ่ายเสร็จสิ้น'),
(738, '190/432', '309/59', '2016-09-05', 53, 0, 0, 'ขออนุมัติเบิกจ่ายค่าใช้จ่ายในการเดินทางณ ต่างประเทศ รศ.ดร.สนั่น  ศุภธีรสกุล', '', 13, 0, 0, 0, 78400.00, 'เบิกจ่ายเสร็จสิ้น'),
(739, '190.1.5/610', '310/59', '2016-09-01', 53, 0, 0, 'ซื้อวัสดุ น้ำมันเชื้อเพลิง', '', 13, 0, 0, 0, 60.20, 'เบิกจ่ายเสร็จสิ้น'),
(740, '190.2.3/060', '311/59', '2016-09-01', 53, 0, 0, 'ขออนุมัติโครงการค่ายสานสัมพันธ์น้อง - พี่  2559', '', 13, 0, 0, 0, 30000.00, 'เบิกจ่ายเสร็จสิ้น'),
(741, '193/100', '312/59', '2016-09-09', 53, 0, 0, 'ขออนุมัติเบิกจ่ายค่าบรรณาสารสงเคราะห์ อ.จุฬา  วิริยะบุบผา', '', 13, 0, 0, 0, 1287.00, 'เบิกจ่ายเสร็จสิ้น'),
(742, '190/445', '313/59', '2016-09-09', 53, 0, 0, 'ขออนุมัติเดินทางไปปฏิบัติงาน รศ.ดร.สนั่น   ศุภธีรสกุล', '', 13, 47, 50, 197, 10390.00, 'เบิกจ่ายเสร็จสิ้น'),
(743, '190.2.9/017', '314/59', '2016-09-06', 53, 0, 0, 'ขออนุมัติปฏิบัติงานนอเวลาราชการ', '', 13, 48, 52, 223, 960.00, 'เบิกจ่ายเสร็จสิ้น'),
(744, '190.1.4/115.1', '315/59', '2016-09-19', 53, 0, 0, 'ขออนุมัติใช้เงินพร้อมเบิกจ่ายค่าธรรมเนียมการโอนเงิน', '', 13, 48, 52, 0, 579.00, 'เบิกจ่ายเสร็จสิ้น'),
(745, '193/103', '316/59', '2016-09-21', 53, 0, 0, 'ขอเบิกเงินสวัสดิการบรรณสารสงเคราะห์ ประจำปี 2559', '', 13, 0, 0, 0, 1000.00, 'เบิกจ่ายเสร็จสิ้น'),
(749, '190.1.1/050.1', '320/59', '2016-09-26', 53, 0, 0, 'ขออนุมัติใช้เงินพร้อมเบิกจ่ายค่าอาหาร', '', 13, 47, 50, 0, 2355.00, 'เบิกจ่ายเสร็จสิ้น'),
(751, '190.3/183', '321/59', '2016-09-22', 53, 0, 0, 'ขอเบิกจ่ายค่าจ้างบุคคลภายนอกเป็นผู้ช่วยแพทย์แผนไทย', '', 13, 53, 56, 0, 91620.00, 'เบิกจ่ายเสร็จสิ้น'),
(753, '190.1.1/051.1', '323/59', '2016-09-26', 53, 0, 0, 'ขออนุมัติใช้เงินพร้อมเบิกจ่ายค่าไปรษณีย์', '', 13, 47, 50, 0, 736.00, 'เบิกจ่ายเสร็จสิ้น'),
(754, '190.1.5/626', '324/59', '2016-09-26', 53, 0, 0, 'ขออนุมัติซื้อวัสดุ (พวงมาลา)', '', 13, 47, 50, 0, 1000.00, 'เบิกจ่ายเสร็จสิ้น'),
(755, '190.1.4/116.1', '325/59', '2016-09-20', 53, 0, 0, 'ขออนุมัติใช้เงินพร้อมเบิกจ่ายค่าโทรศัพท์ เดือน ก.ค. , ส.ค. 59', '', 13, 0, 0, 0, 638.25, 'เบิกจ่ายเสร็จสิ้น'),
(756, '190.2.3/083', '326/59', '2016-09-26', 53, 0, 0, '', '', 13, 0, 0, 0, 2850.00, 'เบิกจ่ายเสร็จสิ้น'),
(757, '190.2.3/084', '327/59', '2016-09-27', 53, 0, 0, '', '', 13, 0, 0, 0, 2415.00, 'เบิกจ่ายเสร็จสิ้น'),
(758, '190.1.5/638', '328/59', '2016-09-23', 53, 0, 0, '', '', 13, 0, 0, 0, 1800.00, 'เบิกจ่ายเสร็จสิ้น'),
(759, '190.1.5/634', '329/59', '2016-09-08', 53, 0, 0, 'ขออนุมัติซื้อวัสดุน้ำมันเชื้อเพลิง', '', 13, 0, 0, 0, 654.00, 'เบิกจ่ายเสร็จสิ้น'),
(760, '190.1.1/052.1', '330/59', '2016-09-29', 53, 0, 0, 'ขออนุมัติใช้เงินพร้อมเบิกจ่ายค่าอาหาร ', '', 13, 0, 0, 0, 2890.00, 'เบิกจ่ายเสร็จสิ้น'),
(761, '032/ว102', '331/59', '2016-09-29', 53, 0, 0, 'การตัดยอดงบประมาณเงินรายได้ปีงบประมาณ 2559 เพื่อสมทบการชำระหนี้ค่าสาธารณูปโภค ปีงบประมาณ 2558', '', 13, 0, 0, 0, 145538.00, 'เบิกจ่ายเสร็จสิ้น'),
(762, '190.2.2/075', '1/60', '2016-10-03', 53, 0, 0, 'ค่าสอนพิเศษ 190-501', '', 14, 55, 61, 298, 12960.00, 'เบิกจ่ายเสร็จสิ้น'),
(763, '190.2.10/096', '2/60', '2016-10-03', 53, 0, 0, 'ค่าสอนพิเศษ 190-301', '', 14, 55, 61, 298, 1200.00, 'เบิกจ่ายเสร็จสิ้น'),
(764, '190.1.1/056', '3/60', '2016-11-14', 53, 0, 0, 'ขออนุมัติใช้เงินพร้อมเบิกจ่ายค่าอาหาร (ตามคำสั่ง 1432/54)', '', 14, 0, 0, 0, 2420.00, 'เบิกจ่ายเสร็จสิ้น'),
(765, '190.1.1/057', '4/60', '2016-10-17', 53, 0, 0, 'ขออนุมัติใช้เงินพร้อมเบิกจ่ายค่าอาหาร (ตามคำสั่ง 1432/54)', '', 14, 0, 0, 0, 2505.00, 'เบิกจ่ายเสร็จสิ้น'),
(766, '190.1.7/016', '5/60', '2016-10-05', 53, 0, 0, 'ขออนุมัติใช้เงินค่าจัดการประเมินคุณภาพภายใน', '', 14, 0, 0, 0, 5358.00, 'เบิกจ่ายเสร็จสิ้น'),
(767, '190.1.4/123', '6/60', '2016-10-06', 53, 0, 0, 'ขอเบิกเงินปะรจำตำแหน่งผู้บริหาร ต.ค. 59', '', 14, 0, 0, 0, 10100.00, 'เบิกจ่ายเสร็จสิ้น'),
(768, '190.1.4/125', '7/60', '2016-10-06', 53, 0, 0, 'ขออนุมัติเบิกจ่ายเงินค่าตอบแทนตำแหน่งผู้บริหาร ต.ค. 59', '', 14, 0, 0, 0, 20200.00, 'เบิกจ่ายเสร็จสิ้น'),
(769, '190.1.4/124', '8/60', '2016-10-06', 53, 0, 0, 'ขอเบิกจ่ายเงินรายได้คณะกรแพทย์แผนไทย ', '', 14, 0, 0, 0, 325113.10, 'เบิกจ่ายเสร็จสิ้น'),
(770, '190.1.4/127', '9/60', '2016-10-12', 53, 0, 0, 'ขอออนุมัติเบิกจ่ายค่าตอบแทน David  John Leather ต.ค. 59', '', 14, 0, 0, 0, 10000.00, 'เบิกจ่ายเสร็จสิ้น'),
(771, '190.3/188', '10/60', '2016-10-01', 53, 0, 0, 'ขออนุมัติเบิกจ่ายค่าดอกไม้ ต.ค. 59', '', 14, 60, 68, 338, 4800.00, 'เบิกจ่ายเสร็จสิ้น'),
(772, '190.3/190', '11/60', '2016-10-01', 53, 0, 0, 'ขออนุมัติจ้างบุคคลภายนอกเป็นผู้ช่วยแพทย์แผนไทย', '', 14, 60, 68, 332, 916020.00, 'เบิกจ่ายเสร็จสิ้น'),
(773, '190.3/189', '12/60', '2016-10-01', 53, 0, 0, 'ขออนุมัติใช้จ้างเหมาบริการซักผ้า ', '', 14, 60, 68, 333, 91988.00, 'เบิกจ่ายเสร็จสิ้น'),
(774, '193/110', '13/60', '2016-10-12', 53, 0, 0, 'ขอเบิกเงินสวัสดิการบรรณาสารสงเคราะห์ 60 น.ส.อรพรรณ  สกุลแก้ว', '', 14, 0, 0, 0, 429.00, 'เบิกจ่ายเสร็จสิ้น'),
(775, '190.1.5/679', '14/60', '2016-10-28', 53, 0, 0, 'ขออนุมัติซื้อวัสดุ (ตามคำสั่ง 1432/54)', '', 14, 0, 0, 0, 2000.00, 'เบิกจ่ายเสร็จสิ้น'),
(776, '190.2.10/092', '15/60', '2016-10-03', 53, 0, 0, 'ขออนุมัติใช้เงินค่าตรวจข้อสอบกลางภาค 1/2559', '', 14, 0, 0, 0, 3600.00, 'เบิกจ่ายเสร็จสิ้น'),
(777, '190.1.1/055', '16/60', '2016-10-13', 53, 0, 0, 'ขออนุมัติเงินเพื่อสนับสนุการจัดกิจกรรมดครงการสืบศิลป์วัฒนธรรมถิ่นใต้ ', '', 14, 0, 0, 0, 1500.00, 'เบิกจ่ายเสร็จสิ้น'),
(778, '190.1.5/683', '17/60', '2016-10-10', 53, 0, 0, 'ขออนุมัติซื้อวัสดุ (ตามคำสั่ง 1432/54)', '', 14, 0, 0, 0, 1314.00, 'เบิกจ่ายเสร็จสิ้น'),
(779, '190.1.1/058', '18/60', '2016-10-20', 53, 0, 0, 'ขออนุมัติเงินพร้อมเบิกจ่ายค่าธรรมเนียมการโอนเงินทำบุญทอดกฐินสามัคคี', '', 14, 0, 0, 0, 30.00, 'เบิกจ่ายเสร็จสิ้น'),
(780, '190.2.10/099', '19/60', '2016-10-03', 53, 0, 0, 'ขออนุมัติใช้เงินค่าสอนอาจารย์พิเศษ', '', 14, 55, 61, 298, 2400.00, 'เบิกจ่ายเสร็จสิ้น'),
(781, '190.2.10/100', '20/60', '2016-10-03', 53, 0, 0, 'ขออนุมัติเชิญอาจารย์พิเศษและใช้เงิน', '', 14, 55, 61, 298, 2400.00, 'เบิกจ่ายเสร็จสิ้น'),
(782, '190.1.1/053', '21/60', '2016-10-05', 53, 0, 0, 'ขออนุมัติเงินทำบุญทอดกฐินสามัคคีมหาวิทยาลัย (ตามคำสั่ง 1432/54)', '', 14, 54, 59, 295, 10000.00, 'เบิกจ่ายเสร็จสิ้น'),
(783, '190.2.3/086', '22/60', '2016-10-05', 53, 0, 0, 'ขออนุมัติจัดโครงการสายสัมพันธ์ครูกับศิษย์การแพทย์แผนไทย 1/59 (ตามคำสั่ง 1432/54)', '', 14, 56, 64, 317, 13200.00, 'เบิกจ่ายเสร็จสิ้น'),
(784, '190.2.9/019', '23/60', '2016-10-06', 53, 0, 0, 'ขออนุมัติใช้เงินค่าตรวจข้อสอบประมวลความรอบรู้  (ตามคำสั่ง 1432/54)', '', 14, 55, 61, 303, 1080.00, 'เบิกจ่ายเสร็จสิ้น'),
(785, '190.2.10/104', '24/60', '2016-10-06', 53, 0, 0, 'ขออนุมัติใช้เงินค่าสอน 190-207', '', 14, 55, 61, 300, 5000.00, 'เบิกจ่ายเสร็จสิ้น'),
(787, '190.1.1/054', '26/60', '2016-10-13', 53, 0, 0, 'ขออนุมัติใช้เงินเพื่อร่วมทำบุญทอดกฐินสร้างวัดไทยในนครฟินิกซ์ (ตามคำสั่ง 1432/54)', '', 14, 54, 59, 295, 10000.00, 'เบิกจ่ายเสร็จสิ้น'),
(789, '190.2.3/089', '28/60', '2016-10-20', 53, 0, 0, 'ขออนุมัติจัดโครงการกีฬาน้องใหม่ ประจำปีการศึกษา 2559 (ตามคำสั่ง 1432/54)', '', 14, 56, 64, 317, 10000.00, 'เบิกจ่ายเสร็จสิ้น'),
(790, '190.1.4/135', '29/60', '2016-11-02', 53, 0, 0, 'ขอเบิกเงินประจำตำแหน่งผู้บริหารของคณะการแทพย์แผนไทย พ.ย. 59', '', 14, 0, 0, 0, 10100.00, 'เบิกจ่ายเสร็จสิ้น'),
(791, '190.1.4/136', '30/60', '2016-11-02', 53, 0, 0, 'ขออนุมัติเบิกจ่ายเงินค่าตอบแทนตำแหน่งผู้บริหาร พ.ย. 59', '', 14, 0, 0, 0, 20200.00, 'เบิกจ่ายเสร็จสิ้น'),
(792, '190.1.4/134', '31/60', '2016-11-02', 53, 0, 0, 'ขออนุมัติเบิกจ่ายค่าตอบแทน David  พ.ย. 59', '', 14, 0, 0, 0, 10000.00, 'เบิกจ่ายเสร็จสิ้น'),
(793, '190.1.4/137', '32/60', '2016-11-02', 53, 0, 0, 'ขออนุมัติเบิกจ่ายค่าจ้าง เดือน พ.ย. 59', '', 14, 0, 0, 0, 325113.10, 'เบิกจ่ายเสร็จสิ้น'),
(795, '190.2.9/020', '34/60', '2016-11-01', 53, 0, 0, 'ขออนุมัติปฏิบัตงานนอกเวลา', '', 14, 55, 61, 299, 2460.00, 'เบิกจ่ายเสร็จสิ้น'),
(796, '190.2.10/105', '35/60', '2016-11-01', 53, 0, 0, 'ขออนุมัติค่าสอน 190-202', '', 14, 55, 61, 298, 5000.00, 'เบิกจ่ายเสร็จสิ้น'),
(797, '190.2.10/097', '36/60', '2016-11-01', 53, 0, 0, 'ขออนุมัตค่าสอน 190-303', '', 14, 55, 61, 298, 2000.00, 'เบิกจ่ายเสร็จสิ้น'),
(798, '190.1.1/061', '37/60', '2016-11-01', 53, 0, 0, 'ขออนุมัติใช้เงินพร้อมเบิกจ่ายค่าอาหาร (ตามคำสั่ง 1432/54)', '', 14, 0, 0, 0, 3090.00, 'เบิกจ่ายเสร็จสิ้น'),
(799, '190.1.2/144', '38/59', '2016-11-03', 53, 0, 0, 'ขออนุมัติใช้เงินค่าตอบแทนคณะกรรมการประจำคณะฯ 8/59', '', 14, 0, 0, 0, 4125.00, 'เบิกจ่ายเสร็จสิ้น'),
(800, '190.1.5/778', '39/60', '2016-11-08', 53, 0, 0, 'ขอเบิกเงินรายได้เป็นค่าครุภัณฑ์ ปีงบประมาณ 2560', '', 14, 0, 0, 0, 33000.00, 'เบิกจ่ายเสร็จสิ้น'),
(801, '190.1.2/149', '40/60', '2016-11-01', 53, 0, 0, 'ขออนุมัติเงินช่วยเหลือค่าอาหารพนักงานขับรถ', '', 14, 0, 0, 0, 420.00, 'เบิกจ่ายเสร็จสิ้น'),
(802, '190.1.7/020', '41/60', '2016-11-07', 53, 0, 0, 'ขออนุมัติใช้เงินการจัดการประเมินคุณภาพภายใน (ตามคำสั่ง 1432/54)', '', 14, 0, 0, 0, 537.00, 'เบิกจ่ายเสร็จสิ้น'),
(803, '190.1.2/148', '42/60', '2016-11-01', 53, 0, 0, 'ขออนุมัติเงินค่าน้ำมันเชื้อเพลิง', '', 14, 0, 0, 0, 550.00, 'เบิกจ่ายเสร็จสิ้น'),
(804, '190.1.4/126', '43/60', '2016-11-01', 53, 0, 0, 'ขออนุมัติปฏิบัติงานนอเวลาและขออนุมัติใช้เงิน', '', 14, 0, 0, 0, 1560.00, 'เบิกจ่ายเสร็จสิ้น'),
(805, '190.1.1/062', '44/60', '2016-11-14', 53, 0, 0, 'ขออนุมัติใช้เงินพร้อมเบิกจ่ายค่าอาหาร (ตามคำสั่ง 1432/54)', '', 14, 0, 0, 0, 2680.00, 'เบิกจ่ายเสร็จสิ้น'),
(806, '190.1.2/157', '45/60', '2016-11-09', 53, 0, 0, 'ขออนุมัติใช้เงินค่าตอบแทนคณะกรรมการประจำคณะฯ ครั้งที่ 9/2559', '', 14, 0, 0, 0, 3125.00, 'เบิกจ่ายเสร็จสิ้น'),
(807, '190.2.3/094', '46/60', '2016-11-03', 53, 0, 0, 'ขออนุมัติใช้เงินพร้อมเบิกจ่ายทุนการศึกษช่วยเหลือนักศึกษาทำงานแลกเปลี่ยน 1/59 งวดที่ 2', '', 14, 0, 0, 0, 3360.00, 'เบิกจ่ายเสร็จสิ้น'),
(808, '190.2.3/093', '47/60', '2016-11-03', 53, 0, 0, 'ขออนุมัติใช้เงินพร้อมเบิกจ่ายทุนการศึกษานักศึกษาช่วยงานสอน 1/59 งวดที่2', '', 14, 0, 0, 0, 5325.00, 'เบิกจ่ายเสร็จสิ้น'),
(810, '190.1.4/144', '48/60', '2016-11-22', 53, 0, 0, 'ขออนุมัติใช้เงินพร้อมเบิกจ่ายค่าโทรศัพท์ เดือน ต.ค. 59', '', 14, 54, 59, 292, 600.05, 'เบิกจ่ายเสร็จสิ้น'),
(811, '190.1.2/147', '49/60', '2016-11-01', 53, 0, 0, 'ขออนุมัติจัดโครงการ 5 ส. (ตามคำสั่ง 1432/54)', '', 14, 0, 0, 0, 2900.00, 'เบิกจ่ายเสร็จสิ้น'),
(812, '190.3/243', '50/60', '2016-11-21', 53, 0, 0, 'ขอเบิกค่าจ้างเหมาซักผ้า พ.ย. 59', '', 14, 0, 0, 0, 9089.00, 'เบิกจ่ายเสร็จสิ้น'),
(813, '190.1.5/713', '51/60', '2016-11-01', 53, 0, 0, 'ขออนุมัติซื้อวัสดุ (ตามคำสั่ง 1432/54)', '', 14, 0, 0, 0, 550.00, 'เบิกจ่ายเสร็จสิ้น'),
(814, '190.2.7/073', '52/60', '2016-11-08', 53, 0, 0, 'ขออนุมัติปฏิบัติงานนอกเวลาราชการ', '', 14, 55, 61, 299, 300.00, 'เบิกจ่ายเสร็จสิ้น'),
(815, '190.2.14/036', '53/60', '2016-11-08', 53, 0, 0, 'ขออนุมัติค่าใช้จ่ายจัดกิจกรรมพัฒนาต่อยอดความสามารถทางภาษาอังกฤษ', '', 14, 56, 64, 317, 3500.00, 'เบิกจ่ายเสร็จสิ้น'),
(817, '190.2.10/124', '55/60', '2016-11-21', 53, 0, 0, 'ขออนุมัติเงินช่วยเหลือค่าอาหารพนักงานขับรถ', '', 14, 55, 61, 0, 1000.00, 'เบิกจ่ายเสร็จสิ้น'),
(818, '193/123', '56/60', '2016-11-22', 53, 0, 0, 'ขออนุมัติโครงการป้องกันระงับอัคคีภัย', '', 14, 60, 68, 339, 7795.00, 'เบิกจ่ายเสร็จสิ้น'),
(819, '190.3/239', '57/60', '2016-11-18', 53, 0, 0, 'ขออนุมัติใช้เงินค่าลงทะเบียน น.ส.พิมวิภา และสลิลทิพย์ คนละ 1,000.- บาท', '', 14, 54, 60, 0, 2000.00, 'เบิกจ่ายเสร็จสิ้น'),
(820, '190.2.10/131', '58/60', '2016-11-29', 53, 0, 0, 'ขออนุมัติค่าตรวจข้อสอบปลายภาค 1/59', '', 14, 55, 61, 303, 2520.00, 'เบิกจ่ายเสร็จสิ้น'),
(821, '190.1.4/147', '59/60', '2016-12-06', 53, 0, 0, 'ขออนุมัติเบิกจ่ายค่าตอบแทน David  ธ.ค. 59', '', 14, 0, 0, 0, 10000.00, 'เบิกจ่ายเสร็จสิ้น'),
(822, '190.1.4/146', '60/60', '2016-12-06', 53, 0, 0, 'ขอเบิกเงินประจำตำแหน่งผู้บริหารของคณะการแทพย์แผนไทย ธ.ค.  59', '', 14, 0, 0, 0, 10100.00, 'เบิกจ่ายเสร็จสิ้น'),
(823, '190.1.4/148', '48/60', '2016-12-06', 53, 0, 0, 'ขอเบิกจ่ายเงินรายได้คณะการแพทย์แผนไทย ปีงบประมาณ 2560', '', 14, 0, 0, 0, 325113.10, 'เบิกจ่ายเสร็จสิ้น'),
(824, '190.2.4/033', '61/60', '2016-12-01', 53, 0, 0, 'ขอเบิกค่าเดินทางไปปฏิบัติงาน', '', 14, 0, 0, 0, 200.00, 'เบิกจ่ายเสร็จสิ้น'),
(825, '190.1.4/151', '62/60', '2016-12-09', 53, 0, 0, 'ขอเบิกจ่ายค่าตอบแทนตำแหน่งผู้บริหาร ธ.ค. 59', '', 14, 0, 0, 0, 20200.00, 'เบิกจ่ายเสร็จสิ้น'),
(826, '190.1.1/066', '63/60', '2016-12-13', 53, 0, 0, '', '', 14, 0, 0, 0, 2690.00, 'เบิกจ่ายเสร็จสิ้น'),
(827, '190.2.4/027', '64/60', '2016-12-14', 53, 0, 0, 'โครงการวันภูมิปัญญาการแพทย์แผนไทยแห่งชาติ', '', 14, 0, 0, 0, 45000.00, 'เบิกจ่ายเสร็จสิ้น'),
(828, '190.1.5/783', '65/60', '2016-12-01', 53, 0, 0, 'ขออนุมัติซื้อวัสดุ  (ตามคำสั่ง 1432/54', '', 14, 0, 0, 0, 5500.00, 'เบิกจ่ายเสร็จสิ้น'),
(829, '190.1.1/068', '66/60', '2016-12-20', 53, 0, 0, 'ขออนุมัติใช้เงินพร้อมเบิกจ่ายค่าอาหาร (ตามคำสั่ง 1432/54)', '', 14, 0, 0, 0, 2830.00, 'เบิกจ่ายเสร็จสิ้น'),
(830, '190.2.10/102.1', '67/60', '2016-12-20', 53, 0, 0, '190.2.10/102.1', '', 14, 0, 0, 0, 300.00, 'เบิกจ่ายเสร็จสิ้น'),
(831, '190.1.5/833', '68/60', '2016-12-01', 53, 0, 0, 'ขออนุมัติซื้อวัสดุ (ตามคำสั่ง 1432/54)', '', 14, 0, 0, 0, 720.00, 'เบิกจ่ายเสร็จสิ้น'),
(832, '190.1.4/155', '66/60', '2016-12-26', 53, 0, 0, 'ขออนุมัติ้เงินพร้อมเบิกจ่ายค่าโทรศัพท์ เดือน พ.ย. 59', '', 14, 0, 0, 0, 374.82, 'เบิกจ่ายเสร็จสิ้น'),
(833, '190.1.5/875', '69/60', '2016-12-20', 53, 0, 0, 'ขออนุมัติจ้างเหมารถยนต์', '', 14, 0, 0, 0, 1000.00, 'เบิกจ่ายเสร็จสิ้น'),
(834, '190.3/251', '70/60', '2016-12-06', 53, 0, 0, 'ขออนุมัติเดินทาง อ.กิ่งกาญจน์ พัฒนาผู้บริหาร', '', 14, 0, 0, 0, 4400.00, 'เบิกจ่ายเสร็จสิ้น'),
(835, '190.1.2/164', '71/60', '2016-12-09', 53, 0, 0, 'ขออนุมัติเงินค่าต่ออายุใบอนุญาตทำงานของอ.ชาวต่างชาติ', '', 14, 0, 0, 0, 1600.00, 'เบิกจ่ายเสร็จสิ้น'),
(836, '190.3/271', '72/60', '2016-12-22', 53, 0, 0, 'ขออนุมัติซื้อวัสดุ (นามบัตร)', '', 14, 0, 0, 0, 2000.00, 'เบิกจ่ายเสร็จสิ้น'),
(838, '190.1.8/004', '74/60', '2016-12-22', 53, 0, 0, 'ขออนุมัติใช้เงิน สนับสนุนบัตรคอนเสิร์ต มอ.ว. รวมใจภักดิ์ฯ', '', 14, 54, 59, 295, 600.00, 'เบิกจ่ายเสร็จสิ้น'),
(839, '190.1.4/150.1', '75/60', '2016-12-09', 53, 0, 0, 'ขออนุมัติปฎิบัติงานนอกเวลา', '', 14, 0, 0, 0, 1200.00, 'เบิกจ่ายเสร็จสิ้น'),
(840, '190.1.1/069', '76/60', '2016-12-28', 53, 0, 0, 'ขออนุมัติพร้อมเบิกจ่ายค่าอาหาร (ตามคำสั่ง 1432/54)', '', 14, 0, 0, 0, 2675.00, 'เบิกจ่ายเสร็จสิ้น'),
(841, '190.1.4/159', '77/60', '2017-01-02', 53, 0, 0, 'ขอเบิกค่าจ้าง  ม.ค. 60', '', 14, 0, 0, 0, 325113.10, 'เบิกจ่ายเสร็จสิ้น'),
(842, '190.1.4/158', '78/60', '2017-01-02', 53, 0, 0, 'ขอเบิกค่าตอบแทนMR. David John Leather ม.ค. 60', '', 14, 0, 0, 0, 10000.00, 'เบิกจ่ายเสร็จสิ้น'),
(843, '190.1.4/157', '79/60', '2017-01-02', 53, 0, 0, 'ขอเบิกเงินประจำตำแหน่งผู้บริหาร ม.ค. 60', '', 14, 0, 0, 0, 10100.00, 'เบิกจ่ายเสร็จสิ้น'),
(844, '190.1.4/156', '80/60', '2017-01-02', 53, 0, 0, 'ขออนุมัติเบิกจ่ายเงินค่าตอบแทนตำแหน่งผู้บริหาร ม.ค. 60', '', 14, 0, 0, 0, 20200.00, 'เบิกจ่ายเสร็จสิ้น'),
(845, '190.1.1/001', '81/60', '2017-01-05', 53, 0, 0, 'ขออนุมัติใช้เงินพร้อมเบิกจ่ายค่าอาหาร (ตามคำสั่ง 1432/54)', '', 14, 0, 0, 0, 3510.00, 'เบิกจ่ายเสร็จสิ้น'),
(846, '190.1.1/067', '82/60', '2017-01-02', 53, 0, 0, 'ขออนุมัติเงินเพื่อสนับสนุนการทอดผ้าป่าสามัคคีสมทบกองทุนเฉลิมพระเกียรติ 100 ปีฯ', '', 14, 0, 0, 0, 999.00, 'เบิกจ่ายเสร็จสิ้น'),
(847, '190.1.4/006', '83/60', '2017-01-16', 53, 0, 0, 'ขออนุมัติใช้เงินพร้อมเบิกเงินรายได้สมทบกองทุนวิจัยคณะฯ', '', 14, 0, 0, 0, 751600.00, 'เบิกจ่ายเสร็จสิ้น'),
(848, '193/002', '84/60', '2017-01-06', 53, 0, 0, 'ขอเบิกบรรณาสาร อ.กชกร สุขจันทร์ อินทนูจิตร', '', 14, 0, 0, 0, 1845.00, 'เบิกจ่ายเสร็จสิ้น'),
(849, '190.1.1/003', '85/60', '2017-01-16', 53, 0, 0, 'ขออนุมัติใช้เงินพร้อมเบิกจ่ายค่าอาหาร (ตามคำสั่ง 1432/54)', '', 14, 0, 0, 0, 3945.00, 'เบิกจ่ายเสร็จสิ้น'),
(850, '190.1.2/002', '86/60', '2017-01-12', 53, 0, 0, 'ขออนุมัติใช้เงินค่าน้ำมันเชื้อเพลิงสวัสดิการงานแต่ง อ.พีชยา', '', 14, 0, 0, 0, 700.00, 'เบิกจ่ายเสร็จสิ้น'),
(851, '190.1.1/002', '87/60', '2017-01-12', 53, 0, 0, 'ขออนุมัติสนับสนุนการบรรพชาอุปสมทบและบวชชีพราหมณ์', '', 14, 54, 59, 295, 3000.00, 'เบิกจ่ายเสร็จสิ้น'),
(852, '190.2.10/001', '88/60', '2017-01-13', 53, 0, 0, 'ขออนุมัติค่าสอน 190-208', '', 14, 55, 61, 298, 6000.00, 'เบิกจ่ายเสร็จสิ้น'),
(853, '190.2.10/003', '89/60', '2017-01-13', 53, 0, 0, 'ขออนุมัติใช้เงินค่าสอนอาจารย์พิเศษ 190-213', '', 14, 55, 61, 298, 3600.00, 'เบิกจ่ายเสร็จสิ้น'),
(854, '190.2.10/002', '90/60', '2017-01-13', 53, 0, 0, 'ขออนุมัติใช้เงินค่าสอนอาจารย์พิเศษ 190-210', '', 14, 55, 61, 298, 3600.00, 'เบิกจ่ายเสร็จสิ้น'),
(855, '190.2.10/004', '91/60', '2017-01-13', 53, 0, 0, 'ขออนุมัติค่าสอนพิเศษ 190-307', '', 14, 0, 0, 0, 2800.00, 'เบิกจ่ายเสร็จสิ้น'),
(856, '190.3/025', '92/60', '2017-01-23', 53, 0, 0, 'ขออนุมัติโครงการเตรียมความพร้อมสู่มาตรฐาน HA', '', 14, 60, 68, 339, 2160.00, 'เบิกจ่ายเสร็จสิ้น'),
(858, '190.1.4/012', '94/60', '2017-01-26', 53, 0, 0, 'ขออนุมัติค่่าตอบแทนตำแหน่งผู้บริหาร ก.พ. 60', '', 14, 0, 0, 0, 20200.00, 'เบิกจ่ายเสร็จสิ้น'),
(859, '190.1.4/013', '95/60', '2017-01-26', 53, 0, 0, 'ขออนุมัติค่าตอบแทนตำแหน่งผู้บริหาร ก.พ. 60', '', 14, 0, 0, 0, 10100.00, 'เบิกจ่ายเสร็จสิ้น'),
(861, '190.1.5/021', '97/60', '2017-01-10', 53, 0, 0, 'ขออนุม้ติซื้อเสื้อ 5 ส.', '', 14, 0, 0, 0, 12180.00, 'เบิกจ่ายเสร็จสิ้น'),
(862, '190.2.3/003', '98/60', '2017-01-17', 53, 0, 0, 'ขออนุมัติใช้เงินค่าทุนช่วยเหลือนักศึกษาทำงานแลกเปลี่ยน 1/59 งวด 3', '', 14, 0, 0, 0, 675.00, 'เบิกจ่ายเสร็จสิ้น'),
(863, '190.2.3/004', '99/60', '2017-01-17', 53, 0, 0, 'ขออนุมัติใช้เงินพร้อมเบิกจ่ายทุนการศึกษานักศึกษช่วยงานสอน 1/59 งวดที่ 3', '', 14, 0, 0, 0, 6800.00, 'เบิกจ่ายเสร็จสิ้น'),
(867, '190.3/026', '102/60', '2017-01-27', 53, 0, 0, 'ขออนุมัติเดินทาง พิมพ์วิภา  แพรกหา', '', 14, 54, 60, 0, 8456.50, 'เบิกจ่ายเสร็จสิ้น'),
(868, '190.1.4/020', '103/60', '2017-02-03', 53, 0, 0, 'ขออนุมัติเบิกจ่างเงินนพร้อมเบิกจ่ายค่าโทรศัพท์ เดือนธันวาคม 2559', '', 14, 0, 0, 0, 604.88, 'เบิกจ่ายเสร็จสิ้น'),
(869, '190.1.4/014', '104/60', '2017-01-26', 53, 0, 0, 'ขอเบิกจ่ายเงินรายได้คณะการแพทย์แผนไทย', '', 14, 0, 0, 0, 301200.10, 'เบิกจ่ายเสร็จสิ้น');
INSERT INTO `trn_approve` (`id`, `doc_number`, `file_number`, `doc_date`, `faculty_code`, `department_id`, `division_id`, `subject`, `detail`, `budget_main_id`, `mgt_plans_id`, `mgt_product_id`, `mgt_costs_id`, `amount`, `status`) VALUES
(870, '190.1.2/167', '105/60', '2016-12-20', 53, 0, 0, 'ขออนุมัติใช้เงินค่าตอบแทนคณะกรรมการประจำคณะฯ ครั้งที่ 10/2559 เดือนธันวาคม 2559 พร้อมยืมเงินทดรองจ่าย', '', 14, 0, 0, 0, 3625.00, 'เบิกจ่ายเสร็จสิ้น'),
(871, '193/012', '106/60', '2017-01-27', 53, 0, 0, 'ขออนุมัติเงินค่าสมัครเข้าร่วมการแข่งขัน "เภสัช ม.อ. เดิน-วิ่ง มินิมาราธอน" ครั้งที่11 พร้อมเบิกจ่าย', '', 14, 0, 0, 0, 300.00, 'เบิกจ่ายเสร็จสิ้น'),
(872, '190.1.1/005', '107/60', '2017-02-06', 53, 0, 0, 'ขออนุมัติใช้เงินพร้อมเบิกจ่ายค่าอาหาร', '', 14, 54, 59, 0, 2455.00, 'เบิกจ่ายเสร็จสิ้น'),
(873, '190.1.1/008', '108/60', '2017-02-10', 53, 0, 0, 'ขออนุมัติใช้เงินพร้อมเบิกจ่ายค่าอาหาร', '', 14, 54, 59, 0, 2975.00, 'เบิกจ่ายเสร็จสิ้น'),
(874, '190.1.5/058', '109/60', '2017-01-25', 53, 0, 0, 'ขออนุมัติซื้อวัสดุฯ ปีงบประมาณ 2560 พร้อมแต่งตั้งกรรมการตรวจรับ', '', 14, 54, 59, 0, 311.00, 'เบิกจ่ายเสร็จสิ้น'),
(875, '190.2.4/006', '110/60', '2017-02-03', 53, 0, 0, 'ขออนุมัติจัดกิจกรรมนิทรรศการแสดงผลงานวิชาการ', '', 14, 58, 66, 0, 23600.00, 'เบิกจ่ายเสร็จสิ้น'),
(876, '190.1.1/006', '111/60', '2017-02-06', 53, 0, 0, 'ขออนุมัติเงินเพื่อสนับสนุนจัดการแข่งขันเปตองการกุศล 60', '', 14, 54, 59, 295, 3000.00, 'เบิกจ่ายเสร็จสิ้น'),
(877, '190.2.10/005', '112/60', '2017-02-01', 53, 0, 0, 'ขออนุมัติใช้เงินค่าสอนอาจารย์พิเศษ', '', 14, 55, 61, 298, 2400.00, 'เบิกจ่ายเสร็จสิ้น'),
(878, '190.2.10/007', '113/60', '2017-02-03', 53, 0, 0, 'ขออนุมัติใช้เงินค่าสอนอาจารย์พิเศษ 190-104', '', 14, 55, 61, 298, 800.00, 'เบิกจ่ายเสร็จสิ้น'),
(879, '190.2.10/009', '114/60', '2017-02-03', 53, 0, 0, 'ค่าสอน 190-306', '', 14, 55, 61, 298, 3400.00, 'เบิกจ่ายเสร็จสิ้น'),
(880, '190.2.9/001', '115/60', '2017-02-01', 53, 0, 0, 'ขออนุมัติค่าปฏิบัติงานนอกเวลา', '', 14, 55, 61, 299, 2580.00, 'เบิกจ่ายเสร็จสิ้น'),
(881, '190.2.9/007', '116/60', '2017-02-06', 53, 0, 0, 'ขออนุมัติปฏิบัตงานนอกเวลา', '', 14, 55, 61, 299, 1800.00, 'เบิกจ่ายเสร็จสิ้น'),
(882, '190.2.9/005', '117/60', '2017-02-01', 53, 0, 0, 'ค่าตรวจข้อสอบประมวลความรอบรู้', '', 14, 55, 61, 303, 1080.00, 'เบิกจ่ายเสร็จสิ้น'),
(883, '190.2.10/010', '118/60', '2017-02-07', 53, 0, 0, 'ค่าสอนพิเศษ 190-101', '', 14, 55, 61, 298, 1600.00, 'เบิกจ่ายเสร็จสิ้น'),
(884, '190.1.5/059', '119/60', '2017-02-01', 53, 0, 0, 'ค่าเช่ารถ', '', 14, 0, 0, 0, 2200.00, 'เบิกจ่ายเสร็จสิ้น'),
(885, '190.1.5/061.1', '120/60', '2017-02-01', 53, 0, 0, 'ซื้อวัสดุ', '', 14, 0, 0, 0, 800.00, 'เบิกจ่ายเสร็จสิ้น'),
(886, '190.1.5/083', '111/60', '2017-02-07', 53, 0, 0, 'ซื้อวัสดุ', '', 14, 0, 0, 0, 2000.00, 'เบิกจ่ายเสร็จสิ้น'),
(887, '190.1.5/084', '122/60', '2017-02-07', 53, 0, 0, 'ค่าเช่ารถ', '', 14, 0, 0, 0, 300.00, 'เบิกจ่ายเสร็จสิ้น'),
(888, '190.1.1/010', '123/60', '2017-02-20', 53, 0, 0, 'ขออนุมัติใช้เงินค่าอาหาร ', '', 14, 0, 0, 0, 1960.00, 'เบิกจ่ายเสร็จสิ้น'),
(889, '190.1.1/009', '127/60', '2017-02-16', 53, 0, 0, 'ขออนุมัติใช้เงินพร้อมเบิกจ่ายค่าอาหาร (ตามคำสั่ง 1432/54)', '', 14, 0, 0, 0, 2435.00, 'เบิกจ่ายเสร็จสิ้น'),
(890, '190.1.5/104', '125/60', '2017-02-16', 53, 0, 0, 'ขออนุมัติค่าสมัครเข้าร่วมการแข่งขัน เดิน-วิ่ง 50 ปี (นายสนิท  ลิ้นทอง)', '', 14, 0, 0, 0, 250.00, 'เบิกจ่ายเสร็จสิ้น'),
(891, '190.3/035', '128/60', '2017-02-17', 53, 0, 0, 'ขออนุมัติซื้อวัสดุ', '', 14, 0, 0, 0, 5390.00, 'เบิกจ่ายเสร็จสิ้น'),
(892, '190.1.2/022', '129/60', '2017-02-21', 53, 0, 0, 'ค่าต่ออายุ VISA ของอาจารย์ชาวต่างชาติ', '', 14, 0, 0, 0, 1900.00, 'เบิกจ่ายเสร็จสิ้น'),
(893, '190.2.9/010', '130/60', '2017-02-24', 53, 0, 0, 'เบิกค่าตรวจสุขภาพประจำปี  น.ส. สุจิตรา หนูอุไร', '', 14, 0, 0, 0, 310.00, 'เบิกจ่ายเสร็จสิ้น'),
(894, '190.1.1/012', '131/60', '2017-02-24', 53, 0, 0, 'เบิกค่าตรวจสุขภาพประจำปี  น.ส. จตุพร  ตรีวัย', '', 14, 0, 0, 0, 310.00, 'เบิกจ่ายเสร็จสิ้น'),
(895, '190.1.2/021', '132/60', '2017-02-14', 53, 0, 0, 'ค่าตอบแทนคณะกรรมการปรกจำคณะฯ 1/60', '', 14, 0, 0, 0, 3125.00, 'เบิกจ่ายเสร็จสิ้น'),
(896, '190.2.3/011', '133/60', '2017-02-21', 53, 0, 0, 'จัดดครงการกีฬาหม้อยาสานสัมพันธ์ 2559', '', 14, 56, 64, 317, 2000.00, 'เบิกจ่ายเสร็จสิ้น'),
(897, '190.1.7/002', '134/60', '2017-02-16', 53, 0, 0, 'ค่าของที่ระลึก', '', 14, 54, 60, 0, 4500.00, 'เบิกจ่ายเสร็จสิ้น'),
(898, '150/1952', '332', '2016-09-30', 53, 0, 0, '', '', 13, 0, 0, 0, 599.73, 'เบิกจ่ายเสร็จสิ้น'),
(899, '190.2.10/015', '135/60', '2017-03-08', 53, 0, 0, 'ค่าตรวจข้อสอบ 2/59', '', 14, 55, 61, 303, 3340.00, 'เบิกจ่ายเสร็จสิ้น'),
(901, '190.2.3/016', '137/60', '2017-03-07', 53, 0, 0, 'ขออนุมัติโครงการสายสัมพันธ์ครูกับศิษย์การแพทย์แผนไทย 2/59', '', 14, 56, 64, 317, 13200.00, 'เบิกจ่ายเสร็จสิ้น'),
(902, '190.1.8/001', '138/60', '2017-03-13', 53, 0, 0, 'สนับสนุน โขน', '', 14, 54, 59, 295, 1400.00, 'เบิกจ่ายเสร็จสิ้น'),
(903, '190.1.8/002', '139/60', '2017-03-13', 53, 0, 0, 'ขออนุมัติสนับสนุนแข่งขันมวย', '', 14, 54, 59, 295, 1350.00, 'เบิกจ่ายเสร็จสิ้น'),
(904, '190.3/058', '140/60', '2017-03-03', 53, 0, 0, 'ขออนุมัติเดินทาง นายคมจักร แก้วน้อย  ', '', 14, 54, 60, 0, 6140.00, 'เบิกจ่ายเสร็จสิ้น'),
(911, '190.1.1/014', '141/60', '2017-03-06', 53, 0, 0, 'ขออนุมัติใช้งเินพร้อมเบิกจ่ายค่าอาหาร (ตามคำสั่ง 1432/54)', '', 14, 0, 0, 0, 2220.00, 'เบิกจ่ายเสร็จสิ้น'),
(912, '190.1.5/121', '142/60', '2017-03-08', 53, 0, 0, 'ขออนุมัติเช่ารถยนต์', '', 14, 0, 0, 0, 800.00, 'เบิกจ่ายเสร็จสิ้น'),
(913, '190.1.4/043', '143/60', '2017-03-03', 53, 0, 0, 'ขอเบิกเงินประจำตำแหน่งผู้บริหาร เดือน มี.ค. 60', '', 14, 0, 0, 0, 10100.00, 'เบิกจ่ายเสร็จสิ้น'),
(914, '190.1.4/042', '144/60', '2017-03-03', 53, 0, 0, 'ขออนุมัติเบิก่ายเงินค่าตอบแทนตำแหน่งผู้บริหาร ม๊.ค. 60', '', 14, 0, 0, 0, 20200.00, 'เบิกจ่ายเสร็จสิ้น'),
(915, '190.1.4/044', '145/60', '2017-03-03', 53, 0, 0, 'เบิกเงินรายได้ประจำเดือน มี.ค. 60', '', 14, 0, 0, 0, 301200.10, 'เบิกจ่ายเสร็จสิ้น'),
(916, '190.1.4/045', '146/60', '2017-03-09', 53, 0, 0, 'ขออนุมัติซื้อวัสดุ (ตามคำสั่ง 1432/54)', '', 14, 0, 0, 0, 7599.00, 'เบิกจ่ายเสร็จสิ้น'),
(917, '190.3/019', '147/60', '2017-03-10', 53, 0, 0, 'ขออนุมัติเดินทางไปปฏิบัติงาน นายธีรวัฒน์ สุดขาว  1-3 มี.ค. 60', '', 14, 0, 0, 0, 10000.00, 'เบิกจ่ายเสร็จสิ้น'),
(918, '190.1.5/849', '148/60', '2017-03-10', 53, 0, 0, 'ขออนุมัติซื้อวัสดุ (น้ำมันเชื้อเพลิง)', '', 14, 0, 0, 0, 253.00, 'เบิกจ่ายเสร็จสิ้น'),
(919, '190.1.5/125', '149/60', '2017-03-08', 53, 0, 0, 'ขออนุมัติซื้อวัสดุ (น้ำมันเชื้อเพลิง)', '', 14, 0, 0, 0, 300.00, 'เบิกจ่ายเสร็จสิ้น'),
(920, '190.1.5/865', '150/60', '2017-03-10', 53, 0, 0, 'ซื้อวัสดุ น้ำมันเชื้อเพลิง', '', 14, 0, 0, 0, 269.00, 'เบิกจ่ายเสร็จสิ้น'),
(921, '190.2.3/018', '151/60', '2017-03-10', 53, 0, 0, 'ทุนนักศึกษาช่วยงานสอน 2/59 งวดที่ 1', '', 14, 0, 0, 0, 1550.00, 'เบิกจ่ายเสร็จสิ้น'),
(922, '190.3/068', '151/60', '2017-03-16', 53, 0, 0, 'ขอเบิกเงินสวัสดิการบรรณสารสงเคราะห์ ปี 59 นายธีรวัฒน์ สุดขาว', '', 14, 0, 0, 0, 850.00, 'เบิกจ่ายเสร็จสิ้น'),
(923, '190.1.4/047', '152/60', '2017-03-17', 53, 0, 0, 'ขออนุมัติพร้อมเบิกจ่ายค่าบำรุงที่จอดรถยนต์ (ตามคำสั่ง 1432/54)', '', 14, 0, 0, 0, 1000.00, 'เบิกจ่ายเสร็จสิ้น'),
(924, '190.1.4/046', '153/60', '2017-03-20', 53, 0, 0, 'ขออนุมัติใช้เงินพร้อมเบิกจ่ายค่าโทรศัพท์ ม.ค. 60', '', 14, 0, 0, 0, 533.72, 'เบิกจ่ายเสร็จสิ้น'),
(925, '190.1.4/047.1', '154/60', '2017-03-20', 53, 0, 0, 'ขออนุมัติใช้เงินพร้อมเบิกจ่ายค่าโทรศัพท์ ก.พ. 60', '', 14, 0, 0, 0, 649.17, 'เบิกจ่ายเสร็จสิ้น'),
(926, '190.1.1/015', '155/60', '2017-03-21', 53, 0, 0, 'ขออนุมัติใช้เงินพร้อมเบิกจ่ายค่าอาหาร (ตามคำสั่ง 1432/54)', '', 14, 0, 0, 0, 2435.00, 'เบิกจ่ายเสร็จสิ้น'),
(927, '190.1.4/048', '156/60', '2017-03-22', 53, 0, 0, 'ขออนุมัติใช้เงินพร้อมเบิกจ่ายค่าบำรุงเลขหมายโทรศัพ1/60', '', 14, 0, 0, 0, 2280.00, 'เบิกจ่ายเสร็จสิ้น'),
(928, '190.1.2/027', '157/60', '2017-03-08', 53, 0, 0, 'ขออนุมัติใช้เงินค่าตอบแทนคณะกรรมการประจำคณะฯ 2/60', '', 14, 0, 0, 0, 3625.00, 'เบิกจ่ายเสร็จสิ้น'),
(929, '190.1.2/029', '158/60', '2017-03-22', 53, 0, 0, 'ขออนุมัติจัดโครงการ 5 ส. (ตามคำสั่ง 1432/54)', '', 14, 54, 59, 286, 2900.00, 'เบิกจ่ายเสร็จสิ้น'),
(930, '190.2.9/011', '159/60', '2017-03-22', 53, 0, 0, 'ขออนุมัติปฏิบัติงานนอกเวลา', '', 14, 55, 61, 299, 540.00, 'เบิกจ่ายเสร็จสิ้น'),
(931, '190.2.3/022', '160/60', '2017-03-28', 53, 0, 0, 'ขออนุมัติโครงการเลือกตั้งคณะกรรมการบริหารสโมสรนศ. (ตามคำสั่ง 1432/54)', '', 14, 56, 64, 317, 500.00, 'เบิกจ่ายเสร็จสิ้น'),
(932, '190.2.3/023', '161/60', '2017-03-28', 53, 0, 0, 'ขออนุมัติจัดโครงการสัมมนาสโมสร นศ.แพทยืแผนไทย (ตามคำสั่ง 1432/54)', '', 14, 56, 64, 317, 1500.00, 'เบิกจ่ายเสร็จสิ้น'),
(933, '190.2.6/014', '162/60', '2017-03-28', 53, 0, 0, 'ขออนุมัติใช้เงินเพื่อเป็นค่าเลี้ยงรับรอง (ตามคำสั่ง 1432/54)', '', 14, 54, 60, 0, 2250.00, 'เบิกจ่ายเสร็จสิ้น'),
(934, '190.2.3/029', '163/60', '2017-03-31', 53, 0, 0, 'ขออนุุมัติโครงการรับกาวน์แพทย์แผนไทย รุ่นที่ 11 ', '', 14, 56, 64, 317, 63600.00, 'เบิกจ่ายเสร็จสิ้น'),
(935, '190.2.3/028', '164/60', '2017-03-31', 53, 0, 0, 'ขออนุมัติโครงการสืบสานประเพณีสงกรานต์ ปรจำปี 2560', '', 14, 59, 67, 327, 6500.00, 'เบิกจ่ายเสร็จสิ้น'),
(936, '190.1.2/041', '165/60', '2017-03-31', 53, 0, 0, 'ขออนัติพร้อมเบิกจ่ายค่าโอนเงินภายในประเทศ (ตามคำสั่ง 1432/54)', '', 14, 54, 59, 278, 50.00, 'เบิกจ่ายเสร็จสิ้น'),
(937, '190.1.2/043', '166/60', '2017-03-31', 53, 0, 0, 'ขออนุมัติใช้เงินค่าตอบแทนคณะกรรมการประจำคณะฯ 3/60', '', 14, 54, 59, 271, 4125.00, 'เบิกจ่ายเสร็จสิ้น'),
(939, '190.2.3/031', '168/60', '2017-03-31', 53, 0, 0, 'ขออนุมัติโครงการเสริมสร้างคุณธรรม จริยธรรม บัณฑิตแพทย์แผนไทยไม่โกง', '', 14, 56, 64, 317, 6500.00, 'เบิกจ่ายเสร็จสิ้น'),
(940, '190.2.3/035', '169/60', '2017-03-31', 53, 0, 0, 'ขออนุมัติโครงการปัจฉิมนิเทศนักศึกษา ประจำปีการศึกษา 2559', '', 14, 56, 64, 317, 12000.00, 'เบิกจ่ายเสร็จสิ้น'),
(941, '190.2.9/013', '170/60', '2017-03-30', 53, 0, 0, 'ขออนุมัติปฏิบัติงานนกเวลา', '', 14, 55, 61, 299, 300.00, 'เบิกจ่ายเสร็จสิ้น'),
(942, '190.2.10/006', '171/60', '2017-03-31', 53, 0, 0, 'ขออนุมัติใช้เงินค่าสอนพิเศษ 190-215', '', 14, 55, 61, 300, 6000.00, 'เบิกจ่ายเสร็จสิ้น'),
(943, '190.1.4/041.1', '172/60', '2017-04-03', 53, 0, 0, 'ขออนุมัติปฎิบัติงานนอกเวลา', '', 14, 55, 61, 299, 120.00, 'เบิกจ่ายเสร็จสิ้น'),
(944, '190.1.1/017', '173/60', '2017-04-03', 53, 0, 0, 'ขออนุมัติใช้เงินพร้อมเบิกจ่ายค่าอาหาร (ตามคำสั่ง 1432/54)', '', 14, 54, 59, 0, 2070.00, 'เบิกจ่ายเสร็จสิ้น'),
(945, '190.1.4/060', '174/60', '2017-04-10', 53, 0, 0, 'ขออนุมัติเบิกจ่ายเงินประจำตำแหน่งหัวหน้าฝ่าย เม.ย. 60', '', 14, 0, 0, 0, 1500.00, 'เบิกจ่ายเสร็จสิ้น'),
(946, '190.1.4/043.2', '175/60', '2017-04-10', 53, 0, 0, 'ขออนุมัติปฏิบัตงานนอกเวลา', '', 14, 0, 0, 0, 1860.00, 'เบิกจ่ายเสร็จสิ้น'),
(947, '190.1.1/019', '176/60', '2017-04-11', 53, 0, 0, 'ขออนุมัติใช้เงินพร้อมเบิกจ่ายค่าอาหาร (ตามคำสั่ง 1432/54)', '', 14, 0, 0, 0, 2465.00, 'เบิกจ่ายเสร็จสิ้น'),
(948, '190.1.4/063', '177/60', '2017-04-25', 53, 0, 0, 'ขออนุมัติใช้เงินค่าโทรศัพท์  มี.ค. 60', '', 14, 0, 0, 0, 664.37, 'เบิกจ่ายเสร็จสิ้น'),
(949, '190.1.1/020', '178/60', '2017-04-25', 53, 0, 0, 'ขออนุมัติใช้เงินพร้อมเบิกจ่ายค่าอาหาร (ตามคำสั่ง 1432/54)', '', 14, 0, 0, 0, 3260.00, 'เบิกจ่ายเสร็จสิ้น'),
(950, '190.1.2/052', '179/60', '2017-04-20', 53, 0, 0, 'ขออนุมัติเพงินสมทบทุนโครงการเยาวชนรางวัลสมเด็จเจ้าฟ้ามหดล', '', 14, 0, 0, 0, 10000.00, 'เบิกจ่ายเสร็จสิ้น'),
(951, '190.1.4/056', '180/60', '2017-04-05', 53, 0, 0, 'ขอเบิกจ่ายค่าจ้าง เม.ย. 60', '', 14, 0, 0, 0, 314510.60, 'เบิกจ่ายเสร็จสิ้น'),
(952, '190.1.2/146', '1/60', '2016-10-17', 53, 0, 0, 'ขออนุมัติเบิกจ่ายค่าเดินทาง', '', 15, 62, 71, 347, 6070.00, 'เบิกจ่ายเสร็จสิ้น'),
(953, '193/106', '2/60', '2016-10-04', 53, 0, 0, 'ขออนุมัติเดินทาง อ.นงลักษณ์', '', 15, 62, 71, 347, 7000.00, 'ยังไม่เบิกจ่าย'),
(954, '190.1.5/681', '3/60', '2016-10-06', 53, 0, 0, 'ขออนุมัติถ่ายเอกสาร', '', 15, 62, 71, 350, 8281.50, 'ยังไม่เบิกจ่าย'),
(955, '190.1.5/667', '4/60', '2016-10-03', 53, 0, 0, 'ขออนุมัติซื้อวัสดุ', '', 15, 62, 71, 350, 800.00, 'ยังไม่เบิกจ่าย'),
(956, '190.1.5/678', '5/60', '2016-10-04', 53, 0, 0, 'ขออนุมัติซื้อวัสดุ', '', 15, 62, 71, 350, 70.00, 'ยังไม่เบิกจ่าย'),
(957, '190.1.5/695', '6/60', '2016-10-12', 53, 0, 0, 'ขออนุมัติถ่ายเอกสาร', '', 15, 62, 71, 350, 1250.00, 'ยังไม่เบิกจ่าย'),
(958, '190.1.5/696', '7/60', '2016-10-12', 53, 0, 0, 'ขออนุมัติถ่ายเอกสาร', '', 15, 62, 71, 350, 2764.00, 'ยังไม่เบิกจ่าย'),
(959, '190.1.5/738', '8/60', '2016-10-26', 53, 0, 0, 'ขออนุมัติถ่ายเอกสาร', '', 15, 62, 71, 350, 185.50, 'ยังไม่เบิกจ่าย'),
(960, '190.1.5/663', '9/60', '2016-10-03', 53, 0, 0, 'ขออนุมัติจ้างเหมาทำความสะอาดห้องเรียน', '', 15, 62, 71, 349, 2000.00, 'ยังไม่เบิกจ่าย'),
(961, '190.1.5/664', '10/60', '2016-10-03', 53, 0, 0, 'ขออนุมัติจ้างเหมาทำความสะอาดห้องเรียน', '', 15, 62, 71, 349, 3200.00, 'ยังไม่เบิกจ่าย'),
(962, '190.1.2/152', '11/60', '2016-11-11', 53, 0, 0, 'ขออนุมัติเบิกจ่ายค่าเดินทาง', '', 15, 62, 71, 347, 6870.00, 'ยังไม่เบิกจ่าย'),
(963, '190.2.10/103', '12/60', '2016-10-05', 53, 0, 0, 'ขออนุมัติเบิกจ่ายค่าเดินทาง', '', 15, 62, 71, 347, 200.00, 'ยังไม่เบิกจ่าย'),
(964, '190.2.10/111', '13/60', '2016-11-01', 53, 0, 0, 'ขออนุมัติเบิกจ่ายค่าตอบเเทนอาจารย์พิเศษ', '', 15, 61, 69, 340, 800.00, 'ยังไม่เบิกจ่าย'),
(965, '190.1.5/739', '14/60', '2016-10-26', 53, 0, 0, 'ขออนุมัติจ้างเหมาบริการเครื่องถ่ายเอกสาร', '', 15, 62, 71, 349, 5562.90, 'ยังไม่เบิกจ่าย'),
(966, '190.2.10/115', '15/60', '2016-11-08', 53, 0, 0, 'ขออนุมัติเบิกจ่ายค่าตอบเเทนอาจารย์พิเศษ', '', 15, 61, 69, 340, 3200.00, 'ยังไม่เบิกจ่าย'),
(967, '190.2.10/116', '16/60', '2016-11-08', 53, 0, 0, 'ขออนุมัติเบิกจ่ายค่าตอบเเทนอาจารย์พิเศษ', '', 15, 61, 69, 340, 800.00, 'ยังไม่เบิกจ่าย'),
(968, '190.1.4/126.1', '17/60', '2017-05-02', 53, 0, 0, 'ขออนุมัติปฏิบัติงานนอกเวลาราชการ', '', 15, 61, 69, 340, 2280.00, 'ยังไม่เบิกจ่าย'),
(969, '190.1.5/752', '18/60', '2016-10-31', 53, 0, 0, 'ขออนุมัติซื้อวัสดุ', '', 15, 62, 71, 350, 70.00, 'ยังไม่เบิกจ่าย'),
(970, '193/114', '19/60', '2016-10-27', 53, 0, 0, 'ขออนุมัติเบิกจ่ายปฏิบัติงานนอกเวลา', '', 15, 61, 69, 340, 240.00, 'ยังไม่เบิกจ่าย'),
(971, '190.1.4/131', '20/60', '2016-10-28', 53, 0, 0, 'ขออนุมัติใช้เงินค่าลงทะเบียน', '', 15, 62, 71, 347, 999.00, 'ยังไม่เบิกจ่าย'),
(972, '190.2.10/118', '21/60', '2016-11-11', 53, 0, 0, 'ขออนุมัติเบิกจ่ายค่าตอบเเทนอาจารย์พิเศษ', '', 15, 61, 69, 340, 1600.00, 'ยังไม่เบิกจ่าย'),
(973, '190.2.10/102', '22/60', '2016-10-19', 53, 0, 0, 'ขออนุมัติเบิกจ่ายค่าเดินทาง', '', 15, 62, 71, 347, 300.00, 'ยังไม่เบิกจ่าย'),
(974, '190.2.10/107', '23/60', '2016-10-19', 53, 0, 0, 'ขออนุมัติเบิกจ่ายค่าเดินทาง', '', 15, 62, 71, 347, 400.00, 'ยังไม่เบิกจ่าย'),
(975, '190.1.5/757', '24/60', '2016-11-01', 53, 0, 0, 'ขออนุมัติจ้างเหมาซ่อมครุภัณฑ์', '', 15, 62, 71, 349, 13375.00, 'ยังไม่เบิกจ่าย'),
(976, '190.1.5/668', '25/60', '2016-10-03', 53, 0, 0, 'ขออนุมัติซื้อวัสดุ', '', 15, 62, 71, 350, 800.00, 'ยังไม่เบิกจ่าย'),
(977, '190.1.5/681.1', '26/60', '2016-10-06', 53, 0, 0, 'ขออนุมัติซื้อวัสดุ', '', 15, 62, 71, 350, 774.00, 'ยังไม่เบิกจ่าย'),
(978, '190.2.9/021', '27/60', '2016-11-01', 53, 0, 0, 'ขออนุมัติปฏิบัติงานนอกเวลาราชการ', '', 15, 61, 69, 340, 2160.00, 'ยังไม่เบิกจ่าย'),
(979, '190.1.5/769', '28/60', '2016-11-03', 53, 0, 0, 'ขออนุมัติซื้อวัสดุ', '', 15, 62, 71, 350, 4548.00, 'ยังไม่เบิกจ่าย'),
(980, '190.1.5/790', '29/60', '2016-11-14', 53, 0, 0, 'ขออนุมัติซื้อวัสดุ', '', 15, 62, 71, 350, 1200.00, 'ยังไม่เบิกจ่าย'),
(981, '190.1.5/762', '30/60', '2016-11-02', 53, 0, 0, 'ขออนุมัติซื้อวัสดุ', '', 15, 62, 71, 350, 4088.00, 'ยังไม่เบิกจ่าย'),
(982, '190.1.5/786', '31/60', '2016-11-11', 53, 0, 0, 'ขออนุมัติซื้อวัสดุ', '', 15, 62, 71, 350, 900.00, 'ยังไม่เบิกจ่าย'),
(983, '190.1.5/733', '32/60', '2016-10-25', 53, 0, 0, 'ขออนุมัติซื้อวัสดุ', '', 15, 62, 71, 350, 2771.00, 'ยังไม่เบิกจ่าย'),
(984, '190.1.5/763.1', '33/60', '2016-11-02', 53, 0, 0, 'ขออนุมัติซื้อวัสดุ', '', 15, 62, 71, 350, 8830.00, 'ยังไม่เบิกจ่าย'),
(985, '193/155', '34/60', '2016-11-08', 53, 0, 0, 'ขออนุมัติเบิกจ่ายค่าเดินทาง', '', 15, 62, 71, 347, 7386.00, 'ยังไม่เบิกจ่าย'),
(986, '190.1.5/766', '35/60', '2016-11-03', 53, 0, 0, 'ขออนุมัติจ้างเหมาทำความสะอาด', '', 15, 62, 71, 349, 23200.00, 'ยังไม่เบิกจ่าย'),
(987, '190.1.2/160', '36/60', '2016-11-22', 53, 0, 0, 'ขออนุมัติเบิกจ่ายค่าเดินทาง', '', 15, 62, 71, 347, 5270.00, 'ยังไม่เบิกจ่าย'),
(988, '190.1.5/682', '37/60', '2016-10-06', 53, 0, 0, 'ขออนุมัติถ่ายเอกสาร', '', 15, 62, 71, 350, 900.75, 'ยังไม่เบิกจ่าย'),
(989, '190.1.5/763', '38/60', '2016-11-02', 53, 0, 0, 'ขออนุมัติซื้อวัสดุ', '', 15, 62, 71, 350, 15639.00, 'ยังไม่เบิกจ่าย'),
(990, '190.1.5/801', '39/60', '2016-11-17', 53, 0, 0, 'ขออนุมัติซื้อวัสดุ', '', 15, 62, 71, 350, 1672.00, 'ยังไม่เบิกจ่าย'),
(991, '190.1.5/807', '40/60', '2016-11-22', 53, 0, 0, 'ขออนุมัติจ้างเหมาบริการเครื่องถ่ายเอกสาร', '', 15, 62, 71, 349, 4071.00, 'ยังไม่เบิกจ่าย'),
(992, '190.1.5/808', '41/60', '2016-11-22', 53, 0, 0, 'ขออนุมัติเบิกจ่ายค่าวัสดุ', '', 15, 62, 71, 350, 60.00, 'ยังไม่เบิกจ่าย'),
(993, '190.1.5/812', '42/60', '2016-11-23', 53, 0, 0, 'ขออนุมัติจ้างเหมาซ่อมนาฬิกาเเขวนผนัง', '', 15, 62, 71, 348, 280.00, 'ยังไม่เบิกจ่าย'),
(994, '190.2.10/127', '43/60', '2016-11-24', 53, 0, 0, 'ขออนุมัติเบิกจ่ายค่าตอบเเทนอาจารย์พิเศษ', '', 15, 61, 69, 340, 800.00, 'ยังไม่เบิกจ่าย'),
(995, '190.2.10/126', '44/60', '2016-11-24', 53, 0, 0, 'ขออนุมัติเบิกจ่ายค่าตอบเเทนอาจารย์พิเศษ', '', 15, 61, 69, 340, 3600.00, 'ยังไม่เบิกจ่าย'),
(996, '190.1.5/777', '45/60', '2016-11-08', 53, 0, 0, 'ขออนุมัติจ้างเหมาเช่ารถยนต์', '', 15, 62, 71, 349, 1800.00, 'ยังไม่เบิกจ่าย'),
(997, '190.1.5/680', '46/60', '2016-10-06', 53, 0, 0, 'ขออนุมัติซื้อวัสดุ', '', 15, 62, 71, 350, 944.00, 'ยังไม่เบิกจ่าย'),
(998, '190.1.5/735', '47/60', '2016-10-25', 53, 0, 0, 'ขออนุมัติจ้างเหมาเช่ารถยนต์', '', 15, 62, 71, 349, 1800.00, 'ยังไม่เบิกจ่าย'),
(999, '190.1.5/662', '48/60', '2016-10-03', 53, 0, 0, 'ขออนุมัติซื้อวัสดุ', '', 15, 62, 71, 350, 800.00, 'ยังไม่เบิกจ่าย'),
(1000, '190.1.5/712', '49/60', '2016-10-17', 53, 0, 0, 'ขออนุมัติซื้อวัสดุ', '', 15, 62, 71, 350, 8380.50, 'ยังไม่เบิกจ่าย'),
(1001, '193/112', '50/60', '2016-11-07', 53, 0, 0, 'ขออนุมัติเบิกจ่ายค่าเดินทาง', '', 15, 62, 71, 347, 12000.00, 'ยังไม่เบิกจ่าย'),
(1002, '190.1.5/782', '51/60', '2016-11-10', 53, 0, 0, 'ขออนุมัติซื้อวัสดุ', '', 15, 62, 71, 350, 8724.00, 'ยังไม่เบิกจ่าย'),
(1003, '190.1.5/815', '52/60', '2016-11-24', 53, 0, 0, 'ขออนุมัติซื้อวัสดุ', '', 15, 62, 71, 350, 1311.00, 'ยังไม่เบิกจ่าย'),
(1004, '190.2.10/125', '53/60', '2016-11-21', 53, 0, 0, 'ขออนุมัติเบิกจ่ายค่าเดินทาง', '', 15, 62, 71, 347, 200.00, 'ยังไม่เบิกจ่าย'),
(1005, '190.1.5/795', '54/60', '2016-11-16', 53, 0, 0, 'ขออนุมัติจ้างเหมาซ่อมมุ้งลวด', '', 15, 62, 71, 348, 6000.00, 'ยังไม่เบิกจ่าย'),
(1006, '190.1.5/751', '55/60', '2016-10-31', 53, 0, 0, 'ขออนุมัติจ้างเหมาทำความสะอาดห้องเรียน', '', 15, 62, 71, 349, 3600.00, 'ยังไม่เบิกจ่าย'),
(1007, '190.1.5/750', '56/60', '2016-10-31', 53, 0, 0, 'ขออนุมัติจ้างเหมาทำความสะอาดห้องเรียน', '', 15, 62, 71, 349, 2500.00, 'ยังไม่เบิกจ่าย'),
(1008, '190.1.5/820', '57/60', '2016-11-28', 53, 0, 0, 'ขออนุมัติถ่ายเอกสาร', '', 15, 62, 71, 350, 2108.50, 'ยังไม่เบิกจ่าย'),
(1009, '193/108.1', '58/60', '2016-10-06', 53, 0, 0, 'ขออนุมัติเบิกจ่ายค่าเดินทาง', '', 15, 62, 71, 347, 12000.00, 'ยังไม่เบิกจ่าย'),
(1010, '190.2.4/032', '59/60', '2016-11-28', 53, 0, 0, 'ขออนุมัติเบิกจ่ายค่าเดินทาง', '', 15, 62, 71, 347, 420.00, 'ยังไม่เบิกจ่าย'),
(1011, '190.1.5/832', '60/60', '2016-12-01', 53, 0, 0, 'ขออนุมัติซื้อวัสดุ', '', 15, 62, 71, 350, 555.00, 'ยังไม่เบิกจ่าย'),
(1012, '193/042', '181/60', '2017-04-04', 53, 0, 0, 'เดินทาง สิริพร จารุกิตติ์สกุล', '', 14, 56, 63, 316, 12000.00, 'เบิกจ่ายเสร็จสิ้น'),
(1013, '190.2.10/136', '61/60', '2016-12-02', 53, 0, 0, 'ขออนุมัติเบิกจ่ายค่าเดินทาง', '', 15, 62, 71, 347, 4800.00, 'ยังไม่เบิกจ่าย'),
(1014, '190.2.10/135', '62/60', '2016-12-02', 53, 0, 0, 'ขออนุมัติเบิกจ่ายค่าเดินทาง', '', 15, 62, 71, 347, 900.00, 'ยังไม่เบิกจ่าย'),
(1015, '193/041', '182/60', '2017-04-04', 53, 0, 0, 'ขออนุมัติเดินทาง ฐาปนีย์ เขียวจีน', '', 14, 56, 63, 316, 12000.00, 'เบิกจ่ายเสร็จสิ้น'),
(1016, '190.1.5/791', '63/60', '2016-11-14', 53, 0, 0, 'ขออนุมัติจ้างเหมาเช่ารถยนต์', '', 15, 62, 71, 349, 1800.00, 'ยังไม่เบิกจ่าย'),
(1017, '190.1.5/679.1', '64/60', '2016-10-06', 53, 0, 0, 'ขออนุมัติซื้อวัสดุ', '', 15, 62, 71, 350, 330.00, 'ยังไม่เบิกจ่าย'),
(1018, '190.1.5/882', '65/60', '2016-12-21', 53, 0, 0, 'ขออนุมัติซื้อวัสดุ', '', 15, 62, 71, 350, 1490.00, 'ยังไม่เบิกจ่าย'),
(1019, '190.1.5/881', '66/60', '2016-12-21', 53, 0, 0, 'ขออนุมัติจ้างเหมาเครื่องถ่ายเอกสาร', '', 15, 62, 71, 349, 5165.40, 'ยังไม่เบิกจ่าย'),
(1020, '190.1.5/861', '67/60', '2016-12-14', 53, 0, 0, 'ขออนุมัติจ้าเหมาซ่อมฯ', '', 15, 62, 71, 348, 1000.00, 'ยังไม่เบิกจ่าย'),
(1021, '190.2.10/029', '183/60', '2017-04-11', 53, 0, 0, 'ขออนุมัติใช้เงินช่วยเหลือ พขร.', '', 14, 55, 61, 0, 180.00, 'เบิกจ่ายเสร็จสิ้น'),
(1022, '190.1.5/834', '68/60', '2016-12-01', 53, 0, 0, 'ขออนุมัติจ้างเหมาซ่อมเครื่องปรับอากาศ', '', 15, 62, 71, 348, 1800.00, 'ยังไม่เบิกจ่าย'),
(1023, '190.1.2/166', '69/60', '2016-12-19', 53, 0, 0, 'ขออนุมัติเบิกจ่ายค่าเดินทาง', '', 15, 62, 71, 350, 7670.00, 'ยังไม่เบิกจ่าย'),
(1024, '190.1.5/770', '70/60', '2016-11-03', 53, 0, 0, 'ขออนุมัติซื้อวัสดุ', '', 15, 62, 71, 350, 6459.00, 'ยังไม่เบิกจ่าย'),
(1025, '190.2.3/034', '184/60', '2017-04-18', 53, 0, 0, 'ขออนุมัติโครงการโรงเรียนเพื่อน', '', 14, 56, 64, 317, 500.00, 'เบิกจ่ายเสร็จสิ้น'),
(1026, '190.1.5/829', '71/60', '2016-12-01', 53, 0, 0, 'ขออนุมัติถ่ายเอกสาร', '', 15, 62, 71, 350, 6543.50, 'ยังไม่เบิกจ่าย'),
(1027, '190.3/095', '185/60', '2017-04-03', 53, 0, 0, 'ขออนุมัติเดินทางไปปฏิบัตงาน สุพรรณิกา ใจสมัน', '', 14, 54, 60, 0, 10000.00, 'เบิกจ่ายเสร็จสิ้น'),
(1028, '190.2.3/036', '186/60', '2017-04-24', 53, 0, 0, 'ขออนุมัตรโครงการเตรียมความพร้อมเพื่อการสอบความรู้วิชาชีพฯ ', '', 14, 56, 64, 317, 8000.00, 'เบิกจ่ายเสร็จสิ้น'),
(1030, '190.2.10/031', '188/60', '2017-04-26', 53, 0, 0, 'ค่าตรวจข้อสอบ 2/59', '', 14, 55, 61, 303, 3060.00, 'เบิกจ่ายเสร็จสิ้น'),
(1033, '190.1.4/067', '189/60', '2017-05-01', 53, 0, 0, 'เบิกเงินประจำตำแหน่งผู้บริหารคณะฯ   ประจำเดือน พ.ค. 60', '', 14, 0, 0, 0, 10100.00, 'เบิกจ่ายเสร็จสิ้น'),
(1034, '190.1.4/068', '190/60', '2017-05-01', 53, 0, 0, 'ขออนุมัติค่าตอบแทนหัวหน้าฝ่ายสนับสนุนวิชาการ เดือน พ.ค. 60', '', 14, 0, 0, 0, 1500.00, 'เบิกจ่ายเสร็จสิ้น'),
(1035, '190.1.4/066', '191/60', '2017-05-01', 53, 0, 0, 'ขออนุมัติเบิกจ่ายเงินค่าตอบแทนตำแหน่งผู้บริหาร พ.ค. 60', '', 14, 0, 0, 0, 25800.00, 'เบิกจ่ายเสร็จสิ้น'),
(1036, '190.1.4/071', '192/60', '2017-05-09', 53, 0, 0, 'ขออนุมัติใช้เงินพร้อมเบิกจ่ายค่าโทรศัพท์ เดือน เม.ย. 60', '', 14, 0, 0, 0, 541.20, 'เบิกจ่ายเสร็จสิ้น'),
(1037, '190.1.1/022', '193/60', '2017-05-15', 53, 0, 0, 'ขออนุมัติใช้เงินพร้อมเบิกจ่ายค่าอาหาร (ตามคำสั่ง 1432/54)', '', 14, 0, 0, 0, 1555.00, 'เบิกจ่ายเสร็จสิ้น'),
(1038, '190.1.1/024', '194/60', '2017-05-29', 53, 0, 0, 'ขออนุมัติใช้เงินพร้อมเบิกจ่ายค่าอาหาร (ตามคำสั่ง 1432/54)', '', 14, 0, 0, 0, 1745.00, 'เบิกจ่ายเสร็จสิ้น'),
(1039, '190.1.4/069.1', '195/60', '2017-05-01', 53, 0, 0, 'ขออนุมัติปฏิบัติงานนอกเวลา', '', 14, 0, 0, 0, 1500.00, 'เบิกจ่ายเสร็จสิ้น'),
(1040, '190.2.3/049', '196/60', '2017-05-19', 53, 0, 0, 'ขออนุมัติใช้เงินพร้อมเบิกจ่ายทุนการศึกษานักศึกษาช่วยงานสอน 2/59 งวดที่ 3', '', 14, 0, 0, 0, 13450.00, 'เบิกจ่ายเสร็จสิ้น'),
(1041, '190.2.3/050', '197/60', '2017-05-19', 53, 0, 0, 'ขออนุัมัติใช้เงินพร้อมเบิกจ่ายทุนการศึกษช่วยเหลือนักศึกษาทำงานแลกเปลี่ยน 2/59 งวดที่ 3', '', 14, 0, 0, 0, 7545.00, 'เบิกจ่ายเสร็จสิ้น'),
(1042, '190.1.4/065', '198/60', '2017-05-01', 53, 0, 0, 'ขออนุมัติเบิกค่าจ้างเดือน พ.ค. 60', '', 14, 0, 0, 0, 314510.60, 'เบิกจ่ายเสร็จสิ้น'),
(1044, '190.2.3/047', '199/60', '2017-05-05', 53, 0, 0, 'ขออนุมัติเงินสนับสนุนการจัดการงานสืบสานความดี 50 ปี ม.อ.', '', 14, 0, 0, 0, 3000.00, 'เบิกจ่ายเสร็จสิ้น'),
(1045, '190.3/118', '200/60', '2017-05-03', 53, 0, 0, 'ขออนุมัติเดินทาง นายคมจักร แก้วน้อย', '', 14, 0, 0, 0, 5740.00, 'เบิกจ่ายเสร็จสิ้น'),
(1046, '193/062', '201/60', '2017-05-09', 53, 0, 0, 'ขออนุมัติเดินทาง อ.กชกร  มุสิกพงษ์', '', 14, 0, 0, 0, 5160.00, 'เบิกจ่ายเสร็จสิ้น'),
(1047, '190.1.2/063', '202/60', '2017-05-22', 53, 0, 0, 'ขออนุมัติใช้เงินค่าตอบแทนคณะกรรมการประจำคณะฯ ครั้งที่ 4/2560', '', 14, 0, 0, 0, 2625.00, 'เบิกจ่ายเสร็จสิ้น'),
(1048, '190.3/121', '203/60', '2017-06-01', 53, 0, 0, '', '', 14, 0, 0, 0, 6120.00, 'เบิกจ่ายเสร็จสิ้น'),
(1049, '190.1.4/053', '204/60', '2017-05-01', 53, 0, 0, 'ขอเบิกเงินประจำตำแหน่งผู้บริหาร เม.ย. 60', '', 14, 0, 0, 0, 10100.00, 'เบิกจ่ายเสร็จสิ้น'),
(1050, '190.1.4/052', '205/60', '2017-05-01', 53, 0, 0, 'ขออนุมัติเบิกจ่ายเงินค่าตอบแทนตำแหน่งผู้บริหาร เม.ย.60', '', 14, 0, 0, 0, 25800.00, 'เบิกจ่ายเสร็จสิ้น'),
(1051, '190.2.9/017', '206/60', '2017-06-29', 53, 0, 0, 'ค่าตรวจข้อสอบประมวลวความรอบรู้', '', 14, 55, 61, 303, 540.00, 'เบิกจ่ายเสร็จสิ้น'),
(1052, '190.2.9/018', '207/60', '2017-06-29', 53, 0, 0, 'ขออนุมัติค่าล่วงเวลาสอบประมวล', '', 14, 55, 61, 299, 2340.00, 'เบิกจ่ายเสร็จสิ้น'),
(1053, '190.2.019', '208/60', '2017-06-29', 53, 0, 0, 'ขออนุมัติปฏิบัติงานอกเวลาสอบประมวล', '', 14, 55, 61, 299, 660.00, 'เบิกจ่ายเสร็จสิ้น'),
(1054, '190.2.3/066', '209/60', '2017-06-29', 53, 0, 0, 'ขออนุมัติจัดโครงการค่ายมหิดล วันที่ 2-3 ก.ย. 60', '', 14, 56, 64, 317, 10000.00, 'เบิกจ่ายเสร็จสิ้น'),
(1055, '190.2.3/067', '210/60', '2017-06-30', 53, 0, 0, 'ขออนุมัติโครงการไหว้ครูการแพทย์แผนไทย 9 ก.ย. 60', '', 14, 59, 67, 327, 47300.00, 'เบิกจ่ายเสร็จสิ้น'),
(1056, '190.1.2/088', '211/60', '2017-06-19', 53, 0, 0, 'ขออนุมัติจัดทำประกันภัยอุบัติเหตุส่วนบุคคล(กลุ่ม)', '', 14, 54, 59, 283, 4300.00, 'เบิกจ่ายเสร็จสิ้น'),
(1057, '190.1.1/030', '212/60', '2017-06-29', 53, 0, 0, 'ขออนุมัติใช้เงินพร้อมเบิกจ่ายค่าอาหาร (ตามคำสั่ง 1432/54)', '', 14, 54, 59, 277, 1730.00, 'เบิกจ่ายเสร็จสิ้น'),
(1058, '190.2.3/065', '213/60', '2017-06-29', 53, 0, 0, 'ขออนุมัติจัดโครงการพัฒนาทักษะการคิดและทักษะชีวิติ 22 ก.ย. 60', '', 14, 56, 64, 317, 6000.00, 'เบิกจ่ายเสร็จสิ้น'),
(1059, '190.2.3/066', '214/60', '2017-06-29', 53, 0, 0, 'ขออนุมัติใช้เงินจัดกิจกรรมเตรียมความพร้อมพิธีพระราชทานปริญยาบัตร22-24 ก.ย. 60', '', 14, 56, 64, 317, 17000.00, 'เบิกจ่ายเสร็จสิ้น'),
(1060, '190.2.3/063', '215/60', '2017-06-30', 53, 0, 0, 'ขออนุมัติจัดดครงการปฐมนิเทศนักศึกษาใหม่ 10 ส.ค. 60', '', 14, 56, 64, 317, 10000.00, 'เบิกจ่ายเสร็จสิ้น'),
(1061, '190.2.3/062', '216/60', '2017-06-30', 53, 0, 0, 'ขออนุมัติจัดดครงการค่านสานสัมพันธ์น้อง - พี่ ครั้งที่ 12  5-26 ส.ค. 60', '', 14, 56, 64, 317, 25000.00, 'เบิกจ่ายเสร็จสิ้น'),
(1062, '190.2.3/064', '217/60', '2017-06-29', 53, 0, 0, 'ขออนุมัติใช้เงินโครงการโต้วาทีน้องใหม่  14-17 ก.ย. 60', '', 14, 56, 64, 317, 1000.00, 'เบิกจ่ายเสร็จสิ้น'),
(1063, '190.2.10/043', '218/60', '2017-06-23', 53, 0, 0, 'ขออนุมัติใช้เงินค่าน้ำมันเชื้อเพลิง ', '', 14, 55, 61, 310, 3200.00, 'เบิกจ่ายเสร็จสิ้น'),
(1064, '190.2.10/044', '219/60', '2017-06-23', 53, 0, 0, 'ขออนุมัติใช้เงินค่าเงินช่วยเหลือค่าอาหารบุคลากร ', '', 14, 55, 61, 299, 200.00, 'เบิกจ่ายเสร็จสิ้น'),
(1065, '190.2.10/045', '220/60', '2017-06-23', 53, 0, 0, 'ขออนุมัติใช้เงินค่าตอบแทนผู้ปฎิบัติงานในภาคฤดูร้อน 3/59', '', 14, 55, 61, 299, 12600.00, 'เบิกจ่ายเสร็จสิ้น'),
(1066, '190.2.10/047', '220/60', '2017-06-23', 53, 0, 0, 'ขออนุมัติใช้เงินค่าตรวจข้อสอบ 3/59', '', 14, 55, 61, 303, 370.00, 'เบิกจ่ายเสร็จสิ้น'),
(1067, '190.2.10/048', '221/60', '2017-06-29', 53, 0, 0, 'ขออนุมัติใช้เงินค่าตอบแทนอาจารย์พิเศษ', '', 14, 55, 61, 298, 4800.00, 'เบิกจ่ายเสร็จสิ้น'),
(1068, '190.1.2/066', '222/60', '2017-06-01', 53, 0, 0, 'ขออนุมัติค่าต่ออายุใบอนุญาตทำงานอาจารย์ชาวต่างประเทศ', '', 14, 55, 61, 304, 3100.00, 'เบิกจ่ายเสร็จสิ้น'),
(1069, '193/081', '223/60', '2017-06-02', 53, 0, 0, 'ขออนุมัติเดินทาง อ.กวิน  6-10 มิ.ย. 60', '', 14, 56, 63, 316, 7824.00, 'เบิกจ่ายเสร็จสิ้น'),
(1070, '190.1.1/025', '224/60', '2017-06-05', 53, 0, 0, 'ขออนุมัติใช้เงินค่าอาหาร', '', 14, 54, 59, 277, 18000.00, 'เบิกจ่ายเสร็จสิ้น'),
(1071, '190.1.2/073', '225/60', '2017-06-06', 53, 0, 0, 'ขออนุมัติใช้เงินค่าตอบแทนคณะกรรมการประจำคณะฯ ครั้งที่ 5/2560', '', 14, 54, 59, 271, 4125.00, 'เบิกจ่ายเสร็จสิ้น'),
(1072, '190.2.2/037', '226/60', '2017-07-14', 53, 0, 0, 'ขออนุมัติจัดโครงการเตรียมความพร้อมและปฐมนิเทศนักศึกษาระดับบัญฑิตศึกษา ', '', 14, 56, 64, 321, 2275.00, 'เบิกจ่ายเสร็จสิ้น'),
(1073, '190.3/147', '227/60', '2017-06-08', 53, 0, 0, 'ขออนุมัติเดินทาง สลิลทิพย์ ฟุ้งธรรมสาร 11-13 มิ.ย. 60', '', 14, 54, 60, 355, 4040.00, 'เบิกจ่ายเสร็จสิ้น'),
(1075, '190.2.10/038', '229/60', '2017-06-23', 53, 0, 0, 'ขออนุมัติค่าสอน 190-202', '', 14, 55, 61, 298, 5000.00, 'เบิกจ่ายเสร็จสิ้น'),
(1076, '190.2.10/042', '230/60', '2017-06-23', 53, 0, 0, 'ขออนุมัติค่าสอน 190-403', '', 14, 55, 61, 298, 2400.00, 'เบิกจ่ายเสร็จสิ้น'),
(1077, '190.2.10/041', '231/60', '2017-06-23', 53, 0, 0, 'ขออนุมัติค่าสอน 190-304', '', 14, 55, 61, 298, 1000.00, 'เบิกจ่ายเสร็จสิ้น'),
(1078, '190.1.7/010', '232/60', '2017-06-27', 53, 0, 0, 'ขออนุมัติใช้เงินการจัดประเมินคุณภาพภายในแบบ site visit  วันที่ 14 ก.ย. 60', '', 14, 54, 59, 288, 5600.00, 'เบิกจ่ายเสร็จสิ้น'),
(1079, '190.2.10/040', '233/60', '2017-06-23', 53, 0, 0, 'ขออนุมัติค่าสอน 190-303', '', 14, 55, 61, 298, 800.00, 'เบิกจ่ายเสร็จสิ้น'),
(1080, '190.2.3/068', '234/60', '2017-06-29', 53, 0, 0, 'ขออนุมัติจัดดครงการไหว้ครูมหาวิทยาลัย 24 ส.ค. 60', '', 14, 59, 67, 327, 2700.00, 'เบิกจ่ายเสร็จสิ้น'),
(1081, '190.2.4/022', '235/60', '2017-06-29', 53, 0, 0, 'ขออนุมัติจัดดครงกา ม.อ. วิชาการประจำปี 2560', '', 14, 58, 66, 324, 30000.00, 'เบิกจ่ายเสร็จสิ้น'),
(1082, '190.2.5/012', '236/60', '2017-06-28', 53, 0, 0, 'ขออนุมัติเพื่อเลี้ยงต้อนรับ', '', 14, 54, 59, 295, 3600.00, 'เบิกจ่ายเสร็จสิ้น'),
(1083, '193/104', '237/60', '2017-06-28', 53, 0, 0, 'ขออนุมัติเดินทาง นายกวิน กปิลกาญจน์ 2-5 สิงหาคม 2560', '', 14, 56, 63, 316, 6216.00, 'เบิกจ่ายเสร็จสิ้น'),
(1085, '190.1.2/089', '239/60', '2017-06-28', 53, 0, 0, 'ขออนุมัติใช้เงินในกิจกรรมคัดเลือกบุคลากรดีเด่น', '', 14, 54, 59, 285, 5000.00, 'เบิกจ่ายเสร็จสิ้น'),
(1087, '190.1.2/091', '241/60', '2017-06-28', 53, 0, 0, 'ขออนุมัตเงินร่วมสมทบกองทุนพิเศา 100 ปี สมเด็จพระบรมราชชนก', '', 14, 54, 59, 295, 1000.00, 'เบิกจ่ายเสร็จสิ้น'),
(1089, '190.1.2/093', '243/60', '2017-06-28', 53, 0, 0, 'ขออนุมัติใช้เงินค่าตอบแทนคณะกรรมการประจำคณะฯ 7/2560', '', 14, 54, 59, 271, 4125.00, 'เบิกจ่ายเสร็จสิ้น'),
(1090, '190.1.2/094', '244/60', '2017-06-28', 53, 0, 0, 'ขออนุมัติจัดโครงการ 5 ส. (ตามคำสั่ง 1432/54)', '', 14, 54, 59, 286, 3000.00, 'เบิกจ่ายเสร็จสิ้น');
INSERT INTO `trn_approve` (`id`, `doc_number`, `file_number`, `doc_date`, `faculty_code`, `department_id`, `division_id`, `subject`, `detail`, `budget_main_id`, `mgt_plans_id`, `mgt_product_id`, `mgt_costs_id`, `amount`, `status`) VALUES
(1093, '193/087', '247/60', '2017-06-05', 53, 0, 0, 'ขออนุมัติเบิกค่าบรรณาสารสงเคราะห์  อ.กชกร  มุสิกพงษ์', '', 14, 0, 0, 0, 150.00, 'เบิกจ่ายเสร็จสิ้น'),
(1094, '190.1.5/305', '248/60', '2017-06-01', 53, 0, 0, 'ค่าน้ำมันเเชื้อเพลิง  ไปจัดหางาน', '', 14, 0, 0, 0, 295.00, 'เบิกจ่ายเสร็จสิ้น'),
(1095, '190.1.2/072', '249/60', '2017-06-02', 53, 0, 0, 'ขออนุมัติพร้อมเบิกจ่ายเงินช่วยเหลือค่าอหารพนักงานขับรถ', '', 14, 0, 0, 0, 260.00, 'เบิกจ่ายเสร็จสิ้น'),
(1096, '190.1.4/076', '250/60', '2017-06-01', 53, 0, 0, 'ขออนุมัติเบิกจ่ายเงินค่าตอบแทนหัวหน้าฝ่ายสนับสนุนวิชาการ มิย. 60', '', 14, 0, 0, 0, 1500.00, 'เบิกจ่ายเสร็จสิ้น'),
(1097, '190.1.4/074', '251/60', '2017-06-01', 53, 0, 0, 'ขออนุมัติเบิกจ่ายเงินค่าตอบแทนตำแหน่งผู้บริหาร มิ.ย. 60', '', 14, 0, 0, 0, 25800.00, 'เบิกจ่ายเสร็จสิ้น'),
(1098, '190.1.4/077', '252/60', '2017-06-01', 53, 0, 0, 'ขออนุมัติเบิกจ่ายค่าจ้าง มิ.ย. 60', '', 14, 0, 0, 0, 314510.60, 'เบิกจ่ายเสร็จสิ้น'),
(1099, '190.1.4/079', '253/60', '2017-06-16', 53, 0, 0, 'ขออนุมัติใช้เงินพร้อมเบิกจ่ายค่าโทรศัพท์ เดือน พ.ค 60', '', 14, 0, 0, 0, 411.31, 'เบิกจ่ายเสร็จสิ้น'),
(1100, '190.3/123', '254/60', '2017-06-09', 53, 0, 0, 'ซื้อวัสดุ', '', 14, 0, 0, 0, 9000.00, 'เบิกจ่ายเสร็จสิ้น'),
(1101, '190.1.5/214', '255/60', '2017-06-01', 53, 0, 0, 'ซื้อวัสดุ', '', 14, 0, 0, 0, 3000.00, 'เบิกจ่ายเสร็จสิ้น'),
(1102, '190.1.1/027', '256/60', '2017-06-12', 53, 0, 0, 'ขออนุมัติใช้เงินพร้อมเบิกจ่ายค่าอาหาร (ตามคำสั่ง 1432/54)', '', 14, 0, 0, 0, 2045.00, 'เบิกจ่ายเสร็จสิ้น'),
(1103, '190.1.1/026', '257/60', '2017-06-08', 53, 0, 0, 'ขออนุมัติใช้เงินพร้อมเบิกจ่ายค่าอาหาร (ตามคำสั่ง 1432/54)', '', 14, 0, 0, 0, 3115.00, 'เบิกจ่ายเสร็จสิ้น'),
(1104, '190.1.5/351', '258/60', '2017-06-08', 53, 0, 0, 'ขออนุมัตซื้อวัสดุ', '', 14, 0, 0, 0, 246.00, 'เบิกจ่ายเสร็จสิ้น'),
(1105, '190.1.2/082', '259/60', '2017-06-14', 53, 0, 0, 'ขออนุมัติเบิกจ่ายค่าเดินทาง อ.สนั่น ไปสาธารณรัฐสิงคโปร์ 19-22 ต.ค. 59', '', 14, 0, 0, 0, 12250.00, 'เบิกจ่ายเสร็จสิ้น'),
(1106, '190.1.1/029', '260/60', '2017-06-27', 53, 0, 0, 'ขออนุมัติใช้เงินพร้อมเบิกจ่ายค่าไปรษณีย์', '', 14, 0, 0, 0, 834.00, 'เบิกจ่ายเสร็จสิ้น'),
(1107, '190.1.4/075', '261/60', '2017-06-01', 53, 0, 0, 'ขอเบิกเงินประจำตำแหน่งผู้บริหาร มิ.ย. 60', '', 14, 0, 0, 0, 10100.00, 'เบิกจ่ายเสร็จสิ้น'),
(1108, '190.2.2/053', '262/60', '2017-06-30', 53, 0, 0, 'ขออนุมัติเชิญอาจารย์พิเศษ 190-501', '', 14, 55, 61, 298, 5940.00, 'เบิกจ่ายเสร็จสิ้น'),
(1109, '190.1.5/451', '263/60', '2017-07-19', 53, 0, 0, 'ขออนุมัติค่าพวงมาลา', '', 14, 54, 59, 289, 1500.00, 'เบิกจ่ายเสร็จสิ้น'),
(1110, '190.2.9/019.1', '264/60', '2017-06-29', 53, 0, 0, 'ขออนุมัติปฏิบัติงานนอกเวลา  สอบประมวล 23,24 ก.ย. 60', '', 14, 55, 61, 299, 660.00, 'เบิกจ่ายเสร็จสิ้น'),
(1111, '190.1.5/455', '265/60', '2017-07-20', 53, 0, 0, 'ขออนุมัติซื้อครุภัณฑ์ โต๊ะพัดอนกประสงค์', '', 14, 55, 61, 313, 7600.00, 'เบิกจ่ายเสร็จสิ้น'),
(1113, '190.2.10/050', '267/60', '2017-07-07', 53, 0, 0, 'ขออนุมัติใช้เงินค่าเดินทางอ.พิเศษ 190-301', '', 14, 55, 61, 302, 400.00, 'เบิกจ่ายเสร็จสิ้น'),
(1114, '190.1.5/466', '268/60', '2017-07-25', 53, 0, 0, 'ขออนุัมัติซื้อครุภัณฑ์ Computer ', '', 14, 55, 61, 313, 18000.00, 'เบิกจ่ายเสร็จสิ้น'),
(1115, '190.1.1/032', '269/60', '2017-07-13', 53, 0, 0, 'ขออนุมัติใช้เงินพร้อมเบิกจ่ายค่าอาหาร (ตามคำสั่ง 1432/54)', '', 14, 54, 59, 277, 2850.00, 'เบิกจ่ายเสร็จสิ้น'),
(1116, '016/60-00152', '270/60', '2017-07-03', 53, 0, 0, 'ขออนุมัตืเดินทาง อ.กิ่งกาญจน์ 7-12 ธ.ค. 60', '', 14, 54, 59, 275, 13625.00, 'เบิกจ่ายเสร็จสิ้น'),
(1117, '190.1.4/094', '271/60', '2017-07-24', 53, 0, 0, 'ขออนุมัติใช้เงินพร้อมเบิกจ่ายค่าโทรศัพท์เดือน มิ.ย. 60', '', 14, 54, 59, 0, 659.76, 'เบิกจ่ายเสร็จสิ้น'),
(1118, '190.1.2/101', '272/60', '2017-07-18', 53, 0, 0, 'ขอเบิกจ่ายเงินค่าสมนาคุณกรรมการผู้ทรงคุณวุฒิ', '', 14, 56, 63, 315, 8580.00, 'เบิกจ่ายเสร็จสิ้น'),
(1119, '190.1.5/386', '273/60', '2017-07-14', 53, 0, 0, 'ขออนุมัติจ้างเหมาบริการกวาดหน้าดิน', '', 14, 55, 61, 307, 160580.00, 'เบิกจ่ายเสร็จสิ้น'),
(1120, '190.1.4/087', '274/60', '2017-08-03', 53, 0, 0, 'ขออนุมัติเบิกจ่ายค่าตอบแทนตำแหน่งหัวหน้าฝ่ายสนับสนุนวิชาการ ก.ค. 60', '', 14, 54, 59, 0, 1500.00, 'เบิกจ่ายเสร็จสิ้น'),
(1121, '190.1.4/086', '275/60', '2017-07-03', 53, 0, 0, 'ขออนุมัติเบิกจ่ายเงินค่าตอบแทนตำแหน่งผู้บริหาร ก.ค. 60', '', 14, 54, 59, 269, 25800.00, 'เบิกจ่ายเสร็จสิ้น'),
(1122, '190.1.4/085', '276/60', '2017-07-03', 53, 0, 0, 'ขอเบิกเงินประจำตำแหน่งผู้บริหารของคณะการแพทย์แผนไทย ก.ค. 60', '', 14, 54, 59, 268, 10100.00, 'เบิกจ่ายเสร็จสิ้น'),
(1123, '190.1.4/084', '277/60', '2017-07-03', 53, 0, 0, 'ขอเบิกจ่ายเงินรายได้คณะการแพทย์แผนไทย  ก.ค. 60 ปีงบประมาณ 2560', '', 14, 0, 0, 0, 314510.60, 'เบิกจ่ายเสร็จสิ้น'),
(1124, '190.1.5/475', '278/60', '2017-07-31', 53, 0, 0, 'ขออนุมัติซื้อเสื้อครุยผู้บริหาร', '', 14, 54, 59, 289, 22042.00, 'เบิกจ่ายเสร็จสิ้น'),
(1125, '193/123.2', '279/60', '2017-08-09', 53, 0, 0, 'ขออนุมัติเบิกจ่ายค่าใช้จ่ายในการเดินทางณ ต่างประเทศ ผศ.ดร.นันทิยา  จ้อยชะรัด', '', 14, 0, 0, 0, 12000.00, 'เบิกจ่ายเสร็จสิ้น'),
(1126, '193/117', '280/60', '2017-08-02', 53, 0, 0, 'ขออนุมัติพร้อมเบิกจ่ายค่าสมัครเข้าร่วมการแข่งขันวิ่งเพื่อสุขภาพ', '', 14, 0, 0, 0, 400.00, 'เบิกจ่ายเสร็จสิ้น'),
(1127, '190.1.4/103', '281/60', '2017-08-31', 53, 0, 0, 'ขออนุมัติใช้เงินพร้อมเบิกจ่ายค่าโทรศัพท์ เดือน ก.ค. 60', '', 14, 0, 0, 0, 548.91, 'เบิกจ่ายเสร็จสิ้น'),
(1128, '190.1.4/096', '282/60', '2017-08-01', 53, 0, 0, 'ขอเบิกจ่ายเงินค่าตอบแทนหัวหน้าฝ่ายสนับสนุนวิชาการ ส.ค. 60', '', 14, 0, 0, 0, 1500.00, 'เบิกจ่ายเสร็จสิ้น'),
(1129, '190.1.4/095', '283/60', '2017-08-01', 53, 0, 0, 'ขอเบิกเงินประจำตำแหน่งผุ้บริหารของคณะการแพทย์แผนไทย ส.ค. 60', '', 14, 0, 0, 0, 10100.00, 'เบิกจ่ายเสร็จสิ้น'),
(1130, '190.1.4/097', '284/60', '2017-08-01', 53, 0, 0, 'ขออนุมัติเบิกจ่ายเงินค่าตอบแทนตำแหน่งผู้บริหาร ส.ค. 60', '', 14, 0, 0, 0, 25800.00, 'เบิกจ่ายเสร็จสิ้น'),
(1131, '190.1.2/122', '285/60', '2017-08-15', 53, 0, 0, 'ขออนุมัติใช้เงินเพิ่มเติมพร้อมเบิกจ่ายค่าสมัครเข้าร่วมการแข่งขันเดิน - วิ่งหาดใหญ่สู่ธรรมชาติ', '', 14, 0, 0, 0, 4400.00, 'เบิกจ่ายเสร็จสิ้น'),
(1132, '193/124.1', '286/60', '2017-08-21', 53, 0, 0, 'ขออนุมัติเบิกจ่ายค่าเดินทางไปปฏิบัติงาน ร ต่างประเทศ ของ ต่างประเทศ ของ รศ.ดร.ฉวีวรรณ  จั่นสกุล', '', 14, 0, 0, 0, 12000.00, 'เบิกจ่ายเสร็จสิ้น'),
(1133, '191.2.14/011.1', '287/60', '2017-08-28', 53, 0, 0, 'ขออนุมัติปฎิบัติงานนอกเวลา', '', 14, 0, 0, 0, 300.00, 'เบิกจ่ายเสร็จสิ้น'),
(1134, '190.1.4/098', '288/60', '2017-08-01', 53, 0, 0, 'ขอเบิกค่าจ้าง ส.ค. 60', '', 14, 0, 0, 0, 314510.60, 'เบิกจ่ายเสร็จสิ้น'),
(1135, '190.1.4/105', '289/60', '2017-08-31', 53, 0, 0, 'ขออนุมัติใช้เงินพร้อมเบิกจ่ายค่าบำรุงเลขหมายโทรศัพ2/60', '', 14, 0, 0, 0, 2280.00, 'เบิกจ่ายเสร็จสิ้น'),
(1136, '190.1.4/108', '290/60', '2017-09-04', 53, 0, 0, 'ขอเบิกจ่ายเงินรายได้คณะการพทย์แผนไทย เดือน ก.ย.  60', '', 14, 0, 0, 0, 314510.60, 'เบิกจ่ายเสร็จสิ้น'),
(1137, '190.1.4/109', '291/60', '2017-09-04', 53, 0, 0, 'ขอเบิกเงินประจำตำแหน่งผุ้บริหารของคณะการแพทย์แผนไทย ประจำเดือน ก.ย. 60', '', 14, 54, 59, 0, 10100.00, 'เบิกจ่ายเสร็จสิ้น'),
(1138, '190.1.4/107', '292/60', '2017-09-04', 53, 0, 0, 'ขออนุมัติเบิกจ่ายเงินค่าตอบแทนตำแหน่งหัวหน้าฝ่ายสนับสนุนวิชาการ ก.ย. 60', '', 14, 54, 59, 0, 1500.00, 'เบิกจ่ายเสร็จสิ้น'),
(1139, '190.1.4/110', '293/60', '2017-09-04', 53, 0, 0, 'ขออนุมัติเบิกจ่ายเงินค่าตอบแทนตำแหน่งผู้บริหาร เดือน ก.ย. 60', '', 14, 54, 59, 269, 25800.00, 'เบิกจ่ายเสร็จสิ้น'),
(1140, '190.1.5/532', '289.1/60', '2017-08-28', 53, 0, 0, 'ขออนุมัติถ่ายเอกสาร ประเมินหลักสูตร ป.ตรี', '', 14, 54, 59, 289, 2668.80, 'เบิกจ่ายเสร็จสิ้น'),
(1142, '190.1.4/104', '290/60', '2017-09-01', 53, 0, 0, 'ขออนุมัติใช้เงินพร้อมเบิกจ่ายค่าธรรมเนียมการโอนเงิน', '', 14, 55, 61, 304, 1039.00, 'เบิกจ่ายเสร็จสิ้น'),
(1143, '193/134', '294/60', '2017-09-07', 53, 0, 0, 'ขอเบิกเงินสวัสดิการบรรณสารสงเคราะห์ ปี 60 ( พัชรวลัย  ใจสมุทร)', '', 14, 0, 0, 0, 295.00, 'เบิกจ่ายเสร็จสิ้น'),
(1144, '190.1.4/114', '295/60', '2017-09-15', 53, 0, 0, 'ขออนุมัติใช้เงินพร้อมเบิกจ่ายค่าโทรศัพท์ เดือน ส.ค. 60', '', 14, 0, 0, 0, 375.57, 'เบิกจ่ายเสร็จสิ้น'),
(1145, '190.2.3/060', '296/60', '2017-06-22', 53, 0, 0, 'ขออนุมัติใช้นักศึกษาเข้าร่วมประชุมสมาพันธ์นิสิตนศ.', '', 14, 0, 0, 0, 10000.00, 'เบิกจ่ายเสร็จสิ้น'),
(1146, '193/135', '297/60', '2017-09-07', 53, 0, 0, 'ขอเบิกเงินสวัสดุิการบรรณสารสงเคราะห์ ปี 60 นายกวิน กปิลกาญน์', '', 14, 55, 61, 312, 2340.00, 'เบิกจ่ายเสร็จสิ้น'),
(1147, '190.1.5/565', '298/60', '2017-09-14', 53, 0, 0, 'ซื้อวัสดุ น้ำมันเชื้อเพลิง', '', 14, 0, 0, 0, 70.00, 'เบิกจ่ายเสร็จสิ้น'),
(1148, '190.1.2/095', '299/60', '2017-06-28', 53, 0, 0, 'ขออนุมัติใช้เงินรางวัลบุคลากรที่ได้รับเหรียญรางวัลจากการแข่งขัน พะเยาเกมส์ 36', '', 14, 0, 0, 0, 1000.00, 'เบิกจ่ายเสร็จสิ้น'),
(1149, '190.1.1/044', '300/60', '2017-09-12', 53, 0, 0, 'ขออนุมัติใช้เงินพร้อมเบิกจ่ายค่าอาหาร (ตามคำสั่ง 1432/54)', '', 14, 0, 0, 0, 3040.00, 'เบิกจ่ายเสร็จสิ้น'),
(1150, '190.1.4/115', '301/60', '2017-09-21', 53, 0, 0, 'ขออนุมัติใช้เงินพร้อมเบิกจ่ายค่าธรรมเนียมการโอนเงิน', '', 14, 0, 0, 0, 600.00, 'เบิกจ่ายเสร็จสิ้น'),
(1151, '190.1.5/551', '302/60', '2017-09-05', 53, 0, 0, 'ซื้อวัสดุ น้ำมันเชื้อเพลิง', '', 14, 0, 0, 0, 200.00, 'เบิกจ่ายเสร็จสิ้น'),
(1152, '190.1.1/045', '303/60', '2017-09-20', 53, 0, 0, 'ขออนุมัติใช้เงินค่าไปรษณีย์', '', 14, 0, 0, 0, 1123.00, 'เบิกจ่ายเสร็จสิ้น'),
(1153, '190.1.5/547', '304/60', '2017-09-04', 53, 0, 0, 'ขออนุมัติซื้อชุดเครื่องแบบปกติขาว', '', 14, 0, 0, 0, 1500.00, 'เบิกจ่ายเสร็จสิ้น'),
(1154, '190.1.2/137', '305/60', '2017-09-18', 53, 0, 0, 'ขออนุมัติค่าเดินทาง รศ.ดร.สนั่น  ศุภธีรสกุล 15-16 ก.ย. 60', '', 14, 0, 0, 0, 7870.00, 'เบิกจ่ายเสร็จสิ้น'),
(1155, '190.1.2/136', '306/60', '2017-09-15', 53, 0, 0, 'ขออนุมัติค่าเดินทาง รศ.ดร.สนั่น  ศุภธีรสกุล 12 ก.ย. 60', '', 14, 0, 0, 0, 4120.00, 'เบิกจ่ายเสร็จสิ้น'),
(1156, '190.2.3/103', '307/60', '2017-09-14', 53, 0, 0, 'ขออนุมัติเดินทางเพื่อเข้าร่วมประชุม วางแผนจัดงานแข่งขันกีฬานิสิต', '', 14, 0, 0, 0, 4196.00, 'เบิกจ่ายเสร็จสิ้น'),
(1157, '193/141', '308/60', '2017-09-25', 53, 0, 0, 'ขอเบิกเงินค่าสวัสดิการบรรณสารสงเคราะห์ 60  ของอ.กวิน   กปิลกาญจน์', '', 14, 0, 0, 0, 1245.00, 'เบิกจ่ายเสร็จสิ้น'),
(1158, '190.2.10/051', '309/60', '2017-09-19', 53, 0, 0, 'ขออนุมัติเบิกจ่ายเงินค่าตอบแทนอาจารย์พิเศษ', '', 14, 0, 0, 0, 1600.00, 'เบิกจ่ายเสร็จสิ้น'),
(1159, '193/139', '310/60', '2017-09-25', 53, 0, 0, 'ขออนุมัติปฏิบัติงานนอกเวลา', '', 14, 0, 0, 0, 360.00, 'เบิกจ่ายเสร็จสิ้น'),
(1160, '190.2.10/001', '311/60', '2017-09-06', 53, 0, 0, 'ค่าไปรษณีย์', '', 14, 0, 0, 0, 3554.00, 'เบิกจ่ายเสร็จสิ้น'),
(1161, '190.1.2/135', '312/60', '2017-09-15', 53, 0, 0, 'ค่ากรรมการสอบคัดเลือก', '', 14, 0, 0, 0, 1500.00, 'เบิกจ่ายเสร็จสิ้น'),
(1162, '190.1.5/500', '313/60', '2017-09-28', 53, 0, 0, 'ขออนุมัติซื้อวัสดุ (น้ำมันเชื้อเพลิง)', '', 14, 0, 0, 0, 150.00, 'เบิกจ่ายเสร็จสิ้น'),
(1163, '190.1.5/499', '314/60', '2017-08-16', 53, 0, 0, 'ขออนุมัติซื้อวัสดุ (น้ำมันเชื้อเพลิง)', '', 14, 0, 0, 0, 980.00, 'เบิกจ่ายเสร็จสิ้น'),
(1164, '190.1.5/561', '315/60', '2017-09-11', 53, 0, 0, 'ขออนุมัติเช่ารถยนต์', '', 14, 0, 0, 0, 3600.00, 'เบิกจ่ายเสร็จสิ้น'),
(1165, '190.1.5/566', '316/60', '2017-09-14', 53, 0, 0, 'ขออนุมัติซื้อวัสดุ พวงหรีด (ตามคำสั่ง 1432/54)', '', 14, 0, 0, 0, 1000.00, 'เบิกจ่ายเสร็จสิ้น'),
(1166, '190.1.2/139', '317/60', '2017-09-22', 53, 0, 0, 'ขออนุมัติใช้เงินค่าสวัสดิการงานมงคลสมรส (นางสาวสุพรรณิการ ใจสมัน)', '', 14, 0, 0, 0, 256.00, 'เบิกจ่ายเสร็จสิ้น'),
(1167, '190.1.4/122', '1/61', '2017-10-03', 53, 0, 0, 'ขออนุมัติจ่ายค่าตอบแทนหัวหน้าฝ่ายสนับสนุน ต.ค. 60', '', 16, 63, 73, 360, 1500.00, 'เบิกจ่ายเสร็จสิ้น'),
(1168, '190.1.4/121', '2/61', '2017-10-03', 53, 0, 0, 'ขอเบิกเงินประจำแหน่งผู้บริหาร อ.สนั่น   ศุภธีรสกุล ต.ค. 60', '', 16, 63, 73, 358, 10000.00, 'เบิกจ่ายเสร็จสิ้น'),
(1169, '190.1.4/121', '2/61', '2017-10-03', 53, 0, 0, 'ขอเบิกเงินประจำตำแหน่งผู้บริหาร อ.สนั่น  ศุภธีรสกุล  ต.ค. 60', '', 16, 63, 73, 360, 100.00, 'เบิกจ่ายเสร็จสิ้น'),
(1170, '190.2.2/120', '3/61', '2017-10-03', 53, 0, 0, 'ขออนุมัติเชิญอาจารย์พิเศษ 191-501', '', 16, 64, 75, 388, 12960.00, 'เบิกจ่ายเสร็จสิ้น'),
(1171, '190.2.10/072', '4/61', '2017-10-02', 53, 0, 0, 'ขออนุมัติใช้เงินค่าสอน 190-202', '', 16, 64, 75, 388, 4000.00, 'เบิกจ่ายเสร็จสิ้น'),
(1172, '190.2.10/084', '5/61', '2017-10-02', 53, 0, 0, 'ขออนุมัติใช้เงินค่าสอน 190-303', '', 16, 64, 75, 389, 350.00, 'เบิกจ่ายบางส่วน'),
(1173, '190.2.10/083', '6/61', '2017-10-02', 53, 0, 0, 'ขออนุมัติใช้เงินค่าน้ำมันเชื้อเพลิง ', '', 16, 64, 75, 398, 4200.00, 'ยังไม่เบิกจ่าย'),
(1174, '190.2.10/080', '7/61', '2017-10-02', 53, 0, 0, 'ขออนุมัติค่าสอน 190-403', '', 16, 64, 75, 388, 5600.00, 'เบิกจ่ายเสร็จสิ้น'),
(1175, '190.2.10/087', '8/61', '2017-10-02', 53, 0, 0, 'ขออนุมัติใช้เงินค่าตรวจข้อสอบกลางภาค 1/2560', '', 16, 64, 75, 393, 4680.00, 'เบิกจ่ายเสร็จสิ้น'),
(1176, '190.1.1/047', '9/61', '2017-10-02', 53, 0, 0, 'ขออนุมัติเงินทำบุญทอดกฐินสามัคคีมหาวิทยาลัย (ตามคำสั่ง 1432/54)', '', 16, 63, 73, 383, 10000.00, 'เบิกจ่ายเสร็จสิ้น'),
(1177, '190.1.2/150', '10/61', '2017-10-05', 53, 0, 0, 'ขออนุมัติเงินค่ากรรมการสอบคัดเลือกตำแหน่งนักวิทยาศาสตร์สุขภาพ', '', 16, 63, 73, 363, 2100.00, 'เบิกจ่ายเสร็จสิ้น'),
(1178, '190.2.10/075', '11/61', '2017-10-02', 53, 0, 0, 'ขออนุมัติใช้เงินค่าสอน 190-207', '', 16, 64, 75, 388, 4600.00, 'เบิกจ่ายบางส่วน'),
(1179, '190.2.14/017', '12/61', '2017-10-09', 53, 0, 0, 'ขออนุมติค่าปฏิบัติงานนอกเวลาราชการ', '', 16, 64, 75, 389, 180.00, 'เบิกจ่ายเสร็จสิ้น'),
(1180, '190.2.4/035', '13/61', '2017-10-10', 53, 0, 0, 'ขออนุมัติโครงการวันภูมิปัญญาการแพทย์แผนไทยแห่งชาติ 2560', '', 16, 67, 80, 410, 45000.00, 'ยังไม่เบิกจ่าย'),
(1181, '190.2.10/079', '14/61', '2017-10-02', 53, 0, 0, 'ขออนุมัติค่าสอน 190-401', '', 16, 64, 75, 388, 3200.00, 'เบิกจ่ายบางส่วน'),
(1182, '190.2.10/077', '15/61', '2017-10-02', 53, 0, 0, 'ค่าสอนพิเศษ 190-303', '', 16, 64, 75, 388, 2000.00, 'เบิกจ่ายเสร็จสิ้น'),
(1183, '190.2.10/076', '16/61', '2017-10-02', 53, 0, 0, 'ขออนุมัติค่าสอน 190-301', '', 16, 64, 75, 388, 1200.00, 'เบิกจ่ายเสร็จสิ้น'),
(1184, '190.1.4/124', '17/61', '2017-10-05', 53, 0, 0, 'ขออนุมัติค่าล่วงเวลาคุมสอบกลางภาค 1/60', '', 16, 64, 75, 389, 3300.00, 'ยังไม่เบิกจ่าย'),
(1185, '190.1.1/049', '18/61', '2017-10-11', 53, 0, 0, 'ขออนุมัติค่าไปรษณีย์', '', 16, 63, 73, 0, 1070.00, 'เบิกจ่ายเสร็จสิ้น'),
(1186, '190.1.1/048', '19/61', '2017-10-09', 53, 0, 0, 'ขออนุมัติใช้เงินค่าอาหาร 1432/54', '', 16, 63, 73, 366, 2055.00, 'เบิกจ่ายเสร็จสิ้น'),
(1187, '190.2.10/079', '1/61', '2017-10-02', 53, 0, 0, 'ขออนุมัติใช้เงินค่าสอน 190-401', '', 17, 70, 83, 427, 800.00, 'เบิกจ่ายเสร็จสิ้น'),
(1188, '190.2.10/077', '2/61', '2017-10-02', 53, 0, 0, 'ขออนุมัติใช้เงินค่าสอน 190-303', '', 17, 70, 83, 427, 5600.00, 'เบิกจ่ายเสร็จสิ้น'),
(1189, '190.2.10/076', '3/61', '2017-10-02', 53, 0, 0, 'ขออนุม้ติใช้เงินค่าสอน 190-301', '', 17, 70, 83, 427, 1200.00, 'เบิกจ่ายเสร็จสิ้น'),
(1190, '190.2.10/074', '4/61', '2017-10-02', 53, 0, 0, 'ขอออนุมัติใช้เงินค่าสอน 190-204', '', 17, 70, 83, 427, 900.00, 'ยังไม่เบิกจ่าย'),
(1191, '190.2.10/073', '5/61', '2017-10-02', 53, 0, 0, 'ขออนุม้ติใช้เงินค่าสอน 190-203', '', 17, 70, 83, 427, 3600.00, 'ยังไม่เบิกจ่าย'),
(1192, '190.2.10/086', '6/61', '2017-10-02', 53, 0, 0, 'ค่าถ่ายเอกสาร  ภาคการศึกษาที่ 1/60', '', 17, 71, 85, 435, 16721.00, 'เบิกจ่ายบางส่วน'),
(1193, '190.2.10/085', '7/61', '2017-10-02', 53, 0, 0, 'ขออนุมัติใช้เงินค่าน้ำมันเชื้อเพลิง  วิชา 190-402', '', 17, 71, 85, 435, 3500.00, 'เบิกจ่ายบางส่วน'),
(1194, '190.1.4/119', '8/61', '2017-10-03', 53, 0, 0, 'ขออนุมัติเช่ารถยนต์ - สุจิตรา', '', 17, 71, 85, 434, 3600.00, 'เบิกจ่ายเสร็จสิ้น'),
(1195, '193/144', '9/61', '2017-10-10', 53, 0, 0, 'ขออนุมัติเดินทางไปปฏิบัติงาน อ.อรทัย เนียมสุวรรณ(ในฐานะผุ้บริหาร)   12-13 ต.ค. 60', '', 17, 71, 85, 429, 5409.57, 'ยังไม่เบิกจ่าย'),
(1197, 'ใบแจ้งความต้องการซื้', '11/61', '2017-10-12', 53, 0, 0, 'ขอซื้อวัสดุ รายวิชา 190-480 - ทวีภรณ์  คีรีคช', '', 17, 71, 85, 435, 470.00, 'เบิกจ่ายเสร็จสิ้น'),
(1198, '190.1.5/625', '19/61', '2017-10-17', 53, 0, 0, 'ซ่อมเครื่อง Rotary evaporation  - ธวัชชัย  ศรีสุวรรณ', '', 17, 71, 85, 433, 29960.00, 'ยังไม่เบิกจ่าย'),
(1199, '190.1.5/586', '12/61', '2017-10-03', 53, 0, 0, 'ขออนุมัติซ่อมโปรเจคเตอร์ -บ.ออนไทม์  โอ.เอ.จำกัด', '', 17, 71, 85, 433, 5500.00, 'เบิกจ่ายเสร็จสิ้น'),
(1200, '190.1.5/590', '13/61', '2017-10-04', 53, 0, 0, 'ขออนุมัติจ้างซ่อมกุญแจประตูห้ง TTM05 - ทวีภรณ์', '', 17, 71, 85, 433, 650.00, 'เบิกจ่ายเสร็จสิ้น'),
(1201, '190.1.5/591', '14/61', '2017-10-04', 53, 0, 0, 'ขออนุมัตค่าวัสดุ ห้อง  TTM 05', '', 17, 71, 85, 435, 660.00, 'เบิกจ่ายเสร็จสิ้น'),
(1202, '190.1.5/575', '15/61', '2017-10-02', 53, 0, 0, 'ขออนุมัติจ้างเหมาขนย้ายดินพร้อมเกลี่ยดิน - หจก.กระแสสินธุ์ การโยธา', '', 17, 71, 85, 434, 90000.00, 'เบิกจ่ายเสร็จสิ้น'),
(1203, '190.1.5/581', '16/61', '2017-10-02', 53, 0, 0, 'ขออนุมัติซื้อวัสดุ -ห้างขายยาไทรบุรีสมุนไพร', '', 17, 71, 85, 435, 23870.95, 'เบิกจ่ายเสร็จสิ้น'),
(1204, '190.1.5/585', '17/61', '2017-10-03', 53, 0, 0, 'ขออนุมัติจ้างเหมาซ๋อมปริ้นเตอร์ Samsung  -บ.ออนไทม์  โอ.เอ. ', '', 17, 71, 85, 433, 2100.00, 'เบิกจ่ายเสร็จสิ้น'),
(1205, '190.1.4/124', '18/61', '2017-10-05', 53, 0, 0, 'ขออนุมัติค่าล่่วงเวลา 1/60', '', 17, 70, 83, 427, 2700.00, 'เบิกจ่ายเสร็จสิ้น'),
(1206, 'ใบแจ้งความต้องการซื้', '20/61', '2017-10-19', 53, 0, 0, 'ขอซื้อ เอทิแอลกอฮอบ์ 95 %  วิชา 190-205 - สลิลทิพย์', '', 17, 71, 85, 435, 7062.00, 'เบิกจ่ายเสร็จสิ้น'),
(1207, '190.1.5/599', '21/61', '2017-10-11', 53, 0, 0, 'ขออนุมัติจ้างเหมาซ่อมครุภัณฑ์คอมพิวเตอร์', '', 17, 71, 85, 434, 1400.00, 'เบิกจ่ายเสร็จสิ้น'),
(1208, '190.1.5/600', '22/61', '2017-10-11', 53, 0, 0, 'ขออนุมัติจ้างเหมาซ่อมเครื่องปรับอากาศ ของคณะฯ', '', 17, 71, 85, 433, 7800.00, 'เบิกจ่ายเสร็จสิ้น'),
(1209, '190.1.5/601', '23/61', '2017-10-11', 53, 0, 0, 'ขออนุมัติจ้างเหมาบริการเปลี่ยนแบตเตอรี่สำรองไฟ  TTM02', '', 17, 71, 85, 434, 800.00, 'เบิกจ่ายเสร็จสิ้น'),
(1210, '190.1.5/577', '24/61', '2017-10-02', 53, 0, 0, 'ขออนุมัติในหลักการซื้อน้ำมันเชื้อเพลิง 2561', '', 17, 71, 85, 435, 9000.00, 'เบิกจ่ายบางส่วน'),
(1211, '190.1.5/603', '20/61', '2017-10-11', 53, 0, 0, 'ขออนุมัติซื้อวัสดุ (กระดาษคำตอบ)', '', 16, 64, 75, 398, 3000.00, 'เบิกจ่ายเสร็จสิ้น'),
(1212, '190.2.9/025', '25/61', '2017-10-17', 53, 0, 0, 'ขออนุมัติถ่ายเอกสาร  - สุจิตรา', '', 17, 71, 85, 435, 2300.00, 'เบิกจ่ายบางส่วน'),
(1213, '190.2.10/081', '26/61', '2017-10-02', 53, 0, 0, 'ขออนุมัติใช้เงินค่าสอน 190-404  ', '', 17, 70, 83, 427, 2400.00, 'เบิกจ่ายเสร็จสิ้น'),
(1214, '190.2.10/081', '21/61', '2017-10-02', 53, 0, 0, 'ขออนุมัติค่าสอน 190-404', '', 16, 64, 75, 388, 3200.00, 'เบิกจ่ายเสร็จสิ้น'),
(1215, '190.2.10/088', '26/61', '2017-10-19', 53, 0, 0, 'ขออนุมัติใช้เงิจค่าเดินทาง อ. จุฑารัตน์  นิลสิตานนท์  20 ต.ค. และ3 พ.ย. 60', '', 17, 71, 85, 429, 400.00, 'ยังไม่เบิกจ่าย'),
(1216, '190.2.9/027', '27/61', '2017-10-17', 53, 0, 0, 'ขออนุมัติปฏิบัตงานนอกเวลาราชการ สอบประมวลฯ - สุจิตรา', '', 17, 70, 83, 427, 360.00, 'ยังไม่เบิกจ่าย'),
(1217, '190.2.9/027', '22/61', '2017-10-17', 53, 0, 0, 'ขออนุมัติค่าล่วงเวลาสอบประมวล - สุจิตรา', '', 16, 64, 75, 389, 360.00, 'เบิกจ่ายเสร็จสิ้น'),
(1218, '190.1.1/051', '23/61', '2017-10-19', 53, 0, 0, 'ขออนุมัติค่าอาหาร (ตามคำสั่ง 1432/54', '', 16, 63, 73, 366, 2125.00, 'เบิกจ่ายเสร็จสิ้น'),
(1219, '190.2.9/026', '24/61', '2017-10-17', 53, 0, 0, 'ขออนุมัติใช้เงินค่าตรวจข้อสอบประมวลความรอบรู้  (ตามคำสั่ง 1432/54)', '', 16, 64, 75, 393, 900.00, 'เบิกจ่ายบางส่วน'),
(1220, '190.2.4/037', '28/61', '2017-10-19', 53, 0, 0, 'ขออนุมัติจัดโครงการภูมิปัญญาการแพทยืแผนไทยสู่ชุมชน คัร้งที่1/60', '', 17, 71, 86, 432, 40000.00, 'ยังไม่เบิกจ่าย'),
(1221, '190.1.4/131', '25/61', '2017-10-20', 53, 0, 0, 'ขออนุมัตดค่าตอบแทนผุ้บริหาร ต.ค. 60', '', 16, 63, 73, 359, 25800.00, 'เบิกจ่ายเสร็จสิ้น'),
(1222, '190.1.4/132', '26/61', '2017-10-20', 53, 0, 0, 'ขออนุมัติเบิกจ่ายค่าประสบการณ์ ต.ค. 60  (น.ส.รัตนาวิไล  ถาวรสุวรรณ์)', '', 16, 63, 73, 360, 1380.00, 'เบิกจ่ายเสร็จสิ้น'),
(1223, '190.1.4/127', '27/61', '2017-10-10', 53, 0, 0, 'ขอเบิกจ่ายจ้าง ต.ค. 60', '', 16, 0, 0, 0, 326646.30, 'เบิกจ่ายเสร็จสิ้น'),
(1224, '190.1.1/050', '28/61', '2017-10-18', 53, 0, 0, 'ขออนุมัติใช้เงินพร้อมเบิกจ่ายค่าอาหาร (ตามคำสั่ง 1432/54)', '', 16, 0, 0, 0, 3310.00, 'เบิกจ่ายเสร็จสิ้น'),
(1225, '190.1.2/149', '29/61', '2017-10-04', 53, 0, 0, 'ขออนุมัติค่าตอบแทนกรรมการประจำคณะฯ 7/60', '', 16, 0, 0, 0, 4125.00, 'เบิกจ่ายเสร็จสิ้น'),
(1226, 'ใบแจ้งความต้องการซื้', '29/61', '2017-10-20', 53, 0, 0, 'ขออนุมัติซื้อวัสดุ  190-205  - สลิลทิพย์', '', 17, 71, 85, 0, 31417.50, 'เบิกจ่ายเสร็จสิ้น'),
(1227, '190.2.10/093', '30/61', '2017-10-19', 53, 0, 0, 'ขออนุมัติเดิน อ.พิเศษ รายวิชา 190-404,190-203,190-204', '', 17, 71, 85, 429, 1400.00, 'เบิกจ่ายบางส่วน'),
(1228, '190.2.10/093', '31/61', '2017-10-19', 53, 0, 0, 'ค่าน้ำมันเชื้อเพลิง+', '', 17, 71, 85, 435, 3800.00, 'ยังไม่เบิกจ่าย'),
(1229, '190.1.5/622', '32/61', '2017-10-19', 53, 0, 0, 'ขออนุมัตซื้อวัสดุ', '', 17, 71, 85, 435, 3164.00, 'เบิกจ่ายเสร็จสิ้น'),
(1230, '190.2.5/021', '30/61', '2017-10-19', 53, 0, 0, 'ขออนุมัติเดินทาง น.ส.รัตนาวิไล  ถาวรสุวรรณ์', '', 16, 63, 74, 387, 5370.00, 'เบิกจ่ายเสร็จสิ้น'),
(1232, '190.2.10/078', '33/61', '2017-10-02', 53, 0, 0, 'ขออนุมัติค่าสอน 190-304', '', 17, 70, 83, 427, 21400.00, 'เบิกจ่ายบางส่วน'),
(1233, '190.2.10/094', '34/61', '2017-10-25', 53, 0, 0, 'ขออนุมัติค่าน้ำมันเชื้อเพลิง', '', 17, 71, 85, 435, 800.00, 'ยังไม่เบิกจ่าย'),
(1234, '190.1.2/156', '31/61', '2017-10-25', 53, 0, 0, 'ขออนุมัติจัดโครงการ 5 ส. (ตามคำสั่ง 1432/54)', '', 16, 63, 73, 375, 3000.00, 'เบิกจ่ายเสร็จสิ้น'),
(1235, '190.1.4/134', '35/61', '2017-10-30', 53, 0, 0, 'ขออนุมัตเช่ารถ', '', 17, 71, 85, 434, 3600.00, 'เบิกจ่ายเสร็จสิ้น'),
(1236, '190.2.10/090', '36/61', '2017-10-25', 53, 0, 0, 'ขออนุมัติค่าน้ำมันเชื้อเพลิง  190-304', '', 17, 71, 85, 435, 3800.00, 'เบิกจ่ายบางส่วน'),
(1237, '190.2.10/091', '32/61', '2017-10-25', 53, 0, 0, 'ขออนุมัติใช้เงินค่าเงินช่วยเหลือค่าอาหารบุคลากร ', '', 16, 64, 75, 389, 640.00, 'เบิกจ่ายเสร็จสิ้น'),
(1238, '190.1.4/133', '318/60', '2017-10-24', 53, 0, 0, 'ขออนุมัติใช้เงินพร้อมเบิกจ่ายค่าโทรศัพท์ เดือน ก.ย. 60', '', 14, 54, 59, 292, 531.37, 'เบิกจ่ายเสร็จสิ้น'),
(1239, '193/148', '37/61', '2017-10-30', 53, 0, 0, 'ขออนุมัติเดินทาง อ.ฉวีวรรณ  (1-2 พ.ย. 60 ) งบส่วนกลาง', '', 17, 71, 85, 429, 5640.00, 'เบิกจ่ายเสร็จสิ้น'),
(1240, '190.1.8/004', '33/60', '2017-11-01', 53, 0, 0, 'ขออนุมัติของที่ระลึก มอ.', '', 16, 63, 73, 383, 2390.00, 'เบิกจ่ายเสร็จสิ้น'),
(1241, '190.2.3/116', '34/61', '2017-11-01', 53, 0, 0, 'ขออนุมัติจัดโครงการกีฬาน้องใหม่ ปีการศึกษา2560', '', 16, 65, 76, 0, 10000.00, 'ยังไม่เบิกจ่าย'),
(1242, '193/149', '38/61', '2017-11-01', 53, 0, 0, 'ขออนุมัติทำล่วงเวลา   ', '', 17, 70, 83, 427, 360.00, 'เบิกจ่ายเสร็จสิ้น'),
(1243, '190.1.5/579', '39/61', '2017-11-02', 53, 0, 0, 'ขออนุมัติจ้างเหมาบริการทำความสะอาดห้อง TTM06 , TTM 07', '', 17, 71, 85, 434, 2250.00, 'เบิกจ่ายเสร็จสิ้น'),
(1244, '190.1.5/580', '40/61', '2017-10-02', 53, 0, 0, 'ขออนุมัติจ้างเหมาบริการทำความสะอาดห้อง TTM 05', '', 17, 71, 85, 434, 3600.00, 'เบิกจ่ายเสร็จสิ้น'),
(1245, '190.3/251', '35/61', '2017-10-25', 53, 0, 0, 'ขออนุม้ติซื้อวัสดุ', '', 16, 69, 82, 423, 1946.00, 'เบิกจ่ายเสร็จสิ้น'),
(1246, '190.3/224', '36/61', '2017-10-02', 53, 0, 0, 'ขออนุมัติค่าดอกไม้ ', '', 16, 69, 82, 423, 4800.00, 'เบิกจ่ายบางส่วน'),
(1247, '190.3/223', '37/61', '2017-10-02', 53, 0, 0, 'ขออนุมัติค่าจ้างเหมาซักผ้าปีงบ 61 ', '', 16, 69, 82, 418, 120000.00, 'เบิกจ่ายบางส่วน'),
(1248, '190.3/246', '38/61', '2017-10-02', 53, 0, 0, 'ขออนุมัติจ้างเหมาผุ้ช่วยแพทย์แผนไทย', '', 16, 69, 82, 417, 76500.00, 'เบิกจ่ายเสร็จสิ้น'),
(1249, '190.1.1/052', '39/61', '2017-11-01', 53, 0, 0, 'ขออนุม้ตค่าอาหาร (ตามคำสั่ง 1432/54)', '', 16, 63, 73, 366, 2075.00, 'เบิกจ่ายเสร็จสิ้น'),
(1250, '190.1.4/137', '40/61', '2017-11-06', 53, 0, 0, 'ขอเบิกค่าตอบแทนผู้บริหาร  พ.ย. 60', '', 16, 63, 73, 359, 25800.00, 'เบิกจ่ายเสร็จสิ้น'),
(1251, '190.1.4/138', '41/61', '2017-11-06', 53, 0, 0, 'ขออนุมัติเบิจ่่ายค่าประสบการณ์ทำงานพนักงานมหาวิทยาลัยเงินรายได้ เดือน พ.ย. 60', '', 16, 63, 73, 360, 1430.00, 'เบิกจ่ายเสร็จสิ้น'),
(1252, '190.1.4/135', '42/61', '2017-11-06', 53, 0, 0, 'ขอเบิกเงินประจำตำแหน่งผู้บริหาร เดือน  พ.ย. 60', '', 16, 63, 73, 358, 10000.00, 'เบิกจ่ายเสร็จสิ้น'),
(1253, '190.1.4/135', '42/61', '2017-11-06', 53, 0, 0, 'ขอเบิกเงินประจำตำแหน่งผู้บริหาร เดือน พ.ย. 60', '', 16, 63, 73, 360, 100.00, 'เบิกจ่ายเสร็จสิ้น'),
(1254, '190.1.4/136', '43/61', '2017-11-06', 53, 0, 0, 'ขอเบิกจ่ายค่าตอบแทนหัวหน้าฝ่ายสนับสนุน พ.ย. 60', '', 16, 63, 73, 360, 1500.00, 'เบิกจ่ายเสร็จสิ้น'),
(1256, '190.1.5/642', '41/61', '2017-10-02', 53, 0, 0, 'ขออนุมัติการสั่งซื้อน้ำดื่ม ต.ค. - ก.ย. 61', '', 17, 71, 85, 435, 8640.00, 'เบิกจ่ายเสร็จสิ้น'),
(1257, '190.1.5/645', '42/61', '2017-10-31', 53, 0, 0, 'ขออนุมัติจ้างเหมาบริการเครื่องถ่ายเอกสาร', '', 17, 71, 85, 434, 7093.80, 'เบิกจ่ายเสร็จสิ้น'),
(1258, '190.1.1/053', '44/61', '2017-11-06', 53, 0, 0, 'ขออนุมัตเบิกจ่ายค่าอาหาร', '', 16, 63, 73, 366, 1805.00, 'เบิกจ่ายเสร็จสิ้น'),
(1259, '190.1.5/660', '43/61', '2017-11-08', 53, 0, 0, 'จ้างเหมาทำความสะอาดเครื่องปรับอากาศ', '', 17, 71, 85, 434, 23780.00, 'ยังไม่เบิกจ่าย'),
(1260, '6/2561', '44/61', '2017-11-08', 53, 0, 0, 'แจ้งความต้องการซื้อฉลากยา', '', 17, 71, 85, 435, 2140.00, 'เบิกจ่ายเสร็จสิ้น'),
(1261, '7/2561', '45/61', '2017-11-08', 53, 0, 0, 'แจ้งซ่อม เครื่องขยายเสียง - นิติ', '', 17, 71, 85, 433, 500.00, 'เบิกจ่ายเสร็จสิ้น'),
(1262, '190.1.5/667', '46/61', '2017-11-09', 53, 0, 0, 'ขออนุมัติซื้อวัสดุ', '', 17, 71, 85, 435, 9500.00, 'เบิกจ่ายเสร็จสิ้น'),
(1263, '190.2.9/027.1', '47/61', '2017-10-17', 53, 0, 0, 'ขออนุมัติค่าล่วงเวลา', '', 17, 70, 83, 427, 360.00, 'เบิกจ่ายเสร็จสิ้น'),
(1266, '190/564', '48/61', '2017-11-01', 53, 0, 0, 'ขออนุมัติเดินทาง อ.สนั่น   7-8 พ.ย.   60', '', 17, 71, 85, 429, 5600.00, 'เบิกจ่ายเสร็จสิ้น'),
(1267, '193/150', '45/61', '2017-11-03', 53, 0, 0, 'ขอเบิกสวัสดิการบรรณสาร   น.ส. อรพรรณ สกุลแก้ว', '', 16, 64, 75, 0, 299.00, 'เบิกจ่ายเสร็จสิ้น'),
(1268, '190.1.4/124.1', '46/61', '2017-11-01', 53, 0, 0, 'ขออนุมัติค่าปฏิบัตินอกเวลา ', '', 16, 64, 75, 389, 3180.00, 'เบิกจ่ายเสร็จสิ้น'),
(1269, '190.1.7/019', '47/61', '2017-11-01', 53, 0, 0, 'ขออนุมัติใช้เงินพร้อมเบิกจ่ายค่าประเมินคุณภาพภายใน ', '', 16, 63, 73, 377, 895.00, 'เบิกจ่ายเสร็จสิ้น'),
(1270, '190.1.4/139', '48/61', '2017-11-08', 53, 0, 0, 'ขอเบิกจ่ายค่าจ้าง พ.ย. 61', '', 16, 0, 0, 0, 347020.30, 'เบิกจ่ายเสร็จสิ้น'),
(1271, '193/145', '49/61', '2017-11-01', 53, 0, 0, 'ขอเบิกเงินสวัสดิการบรรณสารสงเคราะห์ 61    น.ส. สิริพร  จารุกิตติ์สกุล', '', 16, 64, 75, 0, 480.00, 'เบิกจ่ายเสร็จสิ้น'),
(1272, '190.2.10/104', '49/61', '2017-11-13', 53, 0, 0, 'ขออนุมัติเดินทาง อ.พิเศษ   22 พ.ย. 60', '', 17, 71, 85, 429, 2100.00, 'เบิกจ่ายเสร็จสิ้น'),
(1273, '09/61', '50/61', '2017-11-15', 53, 0, 0, 'แจ้งความต้องการซื้อวัสดุ 190-203,190-204', '', 17, 71, 85, 435, 8052.50, 'เบิกจ่ายเสร็จสิ้น'),
(1274, '8/2561', '51/61', '2017-11-09', 53, 0, 0, 'ใบแจ้งความต้องการซื้อวัสดุ 190-202 -คมจักร', '', 17, 71, 85, 431, 23881.00, 'ยังไม่เบิกจ่าย'),
(1275, '190.1.2/159', '50/61', '2017-11-09', 53, 0, 0, 'ขออนุมัติค่าตอบแทนคณะกรรมการประจำคณะ 8/2560', '', 16, 63, 73, 361, 4125.00, 'เบิกจ่ายเสร็จสิ้น'),
(1276, '190.2.14/022', '51/61', '2017-11-16', 53, 0, 0, 'ขออนุมัติจัดกิจกรรมต่อยอดความสามารถทางภาษาอังกฤษ', '', 16, 65, 78, 405, 3500.00, 'ยังไม่เบิกจ่าย'),
(1277, '190.2.10/088', '52/61', '2017-10-20', 53, 0, 0, 'ขออนุมัติเดินทาง อ.พิเศษ  190-304', '', 17, 71, 85, 429, 400.00, 'เบิกจ่ายเสร็จสิ้น'),
(1278, '190.1.4/142', '52/61', '2017-11-17', 53, 0, 0, 'ขออนุมัติใช้เงินพร้อมเบิจ่ายเงินรายได้คณะการแพทย์แผนไทยเพื่อสมทบกองทุนวิจัยคณะฯ 1/61', '', 16, 66, 79, 409, 400000.00, 'เบิกจ่ายเสร็จสิ้น'),
(1279, '190.2.3/118', '53/60', '2017-11-16', 53, 0, 0, 'ขออนุม้ตจัดโครงการสายสัมพันธ์ครูกับศิษย์การแพทย์แผนไทย 1/2560', '', 16, 65, 78, 404, 17200.00, 'ยังไม่เบิกจ่าย'),
(1280, '190.1.2/167', '54/61', '2017-11-16', 53, 0, 0, 'ขออนุม้ติค่าต่ออายุใบอนุญาตทำงานของอาจารย์ชาวต่างประเทศ Mr" Opeyemi Joshua Olatunji', '', 16, 64, 75, 394, 3100.00, 'เบิกจ่ายเสร็จสิ้น'),
(1281, '190.1.4/141', '319/60', '2017-11-17', 53, 0, 0, 'ขออนุม้ติใช้เงินพร้อมเบิกจ่ายเงินรายได้สะสมเพื่อสมทบเข้ากองทุนวิจัยคณะฯ 3/60', '', 14, 57, 65, 322, 376000.00, 'เบิกจ่ายเสร็จสิ้น'),
(1282, '190.1.5/676', '53/61', '2017-11-16', 53, 0, 0, 'ขออนุมัติปฏิบัติงานนอเวลาและขออนุมัติใช้เงิน', '', 17, 70, 83, 427, 240.00, 'เบิกจ่ายเสร็จสิ้น'),
(1283, '190.1.1/054', '55/61', '2017-11-09', 53, 0, 0, 'ขออนุมัติใช้เงินพร้อมเบิกจ่ายค่าไปรษณีย์', '', 16, 63, 73, 0, 867.00, 'เบิกจ่ายเสร็จสิ้น'),
(1284, '190.1.5/', '54/61', '2017-11-20', 53, 0, 0, 'ขออนุมัติค่าจ้างเหมาบริการทำความสะอาด ธ.ค. 60', '', 17, 71, 85, 434, 3200.00, 'ยังไม่เบิกจ่าย'),
(1285, '190.1.5/', '55/61', '2017-11-20', 53, 0, 0, 'ขออนุมัติจ้างเหมาทำความสะอาด ธ.ค. 60', '', 17, 71, 85, 434, 2000.00, 'ยังไม่เบิกจ่าย'),
(1286, '190.2.10/112', '56/61', '2017-11-21', 53, 0, 0, 'ขออนุมัติเดินทาง อ.พิเศษ 190-401', '', 17, 71, 85, 429, 200.00, 'เบิกจ่ายเสร็จสิ้น'),
(1287, '10/61', '57/61', '2017-11-21', 53, 0, 0, 'แจ้งความต้องการซื้อ ตรายาง', '', 17, 71, 85, 435, 630.00, 'ยังไม่เบิกจ่าย'),
(1288, '11/61', '58/61', '2017-11-21', 53, 0, 0, 'แจ้งความต้องการซื้อวัสดุ - นายนิติ', '', 17, 71, 85, 435, 1170.00, 'ยังไม่เบิกจ่าย'),
(1291, '14/61', '59/61', '2017-11-22', 0, 0, 0, 'แจ้งความต้องการซื้อ ดวงทิพย์ ', '', 17, 71, 85, 435, 128011.60, 'เบิกจ่ายเสร็จสิ้น'),
(1292, '12/61', '60/61', '2017-11-22', 53, 0, 0, 'แจ้งความต้องการซื้อวัสดุ - สลิลทิพย์', '', 17, 71, 85, 431, 5950.00, 'ยังไม่เบิกจ่าย'),
(1293, '13/61', '61/61', '2017-11-22', 53, 0, 0, 'แจ้งความต้องการซื้อวัสดุ  - สลิลทิพย์', '', 17, 71, 85, 431, 10846.00, 'ยังไม่เบิกจ่าย');
INSERT INTO `trn_approve` (`id`, `doc_number`, `file_number`, `doc_date`, `faculty_code`, `department_id`, `division_id`, `subject`, `detail`, `budget_main_id`, `mgt_plans_id`, `mgt_product_id`, `mgt_costs_id`, `amount`, `status`) VALUES
(1294, '190.1.5/699', '62/61', '2017-11-23', 53, 0, 0, 'ขออนุมัติปฏิบัติงานนอกเวลา - สนิท', '', 17, 70, 83, 427, 240.00, 'ยังไม่เบิกจ่าย'),
(1295, '15/61', '63/61', '2017-11-23', 53, 0, 0, 'แจ้งความต้องการซื้อ  ทวีภรณ์', '', 17, 71, 85, 435, 25627.00, 'เบิกจ่ายเสร็จสิ้น'),
(1296, '190.1.5/', '64/61', '2017-11-23', 53, 0, 0, 'ขออนุมัติจ้างบริการเครื่องถ่ายเอกสาร พ.ย. 60', '', 17, 71, 85, 434, 3003.90, 'ยังไม่เบิกจ่าย'),
(1297, '190.1.5/', '65/61', '2017-11-24', 53, 0, 0, 'ขออนุมัติซื้อวัสดุ', '', 17, 71, 85, 435, 16800.00, 'ยังไม่เบิกจ่าย'),
(1298, '190.2.10/121', '56/61', '2017-11-22', 53, 0, 0, 'ขออนุมัติค่าเงินช่วยเหลืออาหาร พขร.', '', 16, 64, 75, 389, 1500.00, 'ยังไม่เบิกจ่าย'),
(1299, '190.1.2/168', '66/61', '2017-11-20', 53, 0, 0, 'ขออนุมัติเบิกค่าเดินทาง อ.สนั่น 14-18 พ.ย. 60', '', 17, 71, 85, 429, 7020.00, 'เบิกจ่ายเสร็จสิ้น'),
(1300, '190.1.3/', '67/61', '2017-11-29', 53, 0, 0, 'ขออนุมัติปฏิบัติงานนอกเวลา', '', 17, 70, 83, 427, 2520.00, 'ยังไม่เบิกจ่าย'),
(1301, '190.1.4/', '68/61', '2017-11-29', 53, 0, 0, 'ขออนุมัติค่าล่วงเวลาคุมสอบปลายภาค 1/60', '', 17, 70, 83, 427, 3240.00, 'ยังไม่เบิกจ่าย'),
(1302, '190.1.4/', '57/61', '2017-11-29', 53, 0, 0, 'ขออนุมัติค่าล่วงเวลาคุมสอบปลายภาค 1/60', '', 16, 64, 75, 389, 1980.00, 'ยังไม่เบิกจ่าย'),
(1303, '190.1.5/694', '69/61', '2017-11-22', 53, 0, 0, 'ค่าครุภัณฑ์ห้องบรรยายและห้องปฏิบัติการ 1 ชุด', '', 17, 71, 85, 430, 175000.00, 'เบิกจ่ายเสร็จสิ้น'),
(1304, '190.1.5/647', '58/61', '2017-11-01', 53, 0, 0, 'ขออนุมัติซื้อครุภัณฑ์สำหรับใช้ปฏิบัตงานบุคลากรคณะ', '', 16, 64, 75, 441, 9200.00, 'เบิกจ่ายเสร็จสิ้น'),
(1305, '190.3/266', '59/61', '2017-11-21', 53, 0, 0, 'ขออนุมัติค่าจ้างผู้ช่วยแพทย์แผนไทย พ.ย. 60', '', 16, 69, 82, 417, 81420.00, 'เบิกจ่ายเสร็จสิ้น'),
(1306, '190.2.10/087.1', '60/61', '2017-11-27', 53, 0, 0, 'ขออนุมัติค่าตรวจข้อสอบกลางภาค 1/60', '', 16, 0, 0, 0, 367.00, 'เบิกจ่ายเสร็จสิ้น'),
(1307, '190.1.4/144', '61/61', '2017-11-29', 53, 0, 0, 'ขออนุมัติใช้เงินพร้อมเบิกจ่ายค่าโทรศัพท์ ต.ค. 60', '', 16, 0, 0, 0, 364.23, 'เบิกจ่ายเสร็จสิ้น'),
(1308, '190.1.5/639', '70/61', '2017-10-27', 53, 0, 0, 'ขออนุมัติจ้างทำความสะอาดห้องเรียน พ.ย. 60', '', 17, 0, 0, 0, 2250.00, 'เบิกจ่ายเสร็จสิ้น'),
(1309, '190.1.5/638', '71/61', '2017-12-01', 53, 0, 0, '', '', 17, 0, 0, 0, 3600.00, 'เบิกจ่ายเสร็จสิ้น'),
(1310, '190.1.5/707', '72/61', '2017-11-27', 53, 0, 0, 'ขออนุมัตถ่ายเอกสาร', '', 17, 0, 0, 0, 436.25, 'เบิกจ่ายเสร็จสิ้น'),
(1311, '190.2.10/083', '73/61', '2017-11-01', 53, 0, 0, 'ขออนุมัติน้ำมันเชื้อเพลิง', '', 17, 71, 85, 435, 4200.00, 'เบิกจ่ายบางส่วน'),
(1312, '190.1.4/149', '62/61', '2017-12-01', 53, 0, 0, 'ขออรุมัติเบิกจ่ายค่าประสบการณ์ในการทำงานพนักงานมหาวิทยาลัยเงินรายได้ เดือน ธ.ค. 60', '', 16, 63, 73, 360, 1430.00, 'เบิกจ่ายเสร็จสิ้น'),
(1313, '190.1.4/148', '63/61', '2017-12-01', 53, 0, 0, 'ขอเบิกเงินประจำตำแหน่งผู้บริหาร  ธ.ค. 60', '', 16, 0, 0, 0, 10100.00, 'เบิกจ่ายเสร็จสิ้น'),
(1314, '190.1.4/147', '64/61', '2017-12-01', 53, 0, 0, 'ขออนุมัติเบิกจ่ายเงินค่าตอบแทนผู้บริหาร ธ.ค. 60', '', 16, 0, 0, 0, 25800.00, 'เบิกจ่ายเสร็จสิ้น'),
(1315, '190.1.4/150', '65/61', '2017-12-01', 53, 0, 0, 'ขออนุมัติเบิกจ่ายค่าตอบแทนหัวหน้าฝ่ายสนับสนุนวิชาการ ธ.ค. 60', '', 16, 0, 0, 0, 1500.00, 'เบิกจ่ายเสร็จสิ้น'),
(1316, '190.14.4/146', '66/61', '2017-12-01', 53, 0, 0, 'ขออนุมัติเบิกจ่ายค่าจ้างเดือน ธ.ค.60', '', 16, 0, 0, 0, 347020.30, 'เบิกจ่ายเสร็จสิ้น'),
(1317, '190.1.5/680', '67/61', '2017-12-01', 53, 0, 0, 'ขออนุมัติซื้อวัสดุ', '', 16, 0, 0, 0, 125.00, 'เบิกจ่ายเสร็จสิ้น'),
(1318, '190.1.5/677', '68/61', '2017-12-01', 53, 0, 0, '', '', 16, 0, 0, 0, 233.00, 'เบิกจ่ายเสร็จสิ้น'),
(1319, '190.1.2/171', '69/61', '2017-12-01', 53, 0, 0, 'ขออนุมัติเงินค่าต่ออายุ visa อาจารย์ต่างชาติ', '', 16, 0, 0, 0, 1900.00, 'เบิกจ่ายเสร็จสิ้น'),
(1320, '190.1.5/645.1', '70/61', '2017-12-01', 53, 0, 0, 'ขออนุมัติซื้อวัสดุ ส.ค.ส  (ตามคำสั่ง 1432/54)', '', 16, 0, 0, 0, 4012.50, 'เบิกจ่ายเสร็จสิ้น'),
(1321, '190.1.1/055', '71/61', '2017-12-01', 53, 0, 0, 'ขออนุมัติใช้เงินพร้อมเบิกจ่ายค่าอาหาร (ตามคำสั่ง 1432/54)', '', 16, 0, 0, 0, 3700.00, 'เบิกจ่ายเสร็จสิ้น'),
(1322, '    /61', '74/61', '2017-12-06', 53, 0, 0, 'แจ้งความต้องการซื้อ พิมพ์วิภา   190-491', '', 17, 71, 85, 431, 3900.00, 'ยังไม่เบิกจ่าย'),
(1323, '     /61', '75/61', '2017-12-07', 53, 0, 0, 'แจ้งความต้องการซื้อ  สลิลทิทย์', '', 17, 71, 85, 431, 23848.00, 'ยังไม่เบิกจ่าย'),
(1324, '   /61', '76/61', '2017-12-07', 53, 0, 0, 'แจ้งความต้องการซื้อ ธวัชชัย', '', 17, 71, 85, 433, 4000.00, 'ยังไม่เบิกจ่าย');

-- --------------------------------------------------------

--
-- โครงสร้างตาราง `trn_budget_main`
--

CREATE TABLE IF NOT EXISTS `trn_budget_main` (
  `id` int(4) NOT NULL AUTO_INCREMENT,
  `budget_id` tinyint(1) NOT NULL,
  `year` year(4) NOT NULL,
  `start_date` date NOT NULL,
  `end_date` date NOT NULL,
  `amount` decimal(15,2) NOT NULL,
  `status_id` tinyint(1) NOT NULL,
  PRIMARY KEY (`id`),
  KEY `fk_budget_id` (`budget_id`),
  KEY `fk_status_id` (`status_id`)
) ENGINE=InnoDB  DEFAULT CHARSET=utf8 AUTO_INCREMENT=18 ;

--
-- dump ตาราง `trn_budget_main`
--

INSERT INTO `trn_budget_main` (`id`, `budget_id`, `year`, `start_date`, `end_date`, `amount`, `status_id`) VALUES
(11, 2, 2014, '2013-10-01', '2014-09-30', 4948058.47, 3),
(12, 2, 2015, '2014-10-01', '2015-09-30', 8234400.00, 3),
(13, 2, 2016, '2015-10-01', '2016-09-30', 10065200.00, 3),
(14, 2, 2017, '2016-10-01', '2017-09-30', 10126900.00, 2),
(15, 1, 2017, '2016-10-01', '2017-09-30', 7590200.00, 2),
(16, 2, 2018, '2017-10-01', '2018-09-30', 11971500.00, 2),
(17, 1, 2018, '2017-10-01', '2018-09-30', 7673600.00, 2);

-- --------------------------------------------------------

--
-- โครงสร้างตาราง `trn_costs_transaction`
--

CREATE TABLE IF NOT EXISTS `trn_costs_transaction` (
  `id` int(11) NOT NULL AUTO_INCREMENT,
  `detail` text NOT NULL,
  `amount` double NOT NULL,
  `costs_lists_id` int(11) NOT NULL,
  `budget_works_id` int(11) NOT NULL,
  `create_owner` int(4) NOT NULL,
  `create_date` datetime NOT NULL,
  PRIMARY KEY (`id`),
  KEY `fk_costs_lists_id` (`costs_lists_id`),
  KEY `fk_budget_works_id` (`budget_works_id`)
) ENGINE=InnoDB DEFAULT CHARSET=utf8 AUTO_INCREMENT=1 ;

-- --------------------------------------------------------

--
-- โครงสร้างตาราง `trn_disbursement`
--

CREATE TABLE IF NOT EXISTS `trn_disbursement` (
  `id` int(11) NOT NULL AUTO_INCREMENT,
  `approve_id` int(11) NOT NULL,
  `doc_number` varchar(20) NOT NULL,
  `file_number` varchar(10) NOT NULL,
  `doc_date` date NOT NULL,
  `invoice_number` varchar(50) NOT NULL,
  `budget_main_id` int(4) NOT NULL,
  `mgt_plans_id` int(11) NOT NULL,
  `mgt_product_id` int(11) NOT NULL,
  `costs_id` tinyint(2) NOT NULL,
  `costs_group_id` tinyint(2) NOT NULL,
  `costs_type_id` int(4) NOT NULL,
  `costs_lists_id` int(4) NOT NULL,
  `costs_sublist_id` int(4) NOT NULL,
  `note` text NOT NULL,
  PRIMARY KEY (`id`),
  KEY `fk_approve_id` (`approve_id`)
) ENGINE=InnoDB  DEFAULT CHARSET=utf8 AUTO_INCREMENT=1882 ;

--
-- dump ตาราง `trn_disbursement`
--

INSERT INTO `trn_disbursement` (`id`, `approve_id`, `doc_number`, `file_number`, `doc_date`, `invoice_number`, `budget_main_id`, `mgt_plans_id`, `mgt_product_id`, `costs_id`, `costs_group_id`, `costs_type_id`, `costs_lists_id`, `costs_sublist_id`, `note`) VALUES
(13, 25, '190.1.4/207', '190/5', '2014-04-02', '', 11, 33, 32, 2, 4, 7, 74, 0, ''),
(14, 26, '190.1.5/124', '191/5', '2014-03-06', '', 11, 33, 32, 2, 3, 6, 57, 0, ''),
(15, 27, '190.1.4/208', '192/5', '2014-04-02', '', 11, 33, 32, 2, 3, 5, 24, 0, ''),
(16, 28, '190.1.4/202', '193/5', '2014-04-01', '', 11, 33, 32, 2, 3, 4, 104, 0, ''),
(18, 30, '190.1.4/203', '194/5', '2014-04-02', '', 11, 33, 32, 2, 3, 4, 5, 0, ''),
(20, 44, '190.1.1/052', '1/1', '2014-07-22', '', 11, 33, 32, 2, 3, 4, 5, 0, ''),
(21, 45, '190.1.4/364', '263/5', '2014-07-17', '', 11, 34, 34, 2, 3, 5, 0, 0, ''),
(22, 46, '190.1.4/368', '264/5', '2014-07-21', '', 11, 33, 33, 5, 7, 15, 98, 0, ''),
(23, 47, '190.1.4/356', '265/5', '2014-07-10', '', 11, 33, 32, 2, 3, 5, 28, 0, ''),
(24, 48, '016/1589', '266/5', '2014-07-16', '', 11, 33, 32, 2, 3, 5, 28, 0, ''),
(31, 69, '190.1.4/581', '1/58', '2014-10-07', '', 12, 40, 41, 1, 1, 2, 2, 0, ''),
(32, 70, '190.1.4/581', '1/58', '2014-10-07', '', 12, 40, 41, 1, 1, 3, 103, 0, ''),
(33, 71, '190.1.4/581', '1/58', '2014-10-07', '', 12, 46, 49, 1, 1, 2, 2, 0, ''),
(34, 72, '190.1.4/581', '1/58', '2014-10-07', '', 12, 46, 49, 1, 1, 3, 103, 0, ''),
(35, 73, '190.1.4/581', '1/58', '2014-10-07', '', 12, 46, 49, 2, 3, 5, 25, 6, ''),
(36, 74, '190.1.4/581', '1/58', '2014-10-24', '', 12, 46, 49, 2, 3, 5, 26, 0, ''),
(37, 75, '190.1.4/581', '1/58', '2014-10-07', '', 12, 46, 49, 2, 3, 5, 27, 0, ''),
(38, 76, '190.1.4/581', '1/58', '2014-10-07', '', 12, 40, 41, 2, 3, 5, 25, 0, ''),
(39, 77, '190.1.4/581', '1/58', '2014-10-07', '', 12, 40, 41, 2, 3, 5, 108, 0, ''),
(40, 78, '190.1.4/581', '1/58', '2014-10-07', '', 12, 40, 41, 2, 3, 5, 27, 0, ''),
(41, 79, '190.1.4/581', '1/58', '2014-10-07', '', 12, 40, 41, 2, 3, 5, 26, 0, ''),
(42, 80, '190.1.4/581.1', '2/58', '2014-10-03', '', 12, 40, 41, 2, 3, 4, 109, 0, ''),
(43, 81, '190.1.4/582', '3/58', '2014-10-03', '', 12, 40, 41, 2, 3, 4, 5, 0, ''),
(44, 82, '190.1.4/582', '3/58', '2014-10-03', '', 12, 40, 41, 2, 3, 4, 7, 0, ''),
(45, 59, '190.1.4/590', '4/58', '2014-10-13', '', 12, 41, 43, 2, 3, 4, 12, 0, ''),
(46, 83, '190/455', '5/58', '2014-10-14', '', 12, 40, 41, 2, 3, 5, 115, 0, ''),
(47, 84, '190/454', '6/58', '2014-10-14', '', 12, 40, 41, 2, 3, 5, 115, 0, ''),
(48, 85, '190.1.5/542', '7/58', '2014-10-15', '', 12, 40, 42, 5, 7, 15, 98, 0, ''),
(49, 60, '190.1.4/003', '8/58', '2014-10-15', '', 12, 40, 41, 4, 6, 14, 85, 0, ''),
(50, 86, '190.1.4/594', '9/58', '2014-10-14', '', 12, 40, 41, 2, 4, 7, 77, 0, ''),
(51, 87, '190.1.5/541', '10/58', '2014-10-15', '', 12, 40, 41, 2, 3, 6, 47, 0, ''),
(52, 88, '190.1.4/606', '11/58', '2014-10-17', '', 12, 40, 41, 2, 3, 5, 24, 0, ''),
(53, 89, '190.1.4/613', '12/58', '2014-10-20', '', 12, 40, 41, 2, 3, 4, 9, 0, ''),
(54, 90, '190.1.4/618', '13/58', '2014-10-21', '', 12, 40, 41, 2, 3, 5, 24, 0, ''),
(55, 69, '190.1.4/581', '1/58', '2014-10-12', '', 12, 46, 49, 1, 1, 2, 4, 0, ''),
(56, 69, '190.1.4/581', '1/58', '2014-10-24', '', 12, 46, 49, 2, 3, 5, 108, 0, ''),
(57, 95, '190.1.4/644', '14/58', '2014-11-03', '', 12, 40, 41, 2, 3, 4, 5, 0, ''),
(58, 96, '190.1.4/644', '14/58', '2014-11-03', '', 12, 40, 41, 2, 3, 4, 7, 0, ''),
(59, 97, '190.1.4/643', '15/58', '2014-11-03', '', 12, 40, 41, 2, 3, 4, 109, 0, ''),
(60, 98, '190.1.4/642', '16/58', '2014-11-03', '', 12, 40, 41, 1, 1, 2, 2, 0, ''),
(63, 100, '190.1.4/642', '16/58', '2014-11-03', '', 12, 40, 41, 2, 3, 5, 25, 0, ''),
(64, 101, '190.1.4/642', '16/58', '2014-11-03', '', 12, 40, 41, 2, 3, 5, 108, 0, ''),
(65, 102, '190.1.4/642', '16/58', '2014-11-03', '', 12, 40, 41, 2, 3, 5, 26, 5, ''),
(66, 103, '190.1.4/642', '16/58', '2014-11-03', '', 12, 40, 41, 2, 3, 5, 27, 0, ''),
(67, 104, '190.1.4/642', '16/58', '2014-11-03', '', 12, 46, 49, 2, 3, 5, 25, 6, ''),
(68, 105, '190.1.4/642', '16/58', '2014-11-03', '', 12, 46, 49, 2, 3, 5, 108, 0, ''),
(69, 106, '190.1.4/642', '16/58', '2014-11-03', '', 12, 46, 49, 2, 3, 5, 26, 5, ''),
(70, 107, '190.1.4/642', '16/58', '2014-11-03', '', 12, 46, 49, 2, 3, 5, 27, 4, ''),
(71, 65, '190.1.4/640', '17/58', '2014-11-28', '', 12, 41, 43, 2, 3, 5, 121, 0, ''),
(72, 108, '190.1.4/632', '18/58', '2014-11-03', '', 12, 41, 43, 2, 3, 4, 12, 0, ''),
(73, 63, '190.1.4/609', '19/58', '2014-11-03', '', 12, 40, 42, 5, 7, 15, 98, 0, ''),
(74, 115, '190.1.2/100', '20/58', '2014-11-03', '', 12, 40, 41, 2, 3, 5, 116, 0, ''),
(75, 116, '190.1.4/639', '21/58', '2014-11-03', '', 12, 40, 41, 2, 3, 5, 24, 0, ''),
(76, 117, '190.1.4/583', '21/58', '2014-11-03', '', 12, 40, 41, 2, 3, 4, 14, 0, ''),
(77, 66, '190.2.9/016', '22/58', '2014-11-06', '', 12, 41, 43, 2, 3, 5, 121, 0, ''),
(78, 94, '190.2.10/017', '23/58', '2014-11-06', '', 12, 41, 43, 2, 3, 4, 14, 0, ''),
(79, 59, '190.1.4/657', '24/58', '2014-11-06', '', 12, 41, 43, 2, 3, 4, 12, 0, ''),
(80, 118, '190.1.4/646', '25/58', '2014-11-04', '', 12, 40, 42, 5, 7, 15, 98, 0, ''),
(81, 119, '190/484', '26/58', '2014-11-05', '', 12, 42, 44, 5, 7, 15, 97, 0, ''),
(82, 120, '190/488', '27/58', '2014-11-06', '', 12, 40, 41, 2, 3, 5, 115, 0, ''),
(83, 110, '190.1.2/111', '28/58', '2014-11-05', '', 12, 40, 41, 2, 3, 4, 9, 0, ''),
(84, 121, '190.3/276', '29/58', '2014-11-03', '', 12, 46, 49, 2, 3, 6, 54, 0, ''),
(85, 122, '190.3/277', '30/58', '2014-11-03', '', 12, 46, 49, 2, 3, 5, 23, 0, ''),
(86, 123, '190.3/278', '31/58', '2014-11-03', '', 12, 46, 49, 2, 3, 5, 23, 0, ''),
(87, 124, '190.1.4/668', '32/58', '2014-11-13', '', 12, 41, 43, 2, 3, 4, 12, 0, ''),
(88, 64, '190.1.4/669', '33/58', '2014-11-13', '', 12, 41, 43, 2, 3, 4, 12, 0, ''),
(89, 125, '190.1.4/671', '34/58', '2014-11-13', '', 12, 40, 41, 4, 6, 14, 85, 0, ''),
(90, 126, '190.2.9/020', '35/58', '2014-11-17', '', 12, 41, 43, 2, 3, 4, 14, 0, ''),
(91, 68, '190.2.9/021', '36/58', '2014-11-17', '', 12, 41, 43, 2, 3, 4, 14, 0, ''),
(92, 54, '190.1.4/677', '37/58', '2014-11-18', '', 12, 41, 43, 2, 3, 4, 12, 0, ''),
(93, 58, '190.1.4/678', '38/58', '2014-11-18', '', 12, 41, 43, 2, 3, 4, 12, 0, ''),
(94, 55, '190.1.4/679', '39/58', '2014-11-18', '', 12, 41, 43, 2, 3, 4, 12, 0, ''),
(95, 127, '190.1.4/681', '40/58', '2014-11-18', '', 12, 41, 43, 2, 3, 4, 12, 0, ''),
(96, 128, '190/497', '41/58', '2014-11-13', '', 12, 40, 41, 2, 3, 5, 115, 0, ''),
(97, 129, '190.1.1/006', '42/58', '2014-11-14', '', 12, 40, 41, 2, 3, 5, 24, 0, ''),
(98, 130, '190.3/289', '43/58', '2014-11-20', '', 12, 46, 49, 2, 3, 6, 54, 0, ''),
(99, 65, '190.2.10/024', '44/58', '2014-11-18', '', 12, 41, 43, 2, 3, 5, 121, 0, ''),
(100, 131, '190.1.1/007', '45/58', '2014-11-20', '', 12, 40, 41, 2, 3, 5, 24, 0, ''),
(101, 132, '190.1.4/642', '16/58', '2014-11-03', '', 12, 46, 49, 1, 1, 2, 4, 0, ''),
(102, 132, '190.1.4/642', '16/58', '2014-11-03', '', 12, 46, 49, 1, 1, 2, 2, 0, ''),
(103, 132, '190.1.4/642', '16/58', '2014-11-03', '', 12, 46, 49, 1, 1, 3, 103, 0, ''),
(104, 99, '190.1.4/642', '16/58', '2014-11-03', '', 12, 40, 41, 1, 1, 3, 103, 0, ''),
(105, 121, '190.3/298', '46/58', '2014-12-01', '', 12, 46, 49, 2, 3, 6, 54, 0, ''),
(106, 122, '190.3/299', '47/58', '2014-12-01', '', 12, 46, 49, 2, 3, 5, 23, 0, ''),
(107, 133, '190.3/300', '48/58', '2014-12-01', '', 12, 46, 49, 2, 3, 5, 23, 0, ''),
(108, 134, '190.1.5/647', '49/58', '2014-12-01', '', 12, 41, 43, 2, 3, 6, 55, 0, ''),
(109, 135, '190.2.2/058', '50/58', '2014-12-01', '', 12, 41, 43, 2, 3, 4, 12, 0, ''),
(110, 54, '190.2.8/039', '51/58', '2014-12-01', '', 12, 41, 43, 2, 3, 4, 12, 0, ''),
(111, 59, '190.2.8/036', '52/58', '2014-12-01', '', 12, 41, 43, 2, 3, 4, 12, 0, ''),
(112, 64, '190.2.8/038', '53/58', '2014-12-01', '', 12, 41, 43, 2, 3, 4, 12, 0, ''),
(113, 112, '190.2.10/024', '54/58', '2014-12-03', '', 12, 41, 43, 2, 3, 4, 14, 0, ''),
(114, 136, '190.1.5/594', '55/58', '2014-12-01', '', 12, 40, 41, 4, 6, 14, 84, 0, ''),
(115, 114, '190.1.8/006', '56/58', '2014-12-01', '', 12, 40, 41, 4, 6, 14, 85, 0, ''),
(116, 137, '190.1.1/009', '57/58', '2014-12-01', '', 12, 40, 41, 2, 3, 5, 24, 0, ''),
(117, 138, '190.3/295', '58/58', '2014-12-11', '', 12, 46, 49, 2, 3, 6, 54, 0, ''),
(118, 139, '190.3/303', '59/58', '2014-12-11', '', 12, 46, 49, 2, 3, 6, 54, 0, ''),
(119, 140, '190.3/296', '60/58', '2014-12-11', '', 12, 46, 49, 2, 3, 6, 54, 0, ''),
(120, 141, '190.2.2/059', '61/58', '2014-12-11', '', 12, 41, 43, 2, 3, 4, 12, 0, ''),
(121, 57, '190.2.10/028', '62/58', '2014-12-04', '', 12, 41, 43, 2, 3, 4, 12, 0, ''),
(122, 55, '190.2.10/032', '63/58', '2014-12-04', '', 12, 41, 43, 2, 3, 4, 12, 0, ''),
(123, 142, '190.1.1/010', '64/58', '2014-12-09', '', 12, 40, 41, 2, 3, 5, 24, 0, ''),
(124, 143, '190.1.4/702', '65/58', '2014-12-01', '', 12, 40, 41, 1, 1, 2, 2, 0, ''),
(125, 143, '190.1.4/702', '65/58', '2014-12-01', '', 12, 40, 41, 1, 1, 3, 103, 0, ''),
(126, 143, '190.1.4/702', '65/58', '2014-12-01', '', 12, 40, 41, 2, 3, 5, 25, 0, ''),
(127, 143, '190.1.4/702', '65/58', '2014-12-01', '', 12, 40, 41, 2, 3, 5, 26, 5, ''),
(128, 143, '190.1.4/702', '65/58', '2014-12-01', '', 12, 40, 41, 2, 3, 5, 108, 0, ''),
(129, 143, '190.1.4/702', '65/58', '2014-12-01', '', 12, 40, 41, 2, 3, 5, 27, 4, ''),
(130, 143, '190.1.4/702', '65/58', '2014-12-01', '', 12, 46, 49, 1, 1, 2, 4, 0, ''),
(131, 143, '190.1.4/702', '65/58', '2014-12-01', '', 12, 46, 49, 1, 1, 2, 2, 0, ''),
(132, 143, '190.1.4/702', '65/58', '2014-12-01', '', 12, 46, 49, 1, 1, 3, 103, 0, ''),
(133, 143, '190.1.4/702', '65/58', '2014-12-01', '', 12, 46, 49, 2, 3, 5, 25, 6, ''),
(134, 143, '190.1.4/702', '65/58', '2014-12-01', '', 12, 46, 49, 2, 3, 5, 26, 5, ''),
(135, 143, '190.1.4/702', '65/58', '2014-12-01', '', 12, 46, 49, 2, 3, 5, 108, 0, ''),
(136, 143, '190.1.4/702', '65/58', '2014-12-01', '', 12, 46, 49, 2, 3, 5, 27, 4, ''),
(137, 144, '190.1.4/699', '66/58', '2014-12-01', '', 12, 40, 41, 2, 3, 4, 5, 0, ''),
(138, 144, '190.1.4/699', '66/58', '2014-12-01', '', 12, 40, 41, 2, 3, 4, 7, 0, ''),
(139, 145, '190.1.4/701', '67/58', '2014-12-01', '', 12, 40, 41, 2, 3, 4, 109, 0, ''),
(140, 145, '190.1.4/701', '67/58', '2014-12-01', '', 12, 40, 41, 2, 3, 4, 109, 0, ''),
(141, 145, '190.1.4/701', '67/58', '2014-12-01', '', 12, 40, 41, 2, 3, 4, 109, 0, ''),
(142, 145, '190.1.4/701', '67/58', '2014-12-01', '', 12, 40, 41, 2, 3, 4, 109, 0, ''),
(143, 145, '190.1.4/701', '67/58', '2014-12-01', '', 12, 40, 41, 2, 3, 4, 109, 0, ''),
(144, 145, '190.1.4/701', '67/58', '2014-12-01', '', 12, 40, 41, 2, 3, 4, 109, 0, ''),
(145, 56, '190.2.10/029', '68/58', '2014-12-08', '', 12, 41, 43, 2, 3, 4, 12, 0, ''),
(146, 109, '190.2.10/022', '69/58', '2014-12-16', '', 12, 41, 43, 2, 3, 4, 14, 0, ''),
(147, 91, '190.1.4/731', '70/58', '2014-12-19', '', 12, 42, 44, 5, 7, 15, 97, 0, ''),
(148, 61, '190.1.4/732', '71/58', '2014-12-19', '', 12, 40, 42, 5, 7, 15, 98, 0, ''),
(149, 61, '190.1.4/732', '71/58', '2014-12-19', '', 12, 42, 44, 5, 7, 15, 97, 0, ''),
(150, 113, '190.1.8/005', '72/58', '2014-12-22', '', 12, 40, 41, 4, 6, 14, 85, 0, ''),
(151, 146, '190.1.8/007', '73/58', '2014-12-23', '', 12, 40, 41, 2, 3, 5, 31, 0, ''),
(152, 147, '190.1.8/006.1', '74/58', '2014-12-23', '', 12, 40, 41, 2, 3, 5, 29, 0, ''),
(153, 148, '190.1.1/011', '75/58', '2014-12-23', '', 12, 40, 41, 2, 3, 5, 24, 0, ''),
(154, 149, '190.1.4/710', '76/58', '2014-12-22', '', 12, 40, 41, 2, 3, 4, 14, 0, ''),
(155, 150, '150/2063', '77/58', '2014-12-24', '', 12, 40, 41, 2, 4, 7, 76, 0, ''),
(156, 151, '150/2261', '78/58', '2014-12-24', '', 12, 40, 41, 2, 4, 7, 76, 0, ''),
(157, 152, '190.2.5/028', '79/58', '2014-12-16', '', 12, 40, 42, 5, 7, 15, 98, 0, ''),
(158, 153, '190/559', '80/58', '2014-12-19', '', 12, 40, 41, 2, 3, 5, 115, 0, ''),
(159, 154, '190/557', '81/58', '2014-12-19', '', 12, 40, 41, 2, 3, 5, 115, 0, ''),
(160, 92, '190.2.3/050', '82/58', '2014-12-25', '', 12, 45, 48, 4, 6, 14, 92, 0, ''),
(161, 91, '193/127', '83/58', '2014-12-26', '', 12, 42, 44, 5, 7, 15, 97, 0, ''),
(162, 155, '190.1.5/682', '84/58', '2014-12-25', '', 12, 40, 41, 2, 3, 6, 47, 0, ''),
(163, 156, '190.1.2/124', '85/58', '2014-12-26', '', 12, 40, 41, 2, 3, 4, 9, 0, ''),
(164, 170, '190.1.4/004', '86/58', '2015-01-05', '', 12, 40, 41, 2, 3, 4, 109, 0, ''),
(165, 170, '190.1.4/004', '86/58', '2015-01-05', '', 12, 40, 41, 2, 3, 4, 109, 0, ''),
(166, 170, '190.1.4/004', '86/58', '2015-01-05', '', 12, 40, 41, 2, 3, 4, 109, 0, ''),
(167, 170, '190.1.4/004', '86/58', '2015-01-05', '', 12, 40, 41, 2, 3, 4, 109, 0, ''),
(168, 170, '190.1.4/004', '86/58', '2015-01-05', '', 12, 40, 41, 2, 3, 4, 109, 0, ''),
(169, 170, '190.1.4/004', '86/58', '2015-01-05', '', 12, 40, 41, 2, 3, 4, 109, 0, ''),
(170, 171, '190.1.4/002', '87/58', '2015-01-05', '', 12, 40, 41, 2, 3, 4, 5, 0, ''),
(171, 171, '190.1.4/002', '87/58', '2015-01-05', '', 12, 40, 41, 2, 3, 4, 7, 0, ''),
(172, 172, '190.1.4/001', '88/58', '2015-01-05', '', 12, 40, 41, 1, 1, 2, 2, 0, ''),
(173, 172, '190.1.4/001', '88/58', '2015-01-05', '', 12, 40, 41, 1, 1, 3, 103, 0, ''),
(174, 172, '190.1.4/001', '88/58', '2015-01-05', '', 12, 40, 41, 2, 3, 5, 25, 0, ''),
(175, 172, '190.1.4/001', '88/58', '2015-01-05', '', 12, 40, 41, 2, 3, 5, 26, 5, ''),
(176, 172, '190.1.4/001', '88/58', '2015-01-05', '', 12, 40, 41, 2, 3, 5, 108, 0, ''),
(177, 172, '190.1.4/001', '88/58', '2015-01-05', '', 12, 40, 41, 2, 3, 5, 27, 4, ''),
(178, 172, '190.1.4/001', '88/58', '2015-01-05', '', 12, 46, 49, 1, 1, 2, 2, 0, ''),
(179, 172, '190.1.4/001', '88/58', '2015-01-05', '', 12, 46, 49, 1, 1, 2, 4, 0, ''),
(180, 172, '190.1.4/001', '88/58', '2015-01-05', '', 12, 46, 49, 1, 1, 3, 103, 0, ''),
(181, 172, '190.1.4/001', '88/58', '2015-01-05', '', 12, 46, 49, 2, 3, 5, 25, 0, ''),
(182, 172, '190.1.4/001', '88/58', '2015-01-05', '', 12, 46, 49, 2, 3, 5, 26, 0, ''),
(183, 172, '190.1.4/001', '88/58', '2015-01-05', '', 12, 46, 49, 2, 3, 5, 108, 0, ''),
(184, 172, '190.1.4/001', '88/58', '2015-01-05', '', 12, 46, 49, 2, 3, 5, 27, 0, ''),
(185, 173, '190.3/307', '89/58', '2015-01-05', '', 12, 41, 43, 3, 5, 8, 123, 0, ''),
(186, 121, '190.3/326', '90/58', '2015-01-05', '', 12, 46, 49, 2, 3, 6, 54, 0, ''),
(187, 122, '190.3/325', '91/58', '2015-01-05', '', 12, 46, 49, 2, 3, 5, 23, 0, ''),
(188, 174, '190.3/327', '92/58', '2015-01-05', '', 12, 46, 49, 2, 3, 5, 23, 0, ''),
(189, 157, '190.2.10/027', '93/58', '2015-01-05', '', 12, 41, 43, 2, 3, 5, 121, 0, ''),
(190, 66, '190.2.9/023', '94/58', '2015-01-05', '', 12, 41, 43, 2, 3, 5, 121, 0, ''),
(191, 54, '190.2.10/042', '95/58', '2015-01-05', '', 12, 41, 43, 2, 3, 4, 12, 0, ''),
(192, 175, '190.1.1/013', '96/58', '2015-01-05', '', 12, 40, 41, 2, 3, 5, 24, 0, ''),
(193, 176, '190/739', '97/58', '2015-01-05', '', 12, 40, 41, 2, 3, 5, 115, 0, ''),
(194, 159, '190.2.9/022', '98/58', '2015-01-14', '', 12, 41, 43, 2, 3, 4, 14, 0, ''),
(195, 177, '190/025', '99/58', '2015-01-13', '', 12, 40, 41, 2, 3, 5, 115, 0, ''),
(196, 178, '190/024', '100/58', '2015-01-13', '', 12, 40, 41, 2, 3, 5, 115, 0, ''),
(197, 179, '190/012', '101/58', '2015-01-08', '', 12, 40, 41, 2, 3, 5, 115, 0, ''),
(198, 180, '190.1.4/015', '102/58', '2015-01-13', '', 12, 43, 46, 4, 6, 14, 93, 0, ''),
(199, 181, '190.1.1/002', '103/58', '2015-01-20', '', 12, 40, 41, 2, 3, 5, 24, 0, ''),
(200, 182, '190.1.2/003', '104/58', '2015-01-15', '', 12, 40, 41, 2, 3, 4, 9, 0, ''),
(201, 121, '190.3/018', '105/58', '2015-01-26', '', 12, 46, 49, 2, 3, 6, 54, 0, ''),
(202, 122, '190.3/020', '106/58', '2015-01-26', '', 12, 46, 49, 2, 3, 5, 23, 0, ''),
(203, 183, '190.3/019', '107/58', '2015-01-26', '', 12, 46, 49, 2, 3, 5, 23, 0, ''),
(204, 184, '193/011', '108/58', '2015-01-22', '', 12, 41, 43, 4, 6, 14, 81, 0, ''),
(205, 185, '190.1.5/034', '109/58', '2015-01-23', '', 12, 40, 41, 4, 6, 14, 84, 0, ''),
(206, 186, '190.1.1/004', '110/58', '2015-01-27', '', 12, 40, 41, 2, 3, 5, 24, 0, ''),
(207, 158, '190.2.3/057', '111/58', '2015-01-30', '', 12, 42, 45, 4, 6, 14, 82, 0, ''),
(208, 196, '190.1.4/037', '116/58', '2015-02-02', '', 12, 40, 41, 2, 3, 4, 109, 0, ''),
(209, 196, '190.1.4/037', '116/58', '2015-02-02', '', 12, 40, 41, 2, 3, 4, 109, 0, ''),
(210, 196, '190.1.4/037', '116/58', '2015-02-02', '', 12, 40, 41, 2, 3, 4, 109, 0, ''),
(211, 196, '190.1.4/037', '116/58', '2015-02-02', '', 12, 40, 41, 2, 3, 4, 109, 0, ''),
(212, 196, '190.1.4/037', '116/58', '2015-02-02', '', 12, 40, 41, 2, 3, 4, 109, 0, ''),
(213, 196, '190.1.4/037', '116/58', '2015-02-02', '', 12, 40, 41, 2, 3, 4, 109, 0, ''),
(214, 197, '190.1.4/040', '112/58', '2015-02-02', '', 12, 40, 41, 2, 3, 4, 5, 0, ''),
(215, 197, '190.1.4/040', '112/58', '2015-02-02', '', 12, 40, 41, 2, 3, 4, 7, 0, ''),
(216, 198, '190.1.4/039', '113/58', '2015-02-02', '', 12, 40, 41, 1, 1, 2, 2, 0, ''),
(217, 198, '190.1.4/039', '113/58', '2015-02-02', '', 12, 40, 41, 1, 1, 3, 103, 0, ''),
(218, 198, '190.1.4/039', '113/58', '2015-02-02', '', 12, 40, 41, 2, 3, 5, 25, 6, ''),
(219, 198, '190.1.4/039', '113/58', '2015-02-02', '', 12, 40, 41, 2, 3, 5, 108, 0, ''),
(220, 198, '190.1.4/039', '113/58', '2015-02-02', '', 12, 40, 41, 2, 3, 5, 26, 5, ''),
(221, 198, '190.1.4/039', '113/58', '2015-02-02', '', 12, 40, 41, 2, 3, 5, 27, 4, ''),
(222, 198, '190.1.4/039', '113/58', '2015-02-02', '', 12, 46, 49, 1, 1, 2, 2, 0, ''),
(223, 198, '190.1.4/039', '113/58', '2015-02-02', '', 12, 46, 49, 1, 1, 2, 4, 0, ''),
(224, 198, '190.1.4/039', '113/58', '2015-02-02', '', 12, 46, 49, 1, 1, 3, 103, 0, ''),
(225, 198, '190.1.4/039', '113/58', '2015-02-02', '', 12, 46, 49, 2, 3, 5, 25, 6, ''),
(226, 198, '190.1.4/039', '119/58', '2015-02-02', '', 12, 46, 49, 2, 3, 5, 26, 5, ''),
(227, 198, '190.1.4/039', '113/58', '2015-02-02', '', 12, 46, 49, 2, 3, 5, 108, 0, ''),
(228, 198, '190.1.4/039', '113/58', '2015-02-02', '', 12, 46, 49, 2, 3, 5, 27, 4, ''),
(229, 199, '190.1.5/065', '114/58', '2015-02-02', '', 12, 41, 43, 3, 5, 8, 123, 0, ''),
(230, 187, '190.3/003', '115/58', '2015-02-06', '', 12, 46, 49, 5, 7, 15, 100, 0, ''),
(231, 189, '193/001', '117/58', '2015-02-05', '', 12, 42, 44, 5, 7, 15, 97, 0, ''),
(232, 191, '190.1.8/001', '118/58', '2015-02-05', '', 12, 40, 41, 4, 6, 14, 85, 0, ''),
(233, 193, '190.1.1/003', '119/58', '2015-02-05', '', 12, 40, 41, 4, 6, 14, 85, 0, ''),
(234, 200, '190.1.1/006', '120/58', '2015-02-05', '', 12, 40, 41, 2, 3, 5, 24, 0, ''),
(235, 201, '190.1.1/009', '121/58', '2015-02-13', '', 12, 40, 41, 2, 3, 5, 24, 0, ''),
(236, 202, '190/089', '122/58', '2015-02-12', '', 12, 40, 41, 2, 3, 5, 115, 0, ''),
(237, 203, '190.1.8/002', '123/58', '2015-02-16', '', 12, 40, 41, 4, 6, 14, 85, 0, ''),
(238, 204, '150/288', '124/58', '2015-02-20', '', 12, 40, 41, 2, 4, 7, 76, 0, ''),
(239, 205, '150/278', '125/58', '2015-02-20', '', 12, 40, 41, 2, 4, 7, 76, 0, ''),
(240, 206, '150/110', '126/58', '2015-02-20', '', 12, 40, 41, 2, 4, 7, 76, 0, ''),
(241, 194, '190.2.3/003', '127/58', '2015-02-17', '', 12, 42, 45, 4, 6, 14, 82, 0, ''),
(242, 161, '190.2.10/019', '128/58', '2015-02-18', '', 12, 41, 43, 2, 3, 4, 12, 0, ''),
(243, 166, '190.2.10/017', '129/58', '2015-02-20', '', 12, 41, 43, 2, 3, 4, 12, 0, ''),
(244, 160, '190.2.10/016', '130/58', '2015-02-20', '', 12, 41, 43, 2, 3, 4, 12, 0, ''),
(245, 207, '190.2.9/001', '131/58', '2015-02-18', '', 12, 41, 43, 2, 3, 4, 14, 0, ''),
(246, 167, '190.2.10/020', '132/58', '2015-02-20', '', 12, 41, 43, 2, 3, 4, 12, 0, ''),
(247, 162, '190.2.10/018', '133/58', '2015-02-20', '', 12, 41, 43, 2, 3, 4, 12, 0, ''),
(248, 208, '190.1.1/010', '134/58', '2015-02-23', '', 12, 40, 41, 2, 3, 5, 24, 0, ''),
(249, 165, '190.2.10/025', '135/58', '2015-02-27', '', 12, 41, 43, 2, 3, 4, 12, 0, ''),
(250, 163, '190.2.10/027', '136/58', '2015-02-27', '', 12, 41, 43, 2, 3, 4, 12, 0, ''),
(251, 161, '190.2.10/028', '137/58', '2015-02-27', '', 12, 41, 43, 2, 3, 4, 12, 0, ''),
(252, 209, '190.1.4/060', '138/58', '2015-02-24', '', 12, 40, 41, 2, 3, 5, 31, 0, ''),
(253, 210, '190.1.2/019', '139/58', '2015-02-24', '', 12, 40, 41, 2, 3, 4, 9, 0, ''),
(254, 221, '190.1.4/066', '140/58', '2015-03-02', '', 12, 40, 41, 2, 3, 4, 5, 0, ''),
(255, 221, '190.1.4/066', '140/58', '2015-03-02', '', 12, 40, 41, 2, 3, 4, 7, 0, ''),
(256, 222, '190.1.4/068', '141/58', '2015-03-02', '', 12, 40, 41, 1, 1, 2, 2, 0, ''),
(257, 222, '190.1.4/068', '141/58', '2015-03-02', '', 12, 40, 41, 1, 1, 3, 103, 0, ''),
(258, 222, '190.1.4/068', '141/58', '2015-03-02', '', 12, 46, 49, 1, 1, 2, 4, 0, ''),
(259, 222, '190.1.4/068', '141/58', '2015-03-02', '', 12, 46, 49, 1, 1, 2, 2, 0, ''),
(260, 222, '190.1.4/068', '141/58', '2015-03-02', '', 12, 46, 49, 1, 1, 3, 103, 0, ''),
(261, 222, '190.1.4/068', '141/58', '2015-03-02', '', 12, 40, 41, 2, 3, 5, 25, 6, ''),
(262, 222, '190.1.4/068', '141/58', '2015-03-02', '', 12, 40, 41, 2, 3, 5, 26, 0, ''),
(263, 222, '190.1.4/068', '141/58', '2015-03-02', '', 12, 40, 41, 2, 3, 5, 27, 0, ''),
(264, 222, '190.1.4/068', '141/58', '2015-03-02', '', 12, 46, 49, 2, 3, 5, 25, 6, ''),
(265, 222, '190.1.4/068', '141/58', '2015-03-02', '', 12, 46, 49, 2, 3, 5, 108, 0, ''),
(266, 222, '190.1.4/068', '141/58', '2015-03-02', '', 12, 46, 49, 2, 3, 5, 27, 0, ''),
(267, 222, '190.1.4/068', '141/58', '2015-03-02', '', 12, 46, 49, 2, 3, 5, 26, 3, ''),
(268, 121, '190.3/044', '142/58', '2015-03-02', '', 12, 46, 49, 2, 3, 6, 54, 0, ''),
(269, 122, '190.3/045', '143/58', '2015-03-02', '', 12, 46, 49, 2, 3, 5, 23, 0, ''),
(270, 223, '190.3/046', '144/58', '2015-03-02', '', 12, 46, 49, 2, 3, 5, 23, 0, ''),
(271, 164, '190.2.10/026', '145/58', '2015-03-02', '', 12, 41, 43, 2, 3, 4, 12, 0, ''),
(272, 224, '190.2.10/029', '146/58', '2015-03-02', '', 12, 41, 43, 2, 3, 4, 12, 0, ''),
(273, 211, '190.1.1/007', '147/58', '2015-03-02', '', 12, 40, 41, 4, 6, 14, 85, 0, ''),
(274, 188, '190.1.4/067', '148/58', '2015-03-02', '', 12, 40, 41, 4, 6, 14, 85, 0, ''),
(275, 225, '193/024', '149/58', '2015-03-02', '', 12, 41, 43, 4, 6, 14, 81, 0, ''),
(276, 226, '193/027', '150/58', '2015-03-03', '', 12, 41, 43, 4, 6, 14, 81, 0, ''),
(277, 214, '190.2.10/014', '151/58', '2015-03-06', '', 12, 41, 43, 2, 3, 5, 121, 0, ''),
(278, 212, '190.2.9/003', '152/58', '2015-03-06', '', 12, 41, 43, 2, 3, 5, 121, 0, ''),
(279, 227, '190.1.4/058', '153/58', '2015-03-09', '', 12, 41, 43, 2, 3, 4, 14, 0, ''),
(280, 228, '190.1.1/013', '154/58', '2015-03-09', '', 12, 40, 41, 2, 3, 5, 24, 0, ''),
(281, 218, '190.1.2/027', '155/58', '2015-03-06', '', 12, 40, 41, 2, 3, 5, 116, 0, ''),
(282, 229, '193/030', '156/58', '2015-03-12', '', 12, 41, 43, 4, 6, 14, 81, 0, ''),
(283, 230, '193/028', '157/58', '2015-03-12', '', 12, 41, 43, 4, 6, 14, 81, 0, ''),
(284, 231, '190.1.5/159', '158/58', '2015-03-09', '', 12, 41, 43, 2, 3, 6, 55, 0, ''),
(285, 162, '190.2.10/036', '159/58', '2015-03-18', '', 12, 41, 43, 2, 3, 4, 12, 0, ''),
(286, 163, '190.2.10/037', '160/58', '2015-03-20', '', 12, 41, 43, 2, 3, 4, 12, 0, ''),
(287, 190, '190.2.10/035', '161/58', '2015-03-20', '', 12, 41, 43, 2, 3, 4, 12, 0, ''),
(288, 192, '190.1.2.2/010', '162/58', '2015-03-18', '', 12, 41, 43, 2, 3, 4, 12, 0, ''),
(289, 232, '190.1.8/004', '163/58', '2015-03-12', '', 12, 40, 41, 4, 6, 14, 85, 0, ''),
(290, 217, '190.1.8/003', '164/58', '2015-03-20', '', 12, 40, 41, 4, 6, 14, 85, 0, ''),
(291, 233, '190.1.1/014', '165/58', '2015-03-18', '', 12, 40, 41, 2, 4, 7, 77, 0, ''),
(292, 234, '190/141', '166/58', '2015-03-18', '', 12, 40, 41, 2, 3, 5, 115, 0, ''),
(293, 235, '190.1.1/015', '167/58', '2015-03-20', '', 12, 40, 41, 2, 3, 5, 24, 0, ''),
(294, 236, '190.1.2/29', '168/58', '2015-03-20', '', 12, 40, 41, 2, 3, 4, 9, 0, ''),
(295, 237, '150/478', '169/58', '2015-03-10', '', 12, 40, 41, 2, 4, 7, 76, 0, ''),
(296, 238, '190.3/068', '170/58', '2015-03-31', '', 12, 46, 49, 2, 3, 6, 54, 0, ''),
(297, 239, '190.1.2/028', '171/58', '2015-03-27', '', 12, 41, 43, 2, 3, 4, 12, 0, ''),
(298, 240, '190.1.4/076', '172/58', '2015-03-27', '', 12, 40, 41, 2, 3, 4, 14, 0, ''),
(299, 241, '190.1.1/016', '173/58', '2015-03-31', '', 12, 40, 41, 2, 3, 5, 24, 0, ''),
(300, 242, '193/029', '174/58', '2015-03-19', '', 12, 41, 43, 4, 6, 14, 81, 0, ''),
(301, 243, '193/035', '175/58', '2015-03-24', '', 12, 41, 43, 4, 6, 14, 81, 0, ''),
(303, 122, '190.3/065', '176/58', '2015-03-30', '', 12, 46, 49, 2, 3, 5, 23, 0, ''),
(304, 121, '190.3/067', '177/58', '2015-03-30', '', 12, 46, 49, 2, 3, 6, 54, 0, ''),
(305, 245, '190.3/066', '178/58', '2015-03-30', '', 12, 46, 49, 2, 3, 5, 23, 0, ''),
(306, 214, '190.2.10/014', '179/58', '2015-03-31', '', 12, 41, 43, 2, 3, 5, 121, 0, ''),
(307, 215, '190.2.10/022', '180/58', '2015-03-31', '', 12, 41, 43, 2, 3, 4, 11, 0, ''),
(308, 251, '190.1.4/064', '139.1', '2015-03-02', '', 12, 40, 41, 2, 3, 4, 109, 0, ''),
(309, 251, '190.1.4/064', '139.1', '2015-03-02', '', 12, 40, 41, 2, 3, 4, 109, 0, ''),
(310, 251, '190.1.4/064', '139.1', '2015-03-02', '', 12, 40, 41, 2, 3, 4, 109, 0, ''),
(311, 251, '190.1.4/064', '139.1', '2015-03-02', '', 12, 40, 41, 2, 3, 4, 109, 0, ''),
(312, 251, '190.1.4/064', '139.1', '2015-03-02', '', 12, 40, 41, 2, 3, 4, 109, 0, ''),
(313, 251, '190.1.4/064', '139.1', '2015-03-02', '', 12, 40, 41, 2, 3, 4, 109, 0, ''),
(314, 222, '190.1.4/068', '141/58', '2015-03-02', '', 12, 40, 41, 2, 3, 5, 108, 0, ''),
(315, 252, '190.1.4/090', '181/58', '2015-04-02', '', 12, 40, 41, 2, 3, 4, 5, 0, ''),
(316, 252, '190.1.4/090', '181/58', '2015-04-02', '', 12, 40, 41, 2, 3, 4, 7, 0, ''),
(317, 253, '190.1.4/092', '182/58', '2015-04-02', '', 12, 40, 41, 2, 3, 4, 109, 0, ''),
(318, 253, '190.1.4/092', '182/58', '2015-04-02', '', 12, 40, 41, 2, 3, 4, 109, 0, ''),
(319, 253, '190.1.4/092', '182/58', '2015-04-02', '', 12, 40, 41, 2, 3, 4, 109, 0, ''),
(320, 253, '190.1.4/092', '182/58', '2015-04-02', '', 12, 40, 41, 2, 3, 4, 109, 0, ''),
(321, 253, '190.1.4/092', '182/58', '2015-04-02', '', 12, 40, 41, 2, 3, 4, 109, 0, ''),
(322, 253, '190.1.4/092', '182/58', '2015-04-02', '', 12, 40, 41, 2, 3, 4, 109, 0, ''),
(323, 254, '193/041', '183/58', '2015-04-03', '', 12, 41, 43, 4, 6, 14, 81, 0, ''),
(324, 219, '190.1.5/114', '184/58', '2015-04-07', '', 12, 41, 43, 2, 3, 6, 55, 0, ''),
(325, 248, '190.1.2/032', '185/58', '2015-04-03', '', 12, 41, 43, 2, 3, 5, 31, 0, ''),
(326, 255, '190.1.1/017', '186/58', '2015-04-03', '', 12, 40, 41, 2, 4, 7, 77, 0, ''),
(327, 250, '190.2.9/007', '187/58', '2015-04-10', '', 12, 41, 43, 2, 3, 4, 14, 0, ''),
(328, 161, '190.2.10/038', '188/58', '2015-04-10', '', 12, 41, 43, 2, 3, 4, 12, 0, ''),
(329, 190, '190.2.10/043', '189/58', '2015-04-10', '', 12, 41, 43, 2, 3, 4, 12, 0, ''),
(330, 162, '190.2.10/044', '190/58', '2015-04-10', '', 12, 41, 43, 2, 3, 4, 12, 0, ''),
(331, 256, '190.1.2/036', '191/58', '2015-04-07', '', 12, 40, 41, 2, 3, 4, 9, 0, ''),
(332, 257, '190.1.4/086', '192/58', '2015-04-02', '', 12, 40, 41, 2, 3, 4, 7, 0, ''),
(333, 258, '190.1.4/089', '193/58', '2015-04-02', '', 12, 40, 41, 1, 1, 2, 2, 0, ''),
(334, 258, '190.1.4/089', '193/58', '2015-04-02', '', 12, 40, 41, 2, 3, 5, 25, 0, ''),
(335, 259, '1900.1.4/088', '194/58', '2015-04-02', '', 12, 40, 41, 1, 1, 2, 2, 0, ''),
(336, 259, '190.1.4/088', '193/58', '2015-04-02', '', 12, 40, 41, 1, 1, 3, 103, 0, ''),
(337, 259, '190.1.4/088', '194/58', '2015-04-02', '', 12, 40, 41, 2, 3, 5, 25, 0, ''),
(338, 259, '190.1.4/088', '194/58', '2015-04-02', '', 12, 40, 41, 2, 3, 5, 26, 0, ''),
(339, 259, '190.1.4/088', '194/58', '2015-04-02', '', 12, 40, 41, 1, 1, 2, 2, 0, ''),
(340, 259, '190.1.4/088', '194/58', '2015-04-02', '', 12, 40, 41, 2, 3, 5, 25, 0, ''),
(341, 259, '190.1.4/088', '194/58', '2015-04-02', '', 12, 40, 41, 2, 3, 5, 108, 0, ''),
(342, 259, '190.1.4/088', '194/58', '2015-04-02', '', 12, 40, 41, 2, 3, 5, 27, 0, ''),
(343, 259, '190.1.4/088', '194/58', '2015-04-02', '', 12, 46, 49, 1, 1, 2, 2, 0, ''),
(344, 259, '190.1.4/088', '194/58', '2015-04-02', '', 12, 46, 49, 1, 1, 3, 103, 0, ''),
(345, 259, '190.1.4/088', '194/58', '2015-04-02', '', 12, 46, 49, 2, 3, 5, 25, 0, ''),
(346, 259, '190.1.4/088', '194/58', '2015-04-02', '', 12, 46, 49, 2, 3, 5, 26, 0, ''),
(347, 259, '190.1.4/088', '194/58', '2015-04-02', '', 12, 46, 49, 1, 1, 2, 4, 0, ''),
(348, 259, '190.1.4/088', '194/58', '2015-04-02', '', 12, 46, 49, 2, 3, 5, 25, 0, ''),
(349, 259, '190.1.4/088', '194/58', '2015-04-02', '', 12, 46, 49, 2, 3, 5, 108, 0, ''),
(350, 259, '190.1.4/088', '194/58', '2015-04-02', '', 12, 46, 49, 2, 3, 5, 27, 0, ''),
(351, 216, '190.2.3/016', '195/58', '2015-04-17', '', 12, 42, 45, 4, 6, 14, 82, 0, ''),
(352, 249, '190.3/062', '196/58', '2015-04-10', '', 12, 40, 42, 5, 7, 15, 96, 0, ''),
(353, 260, '190/190', '197/58', '2015-04-17', '', 12, 40, 41, 2, 3, 5, 115, 0, ''),
(354, 261, '190.1.4/018', '198/58', '2015-04-17', '', 12, 40, 41, 2, 3, 5, 24, 0, ''),
(355, 262, '190.1.1/020', '199/58', '2015-04-22', '', 12, 40, 41, 2, 3, 5, 24, 0, ''),
(356, 121, '190.3/092', '200/58', '2015-04-30', '', 12, 46, 49, 2, 3, 6, 54, 0, ''),
(357, 122, '190.3/091', '201/58', '2015-04-30', '', 12, 46, 49, 2, 3, 5, 23, 0, ''),
(358, 263, '190.3/093', '202/58', '2015-04-30', '', 12, 46, 49, 2, 3, 5, 23, 0, ''),
(359, 264, '190.1.4/100', '203/58', '2015-04-16', '', 12, 41, 43, 2, 3, 4, 14, 0, ''),
(360, 271, '190.1.4/112', '204/58', '2015-05-06', '', 12, 40, 41, 2, 3, 4, 109, 0, ''),
(361, 271, '190.1.4/112', '204/58', '2015-05-06', '', 12, 40, 41, 2, 3, 4, 109, 0, ''),
(362, 271, '190.1.4/112', '204/58', '2015-05-06', '', 12, 40, 41, 2, 3, 4, 109, 0, ''),
(363, 271, '190.1.4/112', '204/58', '2015-05-06', '', 12, 40, 41, 2, 3, 4, 109, 0, ''),
(364, 271, '190.1.4/112', '204/58', '2015-05-06', '', 12, 40, 41, 2, 3, 4, 109, 0, ''),
(365, 271, '190.1.4/112', '204/58', '2015-05-06', '', 12, 40, 41, 2, 3, 4, 109, 0, ''),
(366, 272, '190.1.4/113', '205/58', '2015-05-06', '', 12, 40, 41, 2, 3, 4, 5, 0, ''),
(367, 272, '190.1.4/113', '205/58', '2015-05-06', '', 12, 40, 41, 2, 3, 4, 7, 0, ''),
(368, 273, '190.1.4/115', '206/58', '2015-05-06', '', 12, 40, 41, 2, 3, 4, 7, 0, ''),
(369, 274, '150/773', '207/58', '2015-05-06', '', 12, 40, 41, 2, 4, 7, 76, 0, ''),
(370, 275, '190.1.1/022', '208/58', '2015-05-07', '', 12, 40, 41, 2, 3, 5, 24, 0, ''),
(371, 276, '190.1.2/043', '209/58', '2015-05-11', '', 12, 40, 41, 4, 6, 14, 85, 0, ''),
(372, 163, '190.2.10/050', '210/58', '2015-05-11', '', 12, 41, 43, 2, 3, 4, 12, 0, ''),
(373, 190, '190.2.10/049', '211/58', '2015-05-11', '', 12, 41, 43, 2, 3, 4, 12, 0, ''),
(374, 166, '190.2.10/051', '212/58', '2015-05-11', '', 12, 41, 43, 2, 3, 4, 12, 0, ''),
(375, 277, '190.1.4/110', '213/58', '2015-05-06', '', 12, 41, 43, 2, 3, 4, 14, 0, ''),
(376, 278, '190.2.9/006', '214/58', '2015-05-12', '', 12, 41, 43, 2, 3, 5, 121, 0, ''),
(377, 212, '190.2.9/003', '215/58', '2015-05-12', '', 12, 41, 43, 2, 3, 5, 121, 0, ''),
(378, 265, '190.2.3/027', '216/58', '2015-05-11', '', 12, 42, 45, 4, 6, 14, 82, 0, ''),
(379, 266, '190.2.3/028', '217/58', '2015-05-11', '', 12, 45, 48, 4, 6, 14, 92, 0, ''),
(380, 279, '190.1.4/116', '218/58', '2015-05-06', '', 12, 40, 41, 1, 1, 2, 2, 0, ''),
(381, 279, '190.1.4/116', '218/58', '2015-05-06', '', 12, 40, 41, 1, 1, 3, 103, 0, ''),
(382, 279, '190.1.4/116', '218/58', '2015-05-06', '', 12, 40, 41, 2, 3, 5, 25, 0, ''),
(383, 279, '190.1.4/116', '218/58', '2015-05-06', '', 12, 40, 41, 2, 3, 5, 26, 0, ''),
(384, 279, '190.1.4/116', '218/58', '2015-05-06', '', 12, 40, 41, 2, 3, 5, 27, 0, ''),
(385, 279, '190.1.4/116', '218/58', '2015-05-06', '', 12, 46, 49, 1, 1, 2, 2, 0, ''),
(386, 279, '190.1.4/116', '218/58', '2015-05-06', '', 12, 46, 49, 1, 1, 2, 4, 0, ''),
(387, 279, '190.1.4/116', '218/58', '2015-05-06', '', 12, 46, 49, 2, 3, 5, 25, 0, ''),
(388, 279, '190.1.4/116', '218/58', '2015-05-06', '', 12, 46, 49, 2, 3, 5, 26, 0, ''),
(389, 279, '190.1.4/116', '218/58', '2015-05-06', '', 12, 46, 49, 2, 3, 5, 27, 0, ''),
(390, 279, '190.1.4/116', '218/58', '2015-05-06', '', 12, 46, 49, 1, 1, 3, 103, 0, ''),
(391, 280, '190/246', '220/58', '2015-05-22', '', 12, 40, 41, 2, 3, 5, 115, 0, ''),
(392, 281, '190/247', '221/58', '2015-05-22', '', 12, 40, 41, 2, 3, 5, 115, 0, ''),
(393, 282, '190/248', '222/58', '2015-05-22', '', 12, 40, 41, 2, 3, 5, 115, 0, ''),
(394, 161, '190.2.10/052', '223/58', '2015-05-11', '', 12, 41, 43, 2, 3, 4, 12, 0, ''),
(395, 283, '190.1.5/194', '224/58', '2015-05-18', '', 12, 41, 43, 2, 3, 6, 50, 0, ''),
(396, 284, '190.2.3/042', '225/58', '2015-05-08', '', 12, 42, 45, 4, 6, 14, 82, 0, ''),
(397, 269, '190.2.3/033', '226/58', '2015-05-15', '', 12, 42, 45, 4, 6, 14, 82, 0, ''),
(398, 195, '190.1.6/003', '227/58', '2015-05-25', '', 12, 40, 42, 5, 7, 15, 98, 0, ''),
(399, 285, '190.1.2/049', '228/58', '2015-05-25', '', 12, 40, 41, 2, 3, 4, 9, 0, ''),
(400, 286, '190.2.3/024', '229/58', '2015-05-25', '', 12, 42, 45, 4, 6, 14, 82, 0, ''),
(401, 287, '190.2.3/043', '230/58', '2015-05-25', '', 12, 42, 45, 4, 6, 14, 82, 0, ''),
(402, 288, '190.1.1/025', '231/58', '2015-05-27', '', 12, 40, 41, 2, 3, 5, 24, 0, ''),
(403, 161, '190.2.10/053', '232/58', '2015-05-26', '', 12, 41, 43, 2, 3, 4, 12, 0, ''),
(404, 289, '190.2.10/048', '233/58', '2015-05-26', '', 12, 41, 43, 2, 3, 5, 121, 0, ''),
(405, 290, '190.2.9/009', '234/58', '2015-05-26', '', 12, 41, 43, 2, 3, 4, 14, 0, ''),
(406, 291, '193/055', '235/58', '2015-05-29', '', 12, 41, 43, 2, 3, 5, 31, 0, ''),
(407, 267, '190.2.6/020', '236/58', '2015-05-29', '', 12, 44, 47, 4, 6, 14, 89, 0, ''),
(408, 292, '190.3/111', '237/58', '2015-05-26', '', 12, 46, 49, 2, 3, 5, 23, 0, ''),
(409, 294, '190.1.4/129', '238/58', '2015-06-02', '', 12, 40, 41, 2, 3, 4, 109, 0, ''),
(410, 294, '190.1.4/129', '238/58', '2015-06-02', '', 12, 40, 41, 2, 3, 4, 109, 0, ''),
(411, 294, '190.1.4/129', '238/58', '2015-06-02', '', 12, 40, 41, 2, 3, 4, 109, 0, ''),
(412, 294, '190.1.4/129', '238/58', '2015-06-02', '', 12, 40, 41, 2, 3, 4, 109, 0, ''),
(413, 294, '190.1.4/129', '238/58', '2015-06-02', '', 12, 40, 41, 2, 3, 4, 109, 0, ''),
(414, 294, '190.1.4/129', '238/58', '2015-06-02', '', 12, 40, 41, 2, 3, 4, 109, 0, ''),
(415, 295, '190.1.4/130', '239/58', '2015-06-02', '', 12, 40, 41, 2, 3, 4, 5, 0, ''),
(416, 295, '190.1.4/130', '239/58', '2015-06-02', '', 12, 40, 41, 2, 3, 4, 7, 0, ''),
(417, 296, '190.1.4/132', '240/58', '2015-06-02', '', 12, 40, 41, 1, 1, 2, 2, 0, ''),
(418, 296, '190.1.4/132', '240/58', '2015-06-02', '', 12, 40, 41, 1, 1, 3, 103, 0, ''),
(419, 296, '190.1.4/132', '240/58', '2015-06-02', '', 12, 40, 41, 2, 3, 5, 25, 0, ''),
(420, 296, '190.1.4/132', '240/58', '2015-06-02', '', 12, 40, 41, 2, 3, 5, 26, 0, ''),
(421, 296, '190.1.4/132', '240/58', '2015-06-02', '', 12, 40, 41, 2, 3, 5, 27, 0, ''),
(422, 296, '190.1.4/132', '240/58', '2015-06-02', '', 12, 46, 49, 1, 1, 2, 4, 0, ''),
(423, 296, '190.1.4/132', '240/58', '2015-06-02', '', 12, 46, 49, 1, 1, 2, 2, 0, ''),
(424, 296, '190.1.4/132', '240/58', '2015-06-02', '', 12, 46, 49, 1, 1, 3, 103, 0, ''),
(425, 296, '190.1.4/132', '240/58', '2015-06-02', '', 12, 46, 49, 2, 3, 5, 25, 0, ''),
(426, 296, '190.1.4/132', '240/58', '2015-06-02', '', 12, 46, 49, 2, 3, 5, 26, 0, ''),
(427, 296, '190.1.4/132', '240/58', '2015-06-02', '', 12, 46, 49, 2, 3, 5, 27, 0, ''),
(428, 297, '190.1.4/133', '241/58', '2015-06-02', '', 12, 40, 41, 2, 3, 4, 7, 0, ''),
(429, 298, '190.1.4/111', '242/58', '2015-06-02', '', 12, 40, 41, 2, 3, 4, 14, 0, ''),
(430, 299, '190.2.2/028', '243/58', '2015-06-02', '', 12, 40, 41, 4, 6, 14, 85, 0, ''),
(431, 247, '190.1.6/007', '244/58', '2015-06-08', '', 12, 40, 42, 5, 7, 15, 98, 0, ''),
(432, 268, '190.2.13/001', '245/58', '2015-06-10', '', 12, 40, 42, 5, 7, 15, 96, 0, ''),
(433, 213, '190.2.10/012', '246/58', '2015-06-02', '', 12, 41, 43, 2, 3, 4, 11, 0, ''),
(434, 162, '190.2.10/055', '247/58', '2015-06-10', '', 12, 41, 43, 2, 3, 4, 12, 0, ''),
(435, 300, '190.1.5/336', '248/58', '2015-06-08', '', 12, 41, 43, 2, 3, 6, 62, 0, ''),
(436, 301, '190.1.4/126', '249/58', '2015-06-10', '', 12, 42, 45, 4, 6, 14, 87, 0, ''),
(437, 302, '190.1.4/127', '250/58', '2015-06-10', '', 12, 42, 45, 4, 6, 14, 86, 0, ''),
(438, 122, '190.3/110', '251/58', '2015-06-02', '', 12, 46, 49, 2, 3, 5, 23, 0, ''),
(439, 121, '190.3/109', '252/58', '2015-06-02', '', 12, 46, 49, 2, 3, 6, 54, 0, ''),
(440, 303, '150/925', '253/58', '2015-06-10', '', 12, 40, 41, 2, 4, 7, 76, 0, ''),
(441, 304, '190.1.2/060', '254/58', '2015-06-10', '', 12, 40, 41, 2, 3, 4, 9, 0, ''),
(442, 305, '190.1.1/027', '255/58', '2015-06-11', '', 12, 40, 41, 2, 3, 5, 24, 0, ''),
(443, 306, '190.1.2/062', '256/58', '2015-06-10', '', 12, 40, 41, 2, 3, 5, 30, 0, ''),
(444, 307, '190.1.5/003', '257/58', '2015-06-15', '', 12, 40, 41, 2, 3, 6, 52, 0, ''),
(445, 308, '190.1.4/139', '258/58', '2015-06-11', '', 12, 41, 43, 2, 3, 4, 14, 0, ''),
(446, 309, '193/061', '259/58', '2015-06-08', '', 12, 42, 44, 5, 7, 15, 97, 0, ''),
(447, 310, '190.1.5/004', '260/58', '2015-06-15', '', 12, 46, 49, 2, 3, 6, 52, 0, ''),
(448, 311, '190.1.1/028', '261/58', '2015-06-22', '', 12, 40, 41, 2, 3, 5, 24, 0, ''),
(449, 312, '190/299', '262/58', '2015-06-23', '', 12, 40, 41, 2, 3, 5, 115, 0, ''),
(450, 313, '193/066', '263/58', '2015-06-19', '', 12, 41, 43, 4, 6, 14, 81, 0, ''),
(451, 293, '190.2.3/044', '264/58', '2015-06-24', '', 12, 42, 45, 4, 6, 14, 82, 0, ''),
(452, 316, '190.1.2/068', '266/58', '2015-07-06', '', 12, 40, 41, 2, 3, 5, 116, 0, ''),
(453, 220, '190.2.9/004', '267/58', '2015-07-01', '', 12, 41, 43, 2, 3, 4, 14, 0, ''),
(454, 317, '190.3/144', '268/58', '2015-07-06', '', 12, 46, 49, 2, 3, 5, 23, 0, ''),
(455, 318, '190.3/142', '269/58', '2015-07-06', '', 12, 46, 49, 2, 3, 5, 23, 0, ''),
(456, 319, '190.3/143', '270/58', '2015-07-06', '', 12, 46, 49, 2, 3, 6, 61, 0, ''),
(457, 320, '190.3/146', '271/58', '2015-07-02', '', 12, 46, 49, 2, 3, 6, 47, 0, ''),
(458, 321, '190.1.4/157', '272/58', '2015-07-06', '', 12, 40, 41, 2, 3, 4, 109, 0, ''),
(459, 321, '190.1.4/157', '272/58', '2015-07-06', '', 12, 40, 41, 2, 3, 4, 109, 0, ''),
(460, 321, '190.1.4/157', '272/58', '2015-07-06', '', 12, 40, 41, 2, 3, 4, 109, 0, ''),
(461, 321, '190.1.4/157', '272/58', '2015-07-06', '', 12, 40, 41, 2, 3, 4, 109, 0, ''),
(462, 321, '190.1.4/157', '272/58', '2015-07-06', '', 12, 40, 41, 2, 3, 4, 109, 0, ''),
(463, 321, '190.1.4/157', '272/58', '2015-07-06', '', 12, 40, 41, 2, 3, 4, 109, 0, ''),
(464, 322, '190.1.4/158', '274/58', '2015-07-06', '', 12, 40, 41, 1, 1, 2, 2, 0, ''),
(465, 322, '190.1.4/158', '274/58', '2015-07-06', '', 12, 40, 41, 1, 1, 3, 103, 0, ''),
(466, 322, '190.1.4/158', '274/58', '2015-07-06', '', 12, 40, 41, 2, 3, 5, 25, 0, ''),
(467, 322, '190.1.4/158', '274/58', '2015-07-06', '', 12, 40, 41, 2, 3, 5, 26, 0, ''),
(468, 322, '190.1.4/158', '274/58', '2015-07-06', '', 12, 40, 41, 2, 3, 5, 108, 0, ''),
(469, 322, '190.1.4/158', '274/58', '2015-07-06', '', 12, 40, 41, 2, 3, 5, 27, 0, ''),
(470, 322, '190.1.4/158', '274/58', '2015-07-06', '', 12, 46, 49, 1, 1, 2, 2, 0, ''),
(471, 322, '190.1.4/158', '274/58', '2015-07-06', '', 12, 46, 49, 1, 1, 2, 4, 0, ''),
(472, 322, '190.1.4/158', '274/58', '2015-07-06', '', 12, 46, 49, 1, 1, 3, 103, 0, ''),
(473, 322, '190.1.4/158', '274/58', '2015-07-06', '', 12, 46, 49, 2, 3, 5, 25, 0, ''),
(474, 322, '190.1.4/158', '274/58', '2015-07-06', '', 12, 46, 49, 2, 3, 5, 26, 0, ''),
(475, 322, '190.1.4/158', '274/58', '2015-07-06', '', 12, 46, 49, 2, 3, 5, 108, 0, ''),
(476, 322, '190.1.4/158', '274/58', '2015-07-06', '', 12, 46, 49, 2, 3, 5, 27, 0, ''),
(477, 323, '190.1.4/155', '273/58', '2015-07-06', '', 12, 40, 41, 2, 3, 4, 5, 0, ''),
(478, 323, '190.1.4/155', '273/58', '2015-07-06', '', 12, 40, 41, 2, 3, 4, 7, 0, ''),
(479, 324, '190.1.2/078', '275/58', '2015-07-20', '', 12, 40, 41, 2, 3, 4, 9, 0, ''),
(480, 325, '190.1.1/034', '276/58', '2015-07-20', '', 12, 40, 41, 2, 3, 5, 24, 0, ''),
(481, 326, '190.1.5/371', '277/58', '2015-07-21', '', 12, 40, 41, 2, 3, 6, 119, 0, ''),
(482, 327, '190.1.5/410', '278/58', '2015-07-01', '', 12, 40, 41, 4, 6, 14, 84, 0, ''),
(483, 328, '190.2.7/030', '279/58', '2015-07-16', '', 12, 41, 43, 2, 3, 4, 11, 0, ''),
(484, 329, '190.2.10/041', '280/58', '2015-07-21', '', 12, 41, 43, 2, 3, 5, 41, 0, ''),
(485, 330, '190.1.4/162', '281/58', '2015-07-22', '', 12, 41, 43, 2, 3, 5, 31, 0, ''),
(486, 331, '190/363', '282/58', '2015-07-22', '', 12, 40, 41, 2, 3, 5, 115, 0, ''),
(487, 332, '190.1.4/165', '283/58', '2015-07-22', '', 12, 40, 41, 4, 6, 14, 84, 0, ''),
(488, 333, '190/370', '284/58', '2015-07-22', '', 12, 40, 41, 4, 6, 14, 84, 0, ''),
(489, 334, '150/1233', '285/58', '2015-07-23', '', 12, 40, 41, 2, 4, 7, 76, 0, ''),
(490, 335, '150/1076', '286/58', '2015-07-23', '', 12, 40, 41, 2, 4, 7, 76, 0, ''),
(491, 336, '190.1.1/035', '287/58', '2015-07-22', '', 12, 40, 41, 2, 3, 5, 24, 0, ''),
(492, 337, '190.1.1/036', '288/58', '2015-07-28', '', 12, 40, 41, 2, 3, 5, 24, 0, ''),
(493, 338, '190.2.7/029', '289/58', '2015-07-22', '', 12, 41, 43, 2, 3, 5, 22, 0, ''),
(494, 315, '190.2.10/057', '290/58', '2015-07-23', '', 12, 41, 43, 2, 3, 5, 121, 0, ''),
(495, 339, '190.3/163', '291/58', '2015-07-27', '', 12, 46, 49, 2, 3, 5, 23, 0, ''),
(496, 340, '190.3/161', '292/58', '2015-07-28', '', 12, 46, 49, 2, 3, 6, 61, 0, ''),
(497, 370, '190.1.1/030', '265/58', '2015-07-01', '', 12, 40, 41, 2, 3, 5, 24, 0, ''),
(498, 372, '190.1.4/173', '293/58', '2015-08-03', '', 12, 40, 41, 1, 1, 2, 2, 0, ''),
(499, 372, '190.1.4/173', '293/58', '2015-08-03', '', 12, 40, 41, 1, 1, 3, 103, 0, ''),
(500, 372, '190.1.4/173', '293/58', '2015-08-03', '', 12, 40, 41, 2, 3, 5, 25, 6, ''),
(501, 372, '190.1.4/173', '293/58', '2015-08-03', '', 12, 40, 41, 2, 3, 5, 26, 5, ''),
(502, 372, '190.1.4/173', '293/58', '2015-08-03', '', 12, 40, 41, 2, 3, 5, 108, 0, ''),
(503, 372, '190.1.4/173', '293/58', '2015-08-03', '', 12, 40, 41, 2, 3, 5, 27, 0, ''),
(504, 372, '190.1.4/173', '293/58', '2015-08-03', '', 12, 46, 49, 1, 1, 2, 2, 0, ''),
(505, 372, '190.1.4/173', '293/58', '2015-08-03', '', 12, 46, 49, 1, 1, 2, 4, 0, ''),
(506, 372, '190.1.4/173', '293/58', '2015-08-03', '', 12, 46, 49, 1, 1, 3, 103, 0, ''),
(507, 372, '190.1.4/173', '293/58', '2015-08-03', '', 12, 46, 49, 2, 3, 5, 25, 0, ''),
(508, 372, '190.1.4/173', '293/58', '2015-08-03', '', 12, 46, 49, 2, 3, 5, 26, 0, ''),
(509, 372, '190.1.4/173', '293/58', '2015-08-03', '', 12, 46, 49, 2, 3, 5, 108, 0, ''),
(510, 372, '190.1.4/173', '293/58', '2015-08-03', '', 12, 46, 49, 2, 3, 5, 27, 0, ''),
(511, 373, '190.1.4/172', '294/58', '2015-08-03', '', 12, 40, 41, 2, 3, 4, 109, 0, ''),
(512, 373, '190.1.4/172', '294/58', '2015-08-03', '', 12, 40, 41, 2, 3, 4, 109, 0, ''),
(513, 373, '190.1.4/172', '294/58', '2015-08-03', '', 12, 40, 41, 2, 3, 4, 109, 0, ''),
(514, 373, '190.1.4/172', '294/58', '2015-08-03', '', 12, 40, 41, 2, 3, 4, 109, 0, ''),
(515, 373, '190.1.4/172', '294/58', '2015-08-03', '', 12, 40, 41, 2, 3, 4, 109, 0, ''),
(516, 373, '190.1.4/172', '294/58', '2015-08-03', '', 12, 40, 41, 2, 3, 4, 109, 0, ''),
(517, 374, '190.1.4/169', '295/58', '2015-08-03', '', 12, 40, 41, 2, 3, 4, 7, 0, ''),
(518, 375, '190.1.4/170', '296/58', '2015-08-03', '', 12, 40, 41, 2, 3, 4, 5, 0, ''),
(519, 375, '190.1.4/170', '296/58', '2015-08-03', '', 12, 40, 41, 2, 3, 4, 7, 0, ''),
(521, 376, '190.1.1/037', '296.1/58', '2015-08-06', '', 12, 40, 41, 2, 3, 5, 24, 0, ''),
(522, 371, '190.1.7/014', '297/58', '2015-08-14', '', 12, 40, 41, 2, 3, 5, 118, 0, ''),
(523, 363, '190.1.8/005', '298/58', '2015-08-14', '', 12, 40, 41, 4, 6, 14, 85, 0, ''),
(524, 377, '190.1.4/176', '299/58', '2015-08-04', '', 12, 41, 43, 2, 3, 5, 31, 0, ''),
(525, 378, '193/086', '300/58', '2015-08-03', '', 12, 41, 43, 4, 6, 14, 81, 0, ''),
(526, 379, '193/083.1', '301/58', '2015-08-06', '', 12, 41, 43, 4, 6, 14, 81, 0, ''),
(527, 380, '193/087', '302/58', '2015-08-10', '', 12, 41, 43, 4, 6, 14, 81, 0, ''),
(528, 366, '190.2.3/067', '303/58', '2015-08-14', '', 12, 42, 45, 4, 6, 14, 82, 0, ''),
(529, 358, '190.2.4/028', '304/58', '2015-08-14', '', 12, 44, 47, 4, 6, 14, 89, 0, ''),
(530, 122, '190.3/162', '305/58', '2015-08-03', '', 12, 46, 49, 2, 3, 5, 23, 0, ''),
(531, 381, '190.3/150', '306/58', '2015-08-07', '', 12, 46, 49, 2, 3, 6, 54, 0, ''),
(532, 382, '150/1512', '307/58', '2015-08-24', '', 12, 40, 41, 2, 4, 7, 76, 0, ''),
(533, 383, '190/426', '308/58', '2015-08-18', '', 12, 40, 41, 2, 3, 5, 115, 0, ''),
(534, 384, '190.1.1/039', '309/58', '2015-08-24', '', 12, 40, 41, 2, 3, 5, 24, 0, ''),
(535, 385, '190.1.4/186', '310/58', '2015-08-17', '', 12, 41, 43, 2, 3, 5, 31, 0, ''),
(536, 386, '190.1.4/189', '311/58', '2015-08-19', '', 12, 41, 43, 2, 3, 5, 31, 0, ''),
(537, 387, '193/093', '312/58', '2015-08-19', '', 12, 41, 43, 4, 6, 14, 81, 0, ''),
(538, 388, '193/092', '313/58', '2015-08-18', '', 12, 41, 43, 4, 6, 14, 81, 0, ''),
(539, 314, '190.2.2/035', '314/58', '2015-08-18', '', 12, 42, 45, 4, 6, 14, 82, 0, ''),
(540, 354, '190.2.1/35', '315/58', '2015-08-25', '', 12, 42, 44, 5, 7, 15, 97, 0, ''),
(541, 371, '190.1.7/014', '316/58', '2015-08-26', '', 12, 40, 41, 2, 3, 5, 118, 0, ''),
(542, 389, '190.3/190', '317/58', '2015-08-26', '', 12, 46, 49, 2, 3, 5, 23, 0, ''),
(543, 122, '190.3/189', '318/58', '2015-08-26', '', 12, 46, 49, 2, 3, 5, 23, 0, ''),
(544, 121, '190.3/188', '319/58', '2015-08-26', '', 12, 46, 49, 2, 3, 6, 54, 0, ''),
(545, 395, '190.1.4/199', '320/58', '2015-09-01', '', 12, 40, 41, 2, 3, 4, 7, 0, ''),
(546, 396, '190.1.4/201', '321/58', '2015-09-01', '', 12, 40, 41, 1, 1, 2, 2, 0, ''),
(547, 396, '190.1.4/201', '321/58', '2015-09-01', '', 12, 40, 41, 1, 1, 3, 103, 0, ''),
(548, 396, '190.1.4/201', '321/58', '2015-09-01', '', 12, 40, 41, 2, 3, 5, 25, 6, ''),
(549, 396, '190.1.4/201', '321/58', '2015-09-01', '', 12, 40, 41, 2, 3, 5, 26, 5, ''),
(550, 396, '190.1.4/201', '321/58', '2015-09-01', '', 12, 40, 41, 2, 3, 5, 108, 0, ''),
(551, 396, '190.1.4/201', '321/58', '2015-09-01', '', 12, 40, 41, 2, 3, 5, 27, 4, ''),
(552, 396, '190.1.4/201', '321/58', '2015-09-01', '', 12, 46, 49, 1, 1, 2, 2, 0, ''),
(553, 396, '190.1.4/201', '321/58', '2015-09-01', '', 12, 46, 49, 1, 1, 2, 4, 0, ''),
(554, 396, '190.1.4/201', '321/58', '2015-09-01', '', 12, 46, 49, 1, 1, 3, 103, 0, ''),
(555, 396, '190.1.4/201', '321/58', '2015-09-01', '', 12, 46, 49, 2, 3, 5, 25, 0, ''),
(556, 396, '190.1.4/201', '321/58', '2015-09-01', '', 12, 46, 49, 2, 3, 5, 108, 0, ''),
(557, 396, '190.1.4/201', '321/58', '2015-09-01', '', 12, 46, 49, 2, 3, 5, 26, 0, ''),
(558, 396, '190.1.4/201', '321/58', '2015-09-01', '', 12, 46, 49, 2, 3, 5, 27, 0, ''),
(559, 397, '190.1.4/198', '322/58', '2015-09-01', '', 12, 40, 41, 2, 3, 4, 5, 0, ''),
(560, 397, '190.1.4/198', '322/58', '2015-09-01', '', 12, 40, 41, 2, 3, 4, 7, 0, ''),
(561, 398, '190.1.4/200', '323/58', '2015-09-01', '', 12, 40, 41, 2, 3, 4, 109, 0, ''),
(562, 398, '190.1.4/200', '323/58', '2015-09-01', '', 12, 40, 41, 2, 3, 4, 109, 0, ''),
(563, 398, '190.1.4/200', '323/58', '2015-09-01', '', 12, 40, 41, 2, 3, 4, 109, 0, ''),
(564, 398, '190.1.4/200', '323/58', '2015-09-01', '', 12, 40, 41, 2, 3, 4, 109, 0, ''),
(565, 398, '190.1.4/200', '323/58', '2015-09-01', '', 12, 40, 41, 2, 3, 4, 109, 0, ''),
(566, 398, '190.1.4/200', '323/58', '2015-09-01', '', 12, 40, 41, 2, 3, 4, 109, 0, ''),
(567, 399, '150/1954', '324/58', '2015-09-04', '', 12, 40, 41, 2, 4, 7, 76, 0, ''),
(568, 368, '190.12.4/037', '325/58', '2015-09-09', '', 12, 44, 47, 4, 6, 14, 89, 0, ''),
(569, 349, '190.2.3/058', '326/58', '2015-09-08', '', 12, 42, 45, 4, 6, 14, 82, 0, ''),
(570, 400, '190.1.4/213', '327/58', '2015-09-08', '', 12, 41, 43, 2, 3, 5, 31, 0, ''),
(571, 359, '190.2.10/064', '328/58', '2015-09-01', '', 12, 41, 43, 2, 3, 4, 12, 0, ''),
(572, 365, '190.2.2/063', '329/58', '2015-09-01', '', 12, 41, 43, 2, 3, 4, 12, 0, ''),
(573, 392, '190.1.4/007', '330/58', '2015-09-01', '', 12, 40, 41, 4, 6, 14, 85, 0, ''),
(574, 401, '190/455', '331/58', '2015-09-01', '', 12, 40, 41, 2, 3, 5, 115, 0, ''),
(575, 350, '190.2.3/063', '332/58', '2015-09-08', '', 12, 45, 48, 4, 6, 14, 92, 0, ''),
(576, 402, '190.1.4/220', '333/58', '2015-09-10', '', 12, 41, 43, 2, 3, 5, 31, 0, ''),
(577, 403, '190.1.5/640', '334/58', '2015-09-08', '', 12, 40, 41, 2, 3, 6, 47, 0, ''),
(578, 404, '190.1.1/042', '335/58', '2015-09-08', '', 12, 40, 41, 2, 3, 5, 24, 0, ''),
(579, 405, '190.1.1/043', '336/58', '2015-09-10', '', 12, 40, 41, 2, 3, 5, 24, 0, ''),
(580, 369, '190.1.2/080', '337/58', '2015-09-15', '', 12, 40, 41, 2, 3, 4, 9, 0, ''),
(581, 406, '190.1.1/045', '338/58', '2015-09-15', '', 12, 40, 41, 2, 3, 5, 24, 0, ''),
(582, 391, '190.1.4/219', '339/58', '2015-09-10', '', 12, 40, 41, 2, 3, 5, 22, 0, ''),
(583, 407, '190/479', '340/58', '2015-09-11', '', 12, 40, 41, 2, 3, 5, 115, 0, ''),
(584, 346, '190.1.2/084', '341/58', '2015-09-16', '', 12, 40, 41, 2, 3, 5, 29, 0, ''),
(585, 408, '190.1.5/642', '342/58', '2015-09-10', '', 12, 40, 41, 2, 3, 6, 47, 0, ''),
(586, 345, '190.1.2/082', '343/58', '2015-09-15', '', 12, 40, 41, 4, 6, 14, 85, 0, ''),
(587, 409, '190.1.1/041', '345/58', '2015-09-16', '', 12, 40, 41, 4, 6, 14, 85, 0, ''),
(588, 347, '190.1.2/083', '346/58', '2015-09-18', '', 12, 40, 41, 2, 3, 5, 29, 0, ''),
(589, 410, '190.1.1/047', '347/58', '2015-09-22', '', 12, 40, 41, 2, 3, 5, 24, 0, ''),
(590, 371, '190.1.7/014', '348/58', '2015-09-22', '', 12, 40, 41, 2, 3, 5, 118, 0, ''),
(591, 411, '190.1.1/046', '349/58', '2015-09-22', '', 12, 40, 41, 2, 4, 7, 77, 0, ''),
(592, 412, '190.1.5/451', '350/58', '2015-09-25', '', 12, 40, 41, 2, 3, 6, 47, 0, ''),
(593, 362, '190.2.10/076', '351/58', '2015-09-25', '', 12, 41, 43, 2, 3, 4, 12, 0, ''),
(594, 357, '190.2.10/077', '352/58', '2015-09-25', '', 12, 41, 43, 2, 3, 4, 12, 0, ''),
(595, 355, '190.2.10/078', '353/58', '2015-09-25', '', 12, 41, 43, 2, 3, 4, 12, 0, ''),
(596, 342, '193/071', '354/58', '2015-09-23', '', 12, 41, 43, 2, 3, 5, 31, 0, ''),
(597, 390, '193/088', '355/58', '2015-09-25', '', 12, 42, 44, 5, 7, 15, 97, 0, ''),
(598, 348, '190.2.3/061', '356/58', '2015-09-25', '', 12, 42, 45, 4, 6, 14, 82, 0, ''),
(599, 413, '190.2.3/023', '357/58', '2015-09-23', '', 12, 42, 45, 4, 6, 14, 82, 0, ''),
(600, 414, '190.3/206', '358/58', '2015-09-28', '', 12, 46, 49, 2, 3, 5, 23, 0, ''),
(601, 122, '190.3/208', '359/58', '2015-09-28', '', 12, 46, 49, 2, 3, 5, 23, 0, ''),
(602, 121, '190.3/207', '360/58', '2015-09-28', '', 12, 46, 49, 2, 3, 6, 54, 0, ''),
(603, 415, '032/ว 095', '361/58', '2015-09-23', '', 12, 40, 41, 2, 4, 7, 74, 0, ''),
(604, 416, '190.1.5/599', '362/58', '2015-09-29', '', 12, 41, 43, 2, 3, 6, 47, 0, ''),
(605, 361, '190.2.10/063', '363/58', '2015-09-28', '', 12, 41, 43, 2, 3, 4, 14, 0, ''),
(606, 393, '190.1.8/008', '364/58', '2015-09-29', '', 12, 40, 41, 4, 6, 14, 85, 0, ''),
(607, 353, '190.2.3/062', '365/58', '2015-09-28', '', 12, 45, 48, 4, 6, 14, 92, 0, ''),
(608, 417, '190.1.1/048', '366/58', '2015-09-29', '', 12, 40, 41, 2, 3, 5, 24, 0, ''),
(609, 418, '190.1.5/608', '367/58', '2015-09-30', '', 12, 40, 41, 2, 3, 6, 47, 0, ''),
(610, 394, '193/100', '368/58', '2015-09-29', '', 12, 41, 43, 2, 3, 4, 14, 0, ''),
(611, 419, '190.2.10/079.1', '369/58', '2015-09-29', '', 12, 41, 43, 2, 3, 4, 14, 0, ''),
(612, 365, '190.2.2/070', '370/58', '2015-09-30', '', 12, 41, 43, 2, 3, 4, 12, 0, ''),
(613, 364, '190.2.10/082', '371/58', '2015-09-30', '', 12, 41, 43, 2, 3, 4, 12, 0, ''),
(614, 356, '190.2.10/079', '372/58', '2015-09-30', '', 12, 41, 43, 2, 3, 4, 12, 0, '');
INSERT INTO `trn_disbursement` (`id`, `approve_id`, `doc_number`, `file_number`, `doc_date`, `invoice_number`, `budget_main_id`, `mgt_plans_id`, `mgt_product_id`, `costs_id`, `costs_group_id`, `costs_type_id`, `costs_lists_id`, `costs_sublist_id`, `note`) VALUES
(615, 420, '190.1.5/649', '373/58', '2015-09-30', '', 12, 41, 43, 2, 3, 5, 23, 0, ''),
(616, 367, '190.2.10/066', '374/58', '2015-09-29', '', 12, 41, 43, 2, 3, 5, 41, 0, ''),
(617, 421, '190.1.5/507', '375/58', '2015-09-30', '', 12, 41, 43, 2, 3, 6, 47, 0, ''),
(618, 351, '190.2.3/060', '376/58', '2015-09-28', '', 12, 42, 45, 4, 6, 14, 82, 0, ''),
(619, 422, '190.1.4/230', '377/58', '2015-09-28', '', 12, 42, 45, 4, 6, 14, 86, 0, ''),
(620, 423, '190.1.4/229', '378/58', '2015-09-28', '', 12, 42, 45, 4, 6, 14, 87, 0, ''),
(621, 424, '150/1869', '379/58', '2015-09-30', '', 12, 40, 41, 2, 4, 7, 76, 0, ''),
(622, 425, '150/1867', '380/58', '2015-09-30', '', 12, 40, 41, 2, 4, 7, 76, 0, ''),
(623, 352, '190.2.3/064', '', '2015-09-30', '', 12, 42, 45, 4, 6, 14, 82, 0, ''),
(624, 426, '190.1.2/103', '1/59', '2015-10-13', '', 13, 47, 50, 2, 3, 4, 9, 0, ''),
(625, 427, '190.1.1/049', '2/59', '2015-10-13', '', 13, 47, 50, 2, 3, 5, 24, 0, ''),
(626, 428, '190.1.1/051', '3/59', '2015-10-19', '', 13, 47, 50, 2, 3, 5, 24, 0, ''),
(627, 429, '190/531', '4/59', '2015-10-19', '', 13, 47, 50, 2, 3, 5, 115, 0, ''),
(628, 430, '190.1.4/243', '5/59', '2015-10-19', '', 13, 48, 52, 2, 3, 4, 14, 0, ''),
(629, 431, '190.1.5/706', '6/59', '2015-10-16', '', 13, 48, 52, 2, 3, 6, 47, 0, ''),
(630, 433, '190.1.4/239', '7/59', '2015-10-01', '', 13, 47, 50, 1, 1, 2, 2, 0, ''),
(631, 433, '190.1.4/239', '7/59', '2015-10-01', '', 13, 47, 50, 1, 1, 3, 103, 0, ''),
(632, 433, '190.1.4/239', '7/59', '2015-10-01', '', 13, 47, 50, 2, 3, 5, 25, 6, ''),
(633, 433, '190.1.4/239', '7/59', '2015-10-01', '', 13, 47, 50, 2, 3, 5, 26, 0, ''),
(634, 433, '190.1.4/239', '7/59', '2015-10-01', '', 13, 47, 50, 2, 3, 5, 27, 0, ''),
(635, 433, '190.1.4/239', '7/59', '2015-10-01', '', 13, 53, 56, 1, 1, 2, 4, 0, ''),
(636, 433, '190.1.4/239', '7/59', '2015-10-01', '', 13, 53, 56, 1, 1, 2, 2, 0, ''),
(637, 433, '190.1.4/239', '7/59', '2015-10-01', '', 13, 53, 56, 1, 1, 3, 103, 0, ''),
(638, 433, '190.1.4/239', '7/59', '2015-10-01', '', 13, 53, 56, 2, 3, 5, 25, 0, ''),
(639, 433, '190.1.4/239', '7/59', '2015-10-01', '', 13, 53, 56, 2, 3, 5, 26, 0, ''),
(640, 433, '190.1.4/239', '7/59', '2015-10-01', '', 13, 53, 56, 2, 3, 5, 108, 0, ''),
(641, 433, '190.1.4/239', '7/59', '2015-10-01', '', 13, 53, 56, 2, 3, 5, 27, 0, ''),
(642, 434, '190.1.4/237', '8/59', '2015-10-01', '', 13, 47, 50, 2, 3, 4, 109, 0, ''),
(643, 435, '190.1.4/236', '9/59', '2015-10-01', '', 13, 47, 50, 2, 3, 4, 5, 0, ''),
(644, 435, '190.1.4/236', '9/59', '2015-10-01', '', 13, 47, 50, 2, 3, 4, 7, 0, ''),
(645, 436, '190.1.4/238', '10/59', '2015-10-01', '', 13, 47, 50, 2, 3, 4, 20, 0, ''),
(646, 437, '190.1.1/052', '11/59', '2015-10-27', '', 13, 47, 50, 2, 3, 5, 24, 0, ''),
(647, 438, '190.1.1/050', '12/59', '2015-10-30', '', 13, 47, 50, 4, 6, 14, 85, 0, ''),
(648, 439, '190.2.2/073', '13/58', '2015-10-29', '', 13, 48, 52, 2, 3, 4, 12, 0, ''),
(649, 440, '190.3/236', '14/59', '2015-10-29', '', 13, 53, 56, 2, 3, 5, 128, 0, ''),
(650, 441, '190.3/237', '15/59', '2015-10-29', '', 13, 53, 56, 2, 3, 5, 23, 0, ''),
(651, 442, '190.1.3/235', '16/59', '2015-10-29', '', 13, 53, 56, 2, 3, 6, 73, 0, ''),
(652, 460, '190.1.4/271', '17/59', '2015-11-02', '', 13, 47, 50, 2, 3, 4, 20, 0, ''),
(653, 461, '190.1.4/268', '18/59', '2015-11-02', '', 13, 47, 50, 2, 3, 4, 5, 0, ''),
(654, 461, '190.1.4/268', '18/59', '2015-11-02', '', 13, 47, 50, 2, 3, 4, 7, 0, ''),
(655, 462, '190.1.4/267', '36/58', '2015-11-02', '', 13, 47, 50, 2, 3, 4, 109, 0, ''),
(656, 462, '190.1.4/267', '19/59', '2015-11-02', '', 13, 47, 50, 2, 3, 4, 109, 0, ''),
(657, 462, '190.1.4/267', '19/59', '2015-11-02', '', 13, 47, 50, 2, 3, 4, 109, 0, ''),
(658, 462, '190.1.4/267', '19/59', '2015-11-02', '', 13, 47, 50, 2, 3, 4, 109, 0, ''),
(659, 462, '190.1.4/267', '19/59', '2015-11-02', '', 13, 47, 50, 2, 3, 4, 109, 0, ''),
(660, 463, '190.1.1/053', '20/59', '2015-11-05', '', 13, 47, 50, 2, 3, 5, 24, 0, ''),
(661, 446, '190.1.2/109', '21/59', '2015-11-06', '', 13, 47, 50, 2, 3, 5, 116, 0, ''),
(662, 464, '190/557', '22/59', '2015-11-02', '', 13, 47, 50, 2, 3, 5, 28, 0, ''),
(663, 465, '190.1.5/740', '23/59', '2015-11-11', '', 13, 48, 52, 2, 3, 6, 51, 0, ''),
(664, 447, '190.2.3/088', '24/59', '2015-11-16', '', 13, 49, 54, 4, 6, 14, 82, 0, ''),
(665, 466, '190.1.1/055', '25/59', '2015-11-11', '', 13, 47, 50, 2, 3, 5, 24, 0, ''),
(666, 467, '193/115.1', '26/59', '2015-11-11', '', 13, 48, 52, 4, 6, 14, 81, 0, ''),
(667, 468, '190.1.2/115', '27/59', '2015-11-11', '', 13, 47, 50, 2, 3, 4, 9, 0, ''),
(668, 469, '190.1.4/270', '28/59', '2015-11-02', '', 13, 47, 50, 1, 1, 2, 2, 0, ''),
(669, 469, '190.1.4/270', '28/59', '2015-11-02', '', 13, 47, 50, 1, 1, 2, 4, 0, ''),
(670, 469, '190.1.4/270', '28/59', '2015-11-02', '', 13, 47, 50, 2, 3, 5, 25, 0, ''),
(671, 469, '190.1.4/270', '28/59', '2015-11-02', '', 13, 47, 50, 2, 3, 5, 108, 0, ''),
(672, 469, '190.1.4/270', '28/59', '2015-11-02', '', 13, 47, 50, 2, 3, 5, 27, 0, ''),
(673, 469, '190.1.4/270', '28/59', '2015-11-02', '', 13, 47, 50, 1, 1, 3, 103, 0, ''),
(674, 469, '190.1.4/270', '28/59', '2015-11-02', '', 13, 47, 50, 2, 3, 5, 26, 0, ''),
(675, 469, '190.1.4/270', '28/59', '2015-11-02', '', 13, 53, 56, 1, 1, 2, 2, 0, ''),
(676, 469, '190.1.4/270', '28/59', '2015-11-02', '', 13, 53, 56, 1, 1, 3, 103, 0, ''),
(677, 469, '190.1.4/270', '28/59', '2015-11-02', '', 13, 53, 56, 2, 3, 5, 25, 0, ''),
(678, 469, '190.1.4/270', '28/59', '2015-11-02', '', 13, 53, 56, 2, 3, 5, 26, 0, ''),
(679, 469, '190.1.4/270', '28/59', '2015-11-02', '', 13, 53, 56, 1, 1, 2, 4, 0, ''),
(680, 469, '190.1.4/270', '28/59', '2015-11-02', '', 13, 53, 56, 2, 3, 5, 108, 0, ''),
(681, 469, '190.1.4/270', '28/59', '2015-11-02', '', 13, 53, 56, 2, 3, 5, 27, 0, ''),
(682, 470, '190.1.1/057', '29/59', '2015-11-23', '', 13, 47, 50, 2, 3, 5, 24, 0, ''),
(683, 471, '190/583', '30/59', '2015-11-17', '', 13, 47, 50, 2, 3, 5, 28, 0, ''),
(684, 445, '190.2.3/090', '31/59', '2015-11-25', '', 13, 49, 54, 4, 6, 14, 82, 0, ''),
(685, 456, '190.2.4/052', '32/59', '2015-11-25', '', 13, 51, 57, 4, 6, 14, 89, 0, ''),
(686, 433, '190.1.4/239', '7/59', '2015-10-01', '', 13, 47, 50, 2, 3, 5, 108, 0, ''),
(687, 475, '190.1.4/299', '33/59', '2015-12-01', '', 13, 47, 50, 2, 3, 4, 109, 0, ''),
(688, 476, '190.1.4/298', '34/59', '2015-12-01', '', 13, 47, 50, 2, 3, 4, 20, 0, ''),
(689, 477, '190.1.4/297', '35/59', '2015-12-01', '', 13, 47, 50, 2, 3, 4, 5, 0, ''),
(690, 477, '190.1.4/297', '35/59', '2015-12-01', '', 13, 47, 50, 2, 3, 4, 7, 0, ''),
(691, 478, '190.3/256', '36/59', '2015-12-01', '', 13, 53, 56, 2, 3, 5, 128, 0, ''),
(692, 441, '190.3/254', '37/59', '2015-12-01', '', 13, 53, 56, 2, 3, 5, 23, 0, ''),
(693, 442, '190.3/255', '38/59', '2015-12-01', '', 13, 53, 56, 2, 3, 6, 54, 0, ''),
(694, 479, '190.1.1/059', '39/59', '2015-12-04', '', 13, 47, 50, 2, 3, 5, 24, 0, ''),
(695, 474, '190.1.8/009', '40/59', '2015-12-04', '', 13, 47, 50, 4, 6, 14, 85, 0, ''),
(696, 480, '190.3/250', '41/59', '2015-12-04', '', 13, 47, 51, 5, 7, 15, 96, 0, ''),
(697, 452, '190.2.2/075', '42/59', '2015-12-04', '', 13, 48, 52, 2, 3, 5, 105, 0, ''),
(698, 481, '190.1.4/295', '43/59', '2015-12-01', '', 13, 47, 50, 1, 1, 2, 2, 0, ''),
(699, 481, '190.1.4/295', '43/59', '2015-12-01', '', 13, 47, 50, 1, 1, 2, 4, 0, ''),
(700, 481, '190.1.4/295', '43/59', '2015-12-01', '', 13, 47, 50, 1, 1, 3, 103, 0, ''),
(701, 481, '190.1.4/295', '43/59', '2015-12-01', '', 13, 47, 50, 2, 3, 5, 25, 0, ''),
(702, 481, '190.1.4/295', '43/59', '2015-12-01', '', 13, 47, 50, 2, 3, 5, 26, 0, ''),
(703, 481, '190.1.4/295', '43/59', '2015-12-01', '', 13, 47, 50, 2, 3, 5, 108, 0, ''),
(704, 481, '190.1.4/295', '43/59', '2015-12-01', '', 13, 47, 50, 2, 3, 5, 27, 0, ''),
(705, 481, '190.1.4/295', '43/59', '2015-12-01', '', 13, 53, 56, 1, 1, 2, 2, 0, ''),
(706, 481, '190.1.4/295', '43/59', '2015-12-01', '', 13, 53, 56, 1, 1, 2, 4, 0, ''),
(707, 481, '190.1.4/295', '43/59', '2015-12-01', '', 13, 53, 56, 1, 1, 3, 103, 0, ''),
(708, 481, '190.1.4/295', '43/59', '2015-12-01', '', 13, 53, 56, 2, 3, 5, 25, 0, ''),
(709, 481, '190.1.4/295', '43/59', '2015-12-01', '', 13, 53, 56, 2, 3, 5, 26, 0, ''),
(710, 481, '190.1.4/295', '43/59', '2015-12-01', '', 13, 53, 56, 2, 3, 5, 108, 0, ''),
(711, 481, '190.1.4/295', '43/59', '2015-12-01', '', 13, 53, 56, 2, 3, 5, 27, 0, ''),
(712, 482, '190.1.1/061', '44/59', '2015-12-14', '', 13, 47, 50, 2, 3, 5, 24, 0, ''),
(713, 483, '190.1.5/818', '45/59', '2015-12-11', '', 13, 47, 50, 2, 3, 5, 29, 0, ''),
(714, 484, '190.1.5/801.1', '46/59', '2015-12-16', '', 13, 47, 50, 2, 3, 6, 47, 0, ''),
(715, 485, '190.2.2/082', '47/59', '2015-12-04', '', 13, 48, 52, 2, 3, 4, 12, 0, ''),
(716, 486, '190.1.5/825', '48/59', '2015-12-11', '', 13, 48, 52, 2, 3, 6, 57, 0, ''),
(717, 487, '190.1.4/303', '49/59', '2015-12-18', '', 13, 48, 52, 2, 3, 4, 14, 0, ''),
(718, 488, '190.1.1/062', '50/59', '2015-12-22', '', 13, 47, 50, 2, 3, 5, 24, 0, ''),
(719, 489, '190.1.5/829.1', '51/59', '2015-12-16', '', 13, 47, 50, 2, 3, 5, 29, 0, ''),
(720, 498, '190/628', '52/59', '2016-01-21', '', 13, 47, 50, 2, 3, 5, 115, 0, ''),
(721, 499, '190.2.3/115', '53/59', '2016-01-01', '', 13, 49, 54, 4, 6, 14, 86, 0, ''),
(722, 500, '190.2.3/114', '54/59', '2016-01-01', '', 13, 49, 54, 4, 6, 14, 87, 0, ''),
(723, 501, '190.1.5/013', '55/59', '2016-01-08', '', 13, 48, 52, 3, 5, 8, 123, 0, ''),
(724, 496, '190.1.8/012', '56/59', '2016-01-11', '', 13, 47, 50, 4, 6, 14, 85, 0, ''),
(725, 502, '190.1.8/010', '57/59', '2016-01-11', '', 13, 47, 50, 4, 6, 14, 85, 0, ''),
(726, 497, '190.1.8/011', '58/59', '2016-01-11', '', 13, 47, 50, 4, 6, 14, 85, 0, ''),
(727, 503, '190.1.4/005', '59/59', '2016-01-07', '', 13, 47, 50, 2, 3, 4, 5, 0, ''),
(728, 503, '190.1.4/005', '59/59', '2016-01-07', '', 13, 47, 50, 2, 3, 4, 7, 0, ''),
(729, 504, '190.1.4/002', '60/59', '2016-01-07', '', 13, 47, 50, 2, 3, 4, 109, 0, ''),
(730, 505, '190.1.4/003', '61/59', '2016-01-07', '', 13, 47, 50, 2, 3, 4, 20, 0, ''),
(731, 506, '190.1.4/004', '62/59', '2016-01-07', '', 13, 47, 50, 1, 1, 2, 2, 0, ''),
(732, 506, '190.1.4/004', '62/59', '2016-01-07', '', 13, 47, 50, 1, 1, 3, 103, 0, ''),
(733, 506, '190.1.4/004', '62/59', '2016-01-07', '', 13, 47, 50, 2, 3, 5, 25, 0, ''),
(734, 506, '190.1.4/004', '62/59', '2016-01-07', '', 13, 47, 50, 2, 3, 5, 26, 0, ''),
(735, 506, '190.1.4/004', '62/59', '2016-01-07', '', 13, 53, 56, 1, 1, 2, 2, 0, ''),
(736, 506, '190.1.4/004', '62/59', '2016-01-07', '', 13, 53, 56, 1, 1, 3, 103, 0, ''),
(737, 506, '190.1.4/004', '62/59', '2016-01-07', '', 13, 53, 56, 2, 3, 5, 25, 0, ''),
(738, 506, '190.1.4/004', '62/59', '2016-01-07', '', 13, 53, 56, 2, 3, 5, 26, 0, ''),
(739, 506, '190.1.4/004', '62/59', '2016-01-07', '', 13, 47, 50, 1, 1, 2, 4, 0, ''),
(740, 506, '190.1.4/004', '62/59', '2016-01-07', '', 13, 47, 50, 2, 3, 5, 108, 0, ''),
(741, 506, '190.1.4/004', '62/59', '2016-01-07', '', 13, 47, 50, 2, 3, 5, 27, 0, ''),
(742, 506, '190.1.4/004', '62/59', '2016-01-07', '', 13, 53, 56, 1, 1, 2, 4, 0, ''),
(743, 506, '190.1.4/004', '62/59', '2016-01-07', '', 13, 53, 56, 2, 3, 5, 108, 0, ''),
(744, 506, '190.1.4/004', '62/59', '2016-01-07', '', 13, 53, 56, 2, 3, 5, 27, 0, ''),
(745, 441, '190.3/265', '63/59', '2016-01-01', '', 13, 53, 56, 2, 3, 5, 23, 0, ''),
(746, 507, '190.3/266', '64/59', '2016-01-01', '', 13, 53, 56, 2, 3, 5, 23, 0, ''),
(747, 508, '193/143.1', '65/59', '2016-01-01', '', 13, 48, 52, 4, 6, 14, 81, 0, ''),
(748, 509, '190.2.2/004', '66/59', '2016-01-19', '', 13, 48, 52, 2, 3, 5, 31, 0, ''),
(749, 455, '190.2.8/018', '67/59', '2016-01-20', '', 13, 48, 52, 2, 3, 4, 12, 0, ''),
(750, 451, '190.2.10/016', '68/59', '2016-01-18', '', 13, 48, 52, 2, 3, 4, 12, 0, ''),
(751, 450, '190.2.8/017', '69/59', '2016-01-20', '', 13, 48, 52, 2, 3, 4, 12, 0, ''),
(752, 510, '190/042', '70/59', '2016-01-15', '', 13, 47, 50, 2, 3, 5, 115, 0, ''),
(753, 511, '190.1.1/004', '71/59', '2016-01-21', '', 13, 47, 50, 2, 3, 5, 24, 0, ''),
(754, 512, '190.1.1/002', '72/59', '2016-01-14', '', 13, 47, 50, 2, 3, 5, 24, 0, ''),
(755, 442, '190.3/264', '73/59', '2016-01-22', '', 13, 53, 56, 2, 3, 6, 54, 0, ''),
(756, 529, '193.5', '555/57', '2016-02-12', '', 11, 33, 32, 2, 3, 5, 24, 0, 'คำสั่ง 1432/5'),
(757, 529, '193.5/2', '555/57', '2016-02-12', '', 11, 33, 32, 2, 3, 5, 24, 0, 'ok มั้ย 55+ คำสั่ง 1432/5'),
(758, 530, '190.1.4/021', '73/59', '2016-02-01', '', 13, 47, 50, 2, 3, 4, 20, 0, ''),
(759, 531, '190.1.4/020', '74/59', '2016-02-01', '', 13, 47, 50, 2, 3, 4, 109, 0, ''),
(760, 532, '190.1.4/019', '75/59', '2016-02-01', '', 13, 47, 50, 2, 3, 4, 5, 0, ''),
(761, 532, '190.1.4/019', '75/59', '2016-02-01', '', 13, 47, 50, 2, 3, 4, 7, 0, ''),
(762, 533, '190.1.4/022', '76/59', '2016-02-01', '', 13, 47, 50, 1, 1, 2, 2, 0, ''),
(763, 533, '190.1.4/022', '76/59', '2016-02-01', '', 13, 47, 50, 1, 1, 3, 103, 0, ''),
(764, 533, '190.1.4/022', '76/59', '2016-02-01', '', 13, 47, 50, 2, 3, 5, 25, 0, ''),
(765, 533, '190.1.4/022', '76/59', '2016-02-01', '', 13, 47, 50, 2, 3, 5, 26, 0, ''),
(766, 533, '190.1.4/022', '76/59', '2016-02-01', '', 13, 47, 50, 1, 1, 2, 4, 0, ''),
(767, 533, '190.1.4/022', '76/59', '2016-02-01', '', 13, 47, 50, 2, 3, 5, 108, 0, ''),
(768, 533, '190.1.4/022', '76/59', '2016-02-01', '', 13, 47, 50, 2, 3, 5, 27, 0, ''),
(769, 533, '190.1.4/022', '76/59', '2016-02-01', '', 13, 53, 56, 1, 1, 2, 2, 0, ''),
(770, 533, '190.1.4/022', '76/59', '2016-02-01', '', 13, 53, 56, 1, 1, 3, 103, 0, ''),
(771, 533, '190.1.4/022', '76/59', '2016-02-01', '', 13, 53, 56, 2, 3, 5, 25, 0, ''),
(772, 533, '190.1.4/022', '76/59', '2016-02-01', '', 13, 53, 56, 2, 3, 5, 26, 0, ''),
(773, 533, '190.1.4/022', '76/59', '2016-02-01', '', 13, 53, 56, 1, 1, 2, 4, 0, ''),
(774, 533, '190.1.4/022', '76/59', '2016-02-01', '', 13, 53, 56, 2, 3, 5, 108, 0, ''),
(775, 533, '190.1.4/022', '76/59', '2016-02-01', '', 13, 53, 56, 2, 3, 5, 27, 0, ''),
(776, 442, '190.3/227', '78/59', '2016-02-01', '', 13, 53, 56, 2, 3, 6, 54, 0, ''),
(777, 441, '190.3/276', '79/59', '2016-02-01', '', 13, 53, 56, 2, 3, 5, 23, 0, ''),
(778, 534, '190.3/275', '80/59', '2016-02-01', '', 13, 53, 56, 2, 3, 5, 128, 0, ''),
(779, 472, '190.2.3/095', '81/59', '2016-02-01', '', 13, 49, 54, 4, 6, 14, 82, 0, ''),
(780, 494, '190.2.2/087', '82/59', '2016-02-01', '', 13, 48, 52, 4, 6, 14, 126, 0, ''),
(781, 526, '190.1.1/003', '83/59', '2016-02-04', '', 13, 47, 50, 4, 6, 14, 85, 0, ''),
(782, 535, '1901.1/005', '84/59', '2016-02-01', '', 13, 47, 50, 2, 3, 5, 24, 0, ''),
(783, 536, '190.2.3/092', '85/59', '2016-02-05', '', 13, 49, 54, 4, 6, 14, 82, 0, ''),
(784, 513, '190.1.2/002', '86/59', '2016-02-05', '', 13, 47, 50, 2, 3, 4, 9, 0, ''),
(785, 537, '190.1.2/127', '87/59', '2016-02-05', '', 13, 47, 50, 2, 3, 4, 9, 0, ''),
(786, 538, '190.1.4/017.2', '88/59', '2016-02-01', '', 13, 47, 50, 2, 4, 7, 76, 0, ''),
(787, 539, '190.1.4/017.1', '89/59', '2016-02-01', '', 13, 47, 50, 2, 4, 7, 76, 0, ''),
(788, 540, '190.1.4/017', '90/59', '2016-02-01', '', 13, 47, 50, 2, 4, 7, 76, 0, ''),
(789, 495, '190.2.10/106', '91/59', '2016-02-18', '', 13, 48, 52, 2, 3, 5, 44, 0, ''),
(790, 453, '190.2.9/013', '92/59', '2016-02-18', '', 13, 48, 52, 2, 3, 5, 44, 0, ''),
(791, 541, '190.2.10/028', '93/59', '2016-02-19', '', 13, 48, 52, 2, 3, 4, 12, 0, ''),
(792, 542, '190.2.10/027', '94/59', '2016-02-17', '', 13, 48, 52, 2, 3, 4, 12, 0, ''),
(793, 543, '190.1.1/009', '95/59', '2016-02-18', '', 13, 47, 50, 2, 3, 5, 24, 0, ''),
(794, 544, '190.1.1/008', '96/59', '2016-02-11', '', 13, 47, 50, 2, 3, 5, 24, 0, 'คำสั่ง 1432/54'),
(795, 545, '190.1.5/041', '97/59', '2016-02-18', '', 13, 47, 50, 2, 3, 5, 29, 0, ''),
(796, 442, '190.3/003', '98/59', '2016-02-19', '', 13, 53, 56, 2, 3, 6, 54, 0, ''),
(797, 546, '190.3/005', '99/59', '2016-02-24', '', 13, 53, 56, 2, 3, 5, 128, 0, ''),
(798, 441, '190.3/004', '100/59', '2016-02-24', '', 13, 53, 56, 2, 3, 5, 23, 0, ''),
(799, 459, '190.2.10/084', '101/59', '2016-02-18', '', 13, 48, 52, 2, 3, 5, 44, 0, ''),
(800, 547, '190.2.9/014', '102/59', '2016-02-18', '', 13, 48, 52, 2, 3, 4, 14, 0, ''),
(801, 528, '190.1.8/001', '103/59', '2016-02-19', '', 13, 47, 50, 4, 6, 14, 85, 0, ''),
(802, 548, '190.1.1/010', '104/59', '2016-02-23', '', 13, 47, 50, 2, 3, 5, 24, 0, 'คำสั่ง 1432/54'),
(803, 549, '190.1.2/021', '105/59', '2016-02-19', '', 13, 47, 50, 2, 3, 4, 9, 0, 'คำสั่ง 1432/54'),
(804, 457, '190.2.9/011', '106/59', '2016-02-19', '', 13, 48, 52, 2, 3, 4, 14, 0, ''),
(805, 550, '190.1.4/033', '107/59', '2016-02-24', '', 13, 47, 51, 5, 7, 15, 96, 0, 'คำสั่ง 1432/54'),
(806, 551, '190.1.8/002', '108/59', '2016-02-29', '', 13, 47, 50, 4, 6, 14, 85, 0, 'คำสั่ง 1432/54'),
(807, 552, '190.1.4/038', '109/59', '2016-02-25', '', 13, 47, 50, 2, 3, 5, 31, 0, 'คำสั่ง 1432/54'),
(808, 559, '190.1.4/046', '110/59', '2016-03-05', '', 13, 47, 50, 2, 3, 4, 20, 0, ''),
(809, 560, '190.1.4/045', '111/59', '2016-03-05', '', 13, 47, 50, 2, 3, 4, 109, 0, ''),
(810, 561, '190.1.4/044', '112/59', '2016-03-05', '', 13, 47, 50, 2, 3, 4, 5, 0, ''),
(811, 561, '190.1.4/044', '112/59', '2016-03-05', '', 13, 47, 50, 2, 3, 4, 7, 0, ''),
(812, 562, '190.1.4/047', '113/59', '2016-03-05', '', 13, 47, 50, 1, 1, 2, 2, 0, ''),
(813, 562, '190.1.4/047', '113/59', '2016-03-05', '', 13, 47, 50, 1, 1, 3, 103, 0, ''),
(814, 562, '190.1.4/047', '113/59', '2016-03-05', '', 13, 47, 50, 2, 3, 5, 25, 0, ''),
(815, 562, '190.1.4/047', '113/59', '2016-03-05', '', 13, 47, 50, 2, 3, 5, 26, 0, ''),
(816, 562, '190.1.4/047', '113/59', '2016-03-05', '', 13, 53, 56, 1, 1, 2, 2, 0, ''),
(817, 562, '190.1.4/047', '113/59', '2016-03-05', '', 13, 53, 56, 1, 1, 3, 103, 0, ''),
(818, 562, '190.1.4/047', '113/59', '2016-03-05', '', 13, 53, 56, 2, 3, 5, 25, 0, ''),
(819, 562, '190.1.4/047', '113/59', '2016-03-05', '', 13, 53, 56, 2, 3, 5, 26, 0, ''),
(820, 562, '190.1.4/047', '113/59', '2016-03-05', '', 13, 47, 50, 1, 1, 2, 4, 0, ''),
(821, 562, '190.1.4/047', '113/59', '2016-03-05', '', 13, 47, 50, 2, 3, 5, 108, 0, ''),
(822, 562, '190.1.4/047', '113/59', '2016-03-05', '', 13, 47, 50, 2, 3, 5, 27, 0, ''),
(823, 562, '190.1.4/047', '113/59', '2016-03-05', '', 13, 53, 56, 1, 1, 2, 4, 0, ''),
(824, 562, '190.1.4/047', '113/59', '2016-03-05', '', 13, 53, 56, 2, 3, 5, 108, 0, ''),
(825, 562, '190.1.4/047', '113/59', '2016-03-05', '', 13, 53, 56, 2, 3, 5, 27, 0, ''),
(826, 563, '190.1.5/039', '114/59', '2016-03-01', '', 13, 47, 50, 2, 3, 5, 29, 0, 'คำสั่ง 1432/54'),
(827, 564, '190.1.4/013', '115/59', '2016-03-08', '', 13, 47, 50, 2, 3, 5, 24, 0, 'คำสั่ง 1432/54'),
(828, 565, '190.1.2/ว 027', '116/59', '2016-03-01', '', 13, 47, 50, 2, 3, 5, 31, 0, 'คำสั่ง 1432/54'),
(829, 566, '190.1.4/034', '117/59', '2016-03-01', '', 13, 47, 50, 2, 4, 7, 76, 0, ''),
(830, 567, '190.1.4/035', '118/59', '2016-03-01', '', 13, 47, 50, 2, 4, 7, 76, 0, ''),
(831, 568, '190.1.4/058', '119/59', '2016-03-11', '', 13, 47, 50, 2, 4, 7, 76, 0, ''),
(832, 554, '190.2.9/015', '120/59', '2016-03-01', '', 13, 48, 52, 2, 3, 4, 14, 0, ''),
(833, 569, '190.1.5/138', '121/59', '2016-03-10', '', 13, 47, 50, 2, 3, 6, 73, 0, ''),
(834, 570, '190.1.5/041.1', '122/59', '2016-03-08', '', 13, 47, 50, 2, 3, 5, 29, 0, ''),
(835, 571, '190.1.4/024.1', '123/59', '2016-03-08', '', 13, 47, 50, 2, 3, 4, 14, 0, ''),
(836, 553, '190.2.3/012', '124/59', '2016-03-16', '', 13, 49, 54, 4, 6, 14, 82, 0, 'คำสั่ง 1432/54'),
(837, 572, '190.1.4/032', '125/59', '2016-03-16', '', 13, 48, 52, 2, 3, 4, 14, 0, ''),
(838, 573, '190.1.2/038', '126/59', '2016-03-16', '', 13, 47, 50, 2, 3, 5, 117, 0, 'คำสั่ง 1432/54'),
(840, 442, '190.3/017', '127/59', '2016-03-22', '', 13, 53, 56, 2, 3, 6, 54, 0, 'คำสั่ง 1432/54'),
(841, 441, '190.3/018', '128/59', '2016-04-22', '', 13, 53, 56, 2, 3, 5, 23, 0, ''),
(842, 575, '190.3/016', '129/59', '2016-03-22', '', 13, 53, 56, 2, 3, 5, 128, 0, ''),
(843, 576, '190.1.1/014', '130/59', '2016-03-21', '', 13, 47, 50, 2, 3, 5, 24, 0, 'คำสั่ง 1432/54'),
(844, 577, '190.1.5/061', '131/59', '2016-03-28', '', 13, 47, 50, 2, 3, 5, 29, 0, 'คำสั่ง 1432/54'),
(845, 601, '190.1.4/063', '132/59', '2016-04-04', '', 13, 47, 50, 2, 3, 4, 109, 0, 'คำสั่ง 1432/54'),
(846, 602, '190.1.4/062', '133/59', '2016-04-01', '', 13, 47, 50, 2, 3, 4, 20, 0, ''),
(847, 603, '190.1.4/064', '134/59', '2016-04-01', '', 13, 47, 50, 2, 3, 4, 5, 0, 'ตามคำสั่ง 1432/54'),
(848, 603, '190.1.4/064', '134/59', '2016-04-01', '', 13, 47, 50, 2, 3, 4, 7, 0, 'ตามคำสั่ง 1432/54'),
(849, 604, '190.1.4/066', '135/59', '2016-04-04', '', 13, 47, 50, 1, 1, 2, 2, 0, ''),
(850, 604, '190.1.4/066', '135/59', '2016-04-04', '', 13, 47, 50, 1, 1, 3, 103, 0, ''),
(851, 604, '190.1.4/066', '135/59', '2016-04-04', '', 13, 47, 50, 2, 3, 5, 25, 0, ''),
(852, 604, '190.1.4/066', '135/59', '2016-04-04', '', 13, 47, 50, 2, 3, 5, 26, 0, ''),
(853, 604, '190.1.4/066', '135/59', '2016-04-04', '', 13, 53, 56, 1, 1, 2, 2, 0, ''),
(854, 604, '190.1.4/066', '135/59', '2016-04-04', '', 13, 53, 56, 1, 1, 3, 103, 0, ''),
(855, 604, '190.1.4/066', '135/59', '2016-04-04', '', 13, 53, 56, 2, 3, 5, 25, 0, ''),
(856, 604, '190.1.4/066', '135/59', '2016-04-04', '', 13, 53, 56, 2, 3, 5, 26, 0, ''),
(857, 604, '190.1.4/066', '135/59', '2016-04-04', '', 13, 47, 50, 1, 1, 2, 4, 0, ''),
(858, 604, '190.1.4/066', '135/59', '2016-04-04', '', 13, 47, 50, 2, 3, 5, 108, 0, ''),
(859, 604, '190.1.4/066', '135/59', '2016-04-04', '', 13, 47, 50, 2, 3, 5, 27, 0, ''),
(860, 604, '190.1.4/066', '135/59', '2016-04-04', '', 13, 53, 56, 1, 1, 2, 4, 0, ''),
(861, 604, '190.1.4/066', '135/59', '2016-04-04', '', 13, 53, 56, 2, 3, 5, 108, 0, ''),
(862, 604, '190.1.4/066', '135/59', '2016-04-04', '', 13, 53, 56, 2, 3, 5, 27, 0, ''),
(863, 605, '190.1.4/070', '136/59', '2016-04-18', '', 13, 47, 50, 2, 4, 7, 76, 0, ''),
(864, 606, '190.2.3/027', '137/59', '2016-04-01', '', 13, 49, 54, 4, 6, 14, 87, 0, ''),
(865, 607, '190.2.3/028', '138/59', '2016-04-01', '', 13, 49, 54, 4, 6, 14, 86, 0, ''),
(866, 579, '190.1.1/012', '139/59', '2016-04-08', '', 13, 47, 50, 4, 6, 14, 85, 0, 'คำสั่ง 1432/54'),
(867, 608, '190.1.1/017', '140/59', '2016-04-08', '', 13, 47, 50, 2, 3, 5, 24, 0, 'คำสั่ง 1432/54'),
(868, 609, '193/023', '141/59', '2016-04-07', '', 13, 49, 53, 5, 7, 15, 97, 0, ''),
(869, 610, '190.1.5/038', '142/59', '2016-04-18', '', 13, 47, 50, 2, 3, 5, 29, 0, 'ตามคำสั่ง 1432/54'),
(870, 611, '190.2.6/001', '143/59', '2016-04-21', '', 13, 51, 57, 4, 6, 14, 124, 0, 'ตามระเบียบมหาวิทยาลัยสงขลานครินทร์ ว่าด้วยการให้บริการวิจัยและพัฒนา พ.ศ. 2551'),
(871, 519, '190.2.10/038', '144/59', '2016-04-22', '', 13, 48, 52, 2, 3, 4, 12, 0, ''),
(872, 517, '190.2.10/035', '145/59', '2016-04-22', '', 13, 48, 52, 2, 3, 4, 12, 0, ''),
(873, 524, '190.2.10/036', '146/59', '2016-04-22', '', 13, 48, 52, 2, 3, 4, 12, 0, ''),
(874, 521, '190.2.10/037', '147/59', '2016-04-22', '', 13, 48, 52, 2, 3, 4, 12, 0, ''),
(875, 583, '190.1.2/037', '148/59', '2016-04-22', '', 13, 47, 50, 2, 3, 5, 116, 0, 'ตามคำสั่ง 1432/54'),
(876, 595, '190.1.2/050', '149/59', '2016-04-22', '', 13, 47, 50, 2, 3, 4, 9, 0, 'ตามคำสั่ง 1432/54'),
(877, 612, '190.1.2/036', '150/59', '2016-04-22', '', 13, 47, 50, 2, 3, 4, 9, 0, 'ตามคำสั่ง 1432/54'),
(878, 442, '190.3/042', '151/59', '2016-04-22', '', 13, 53, 56, 2, 3, 6, 54, 0, 'คำสั่ง 1432/54'),
(879, 613, '190.3/043', '152/59', '2016-04-25', '', 13, 53, 56, 2, 3, 5, 128, 0, ''),
(880, 441, '190.3/041', '153/59', '2016-04-22', '', 13, 53, 56, 2, 3, 5, 23, 0, ''),
(881, 596, '190.2.3/030', '154/59', '2016-04-07', '', 13, 52, 55, 4, 6, 14, 92, 0, 'คำสั่ง 1432/54'),
(882, 525, '190.2.10/040', '155/59', '2016-04-22', '', 13, 48, 52, 2, 3, 4, 12, 0, ''),
(883, 518, '190.2.10/039', '156/59', '2016-04-25', '', 13, 48, 52, 2, 3, 4, 12, 0, ''),
(884, 580, '190.2.3/020', '157/59', '2016-04-27', '', 13, 49, 54, 4, 6, 14, 82, 0, 'คำสั่ง 1432/59'),
(885, 584, '190.2.3/024', '158/59', '2016-04-27', '', 13, 49, 54, 4, 6, 14, 82, 0, 'คำสั่ง 1432/54'),
(886, 527, '190.2.3/006', '159/59', '2016-04-27', '', 13, 49, 54, 4, 6, 14, 82, 0, 'คำสั่ง 1432/54'),
(887, 594, '190.1.1/021', '160/59', '2016-04-26', '', 13, 47, 50, 2, 3, 5, 24, 0, 'คำสั่ง 1432/54'),
(888, 617, '190.1.4/074', '161/59', '2016-05-03', '', 13, 47, 50, 2, 3, 4, 109, 0, ''),
(889, 618, '190.1.4/073', '162/59', '2016-05-03', '', 13, 47, 50, 2, 3, 4, 20, 0, ''),
(890, 619, '190.1.4/075', '163/59', '2016-05-03', '', 13, 47, 50, 2, 3, 4, 5, 0, ''),
(891, 619, '190.1.4/075', '163/59', '2016-05-03', '', 13, 47, 50, 2, 3, 4, 7, 0, ''),
(892, 588, '190.1.1/020', '164/59', '2016-05-02', '', 13, 47, 50, 2, 3, 5, 30, 0, ''),
(893, 589, '190.2.5/007', '165/59', '2016-05-02', '', 13, 47, 50, 2, 3, 5, 30, 0, ''),
(894, 614, '190.1.4/076', '166/59', '2016-05-03', '', 13, 48, 52, 2, 3, 5, 31, 0, 'คำสั่ง 1432/59'),
(895, 590, '190.2.1/11', '167/59', '2016-05-02', '', 13, 48, 52, 4, 6, 14, 126, 0, ''),
(896, 591, '190.1.2/056', '168/59', '2016-05-12', '', 13, 47, 50, 2, 3, 4, 9, 0, 'คำสั่ง 1432/54'),
(897, 621, '190.1.1/022', '169/59', '2016-05-11', '', 13, 47, 50, 2, 3, 5, 24, 0, 'คำสั่ง 1432/54'),
(898, 578, '190.2.3/017', '170/59', '2016-05-03', '', 13, 49, 54, 4, 6, 14, 82, 0, 'คำสั่ง 1432/54'),
(899, 581, '190.2.3/021', '171/59', '2016-05-11', '', 13, 49, 54, 4, 6, 14, 82, 0, 'คำสั่ง 1432/54'),
(900, 622, '190.2.3/043', '172/59', '2016-05-03', '', 13, 49, 54, 4, 6, 14, 87, 0, 'คำสั่ง 1432/54'),
(901, 623, '190.2.3/044', '173/59', '2016-05-03', '', 13, 49, 54, 4, 6, 14, 86, 0, 'คำสั่ง 1432/54'),
(902, 624, '190.2.5/005', '174/59', '2016-05-26', '', 13, 47, 50, 4, 6, 14, 84, 0, 'คำสั่ง 1432/54'),
(903, 441, '190.3/076', '175/59', '2016-05-24', '', 13, 53, 56, 2, 3, 5, 23, 0, ''),
(904, 625, '190.3/077', '176/59', '2016-05-25', '', 13, 53, 56, 2, 3, 5, 23, 0, ''),
(905, 442, '190.3/075', '177/59', '2016-05-23', '', 13, 53, 56, 2, 3, 6, 54, 0, 'คำสั่ง 1432/54'),
(906, 592, '190.1.2/055', '178/59', '2016-05-18', '', 13, 47, 50, 2, 3, 5, 30, 0, ''),
(907, 587, '190.1.2/059', '179/59', '2016-05-18', '', 13, 47, 50, 4, 6, 14, 85, 0, 'คำสั่ง 1432/54'),
(908, 593, '190.1.2/057', '180/59', '2016-05-18', '', 13, 47, 50, 4, 6, 14, 85, 0, 'คำสั่ง 1432/54'),
(909, 599, '190.2.3/034', '181/59', '2016-05-18', '', 13, 49, 54, 4, 6, 14, 82, 0, 'คำส่ัง 1432/54'),
(910, 626, '190.1.4/079', '182/59', '2016-05-25', '', 13, 47, 50, 2, 4, 7, 76, 0, ''),
(911, 627, '190.1.1/025', '183/59', '2016-05-18', '', 13, 47, 50, 2, 3, 5, 24, 0, 'คำสั่ง 1432/54'),
(912, 628, '190.1.5/266', '184/59', '2016-05-18', '', 13, 47, 50, 2, 3, 6, 51, 0, 'คำสั่ง 1432/54'),
(913, 582, '190.2.3/019', '185/59', '2016-05-24', '', 13, 49, 54, 4, 6, 14, 82, 0, 'คำสั่ง 1432/54'),
(914, 585, '190.2.9/009', '187/59', '2016-05-25', '', 13, 48, 52, 2, 3, 4, 14, 0, ''),
(915, 600, '190.2.3/037', '186/59', '2016-05-24', '', 13, 49, 54, 4, 6, 14, 82, 0, 'คำสั่ง 1432/54'),
(916, 556, '190.2.9/003', '188/59', '2016-05-25', '', 13, 48, 52, 2, 3, 4, 17, 0, ''),
(917, 555, '190.2.9/001', '189/59', '2016-05-25', '', 13, 48, 52, 2, 3, 4, 14, 0, ''),
(918, 620, '190.1.4/072', '190/59', '2016-05-03', '', 13, 47, 50, 1, 1, 2, 2, 0, ''),
(919, 620, '190.1.4/072', '190/59', '2016-05-03', '', 13, 47, 50, 1, 1, 2, 4, 0, ''),
(920, 620, '190.1.4/072', '190/59', '2016-05-03', '', 13, 47, 50, 1, 1, 3, 103, 0, ''),
(921, 620, '190.1.4/072', '190/59', '2016-05-03', '', 13, 47, 50, 2, 3, 5, 25, 0, ''),
(922, 620, '190.1.4/072', '190/59', '2016-05-03', '', 13, 47, 50, 2, 3, 5, 26, 0, ''),
(923, 620, '190.1.4/072', '190/59', '2016-05-03', '', 13, 47, 50, 2, 3, 5, 108, 0, ''),
(924, 620, '190.1.4/072', '190/59', '2016-05-03', '', 13, 47, 50, 2, 3, 5, 27, 0, ''),
(925, 620, '190.1.4/072', '190/59', '2016-05-03', '', 13, 53, 56, 1, 1, 2, 2, 0, ''),
(926, 620, '190.1.4/072', '190/59', '2016-05-03', '', 13, 53, 56, 1, 1, 2, 4, 0, ''),
(927, 620, '190.1.4/072', '190/59', '2016-05-03', '', 13, 53, 56, 1, 1, 3, 103, 0, ''),
(928, 620, '190.1.4/072', '190/59', '2016-05-03', '', 13, 53, 56, 2, 3, 5, 25, 0, ''),
(929, 620, '190.1.4/072', '190/59', '2016-05-03', '', 13, 53, 56, 2, 3, 5, 26, 0, ''),
(930, 620, '190.1.4/072', '190/59', '2016-05-03', '', 13, 53, 56, 2, 3, 5, 108, 0, ''),
(931, 620, '190.1.4/072', '190/59', '2016-05-03', '', 13, 53, 56, 2, 3, 5, 27, 0, ''),
(932, 620, '190.1.4/072', '190/59', '2016-05-03', '', 13, 53, 56, 2, 3, 5, 108, 0, ''),
(933, 629, '190.1.4/083', '194/59', '2016-06-01', '', 13, 47, 50, 2, 3, 4, 5, 0, ''),
(934, 629, '190.1.4/083', '194/59', '2016-06-01', '', 13, 47, 50, 2, 3, 4, 7, 0, ''),
(935, 630, '190.1.4/084', '191/59', '2016-06-01', '', 13, 47, 50, 2, 3, 4, 109, 0, ''),
(936, 631, '190.1.4/081', '192/59', '2016-06-01', '', 13, 47, 50, 2, 3, 4, 20, 0, ''),
(937, 632, '190.1.4/082', '193/59', '2016-06-01', '', 13, 47, 50, 1, 1, 2, 2, 0, ''),
(938, 632, '190.1.4/082', '193/59', '2016-06-01', '', 13, 47, 50, 1, 1, 2, 4, 0, ''),
(939, 632, '190.1.4/082', '193/59', '2016-06-01', '', 13, 47, 50, 1, 1, 3, 103, 0, ''),
(940, 632, '190.1.4/082', '193/59', '2016-06-01', '', 13, 47, 50, 2, 3, 5, 25, 0, ''),
(941, 632, '190.1.4/082', '193/59', '2016-06-01', '', 13, 47, 50, 2, 3, 5, 26, 0, ''),
(942, 632, '190.1.4/082', '193/59', '2016-06-01', '', 13, 47, 50, 2, 3, 5, 108, 0, ''),
(943, 632, '190.1.4/082', '193/59', '2016-06-01', '', 13, 47, 50, 2, 3, 5, 27, 0, ''),
(944, 632, '190.1.4/082', '193/59', '2016-06-01', '', 13, 53, 56, 1, 1, 2, 2, 0, ''),
(945, 632, '190.1.4/082', '193/59', '2016-06-01', '', 13, 53, 56, 1, 1, 2, 4, 0, ''),
(946, 632, '190.1.4/082', '193/59', '2016-06-01', '', 13, 53, 56, 1, 1, 3, 103, 0, ''),
(947, 632, '190.1.4/082', '193/59', '2016-06-01', '', 13, 53, 56, 2, 3, 5, 25, 0, ''),
(948, 632, '190.1.4/082', '193/59', '2016-06-01', '', 13, 53, 56, 2, 3, 5, 26, 0, ''),
(949, 632, '190.1.4/082', '193/59', '2016-06-01', '', 13, 53, 56, 2, 3, 5, 108, 0, ''),
(950, 632, '190.1.4/082', '193/59', '2016-06-01', '', 13, 53, 56, 2, 3, 5, 27, 0, ''),
(951, 661, '190.1.4/089', '195/59', '2016-06-21', '', 13, 47, 50, 2, 4, 7, 76, 0, ''),
(952, 597, '190.2.10/034', '196/59', '2016-06-01', '', 13, 48, 52, 2, 3, 5, 44, 0, 'คำสั่ง 1432/54'),
(953, 557, '190.2.9/005', '197/59', '2016-06-01', '', 13, 48, 52, 2, 3, 5, 44, 0, 'คำสั่ง 1432/54'),
(954, 662, '190.1.2/080', '198/59', '2016-06-16', '', 13, 47, 50, 2, 3, 5, 31, 0, 'คำสั่ง 1432/54'),
(955, 663, '190.1.1/027', '199/59', '2016-06-08', '', 13, 47, 50, 2, 3, 5, 24, 0, 'คำสั่ง 1432/54'),
(956, 664, '190.1.1/030', '200/59', '2016-06-13', '', 13, 47, 50, 2, 3, 5, 24, 0, 'คำสั่ง 1432/54'),
(957, 633, '190.1.2/077', '201/59', '2016-06-16', '', 13, 47, 50, 2, 3, 4, 9, 0, ''),
(958, 441, '190.3/111', '202/59', '2016-06-22', '', 13, 53, 56, 2, 3, 5, 23, 0, ''),
(959, 665, '190.3/113', '203/59', '2016-06-24', '', 13, 53, 56, 2, 3, 5, 23, 0, ''),
(960, 666, '193/056', '204/59', '2016-06-09', '', 13, 48, 52, 4, 6, 14, 81, 0, ''),
(961, 667, '193/052', '205/59', '2016-06-14', '', 13, 48, 52, 4, 6, 14, 81, 0, ''),
(962, 668, '193/053', '206/59', '2016-06-09', '', 13, 48, 52, 4, 6, 14, 81, 0, ''),
(963, 669, '193/055', '207/59', '2016-06-21', '', 13, 48, 52, 4, 6, 14, 81, 0, ''),
(964, 670, '193/059', '208/59', '2016-06-21', '', 13, 48, 52, 4, 6, 14, 81, 0, ''),
(965, 671, '190.1.5/214', '209/59', '2016-06-10', '', 13, 48, 52, 2, 3, 6, 57, 0, 'คำสั่ง 1432/54'),
(966, 672, '190.1.1/028', '210/59', '2016-06-14', '', 13, 47, 50, 4, 6, 14, 85, 0, ''),
(967, 673, '190.1.1/031', '211/59', '2016-06-22', '', 13, 47, 50, 2, 3, 5, 24, 0, 'คำสั่ง 1432/54'),
(968, 674, '190.1.2/083', '212/59', '2016-06-16', '', 13, 47, 50, 2, 3, 5, 31, 0, 'คำสั่ง 1432/54'),
(969, 442, '190.3/112', '213/59', '2016-06-22', '', 13, 53, 56, 2, 3, 6, 54, 0, 'คำสั่ง 1432/54'),
(970, 615, '190.3/049', '214/59', '2016-06-27', '', 13, 53, 56, 2, 3, 5, 24, 0, 'คำสั่ง 1432/54'),
(971, 690, '190.1.4/095', '215/59', '2016-07-04', '', 13, 47, 50, 2, 3, 4, 5, 0, ''),
(972, 690, '190.1.4/095', '215/59', '2016-07-04', '', 13, 47, 50, 2, 3, 4, 7, 0, ''),
(973, 691, '190.1.4/094', '216/59', '2016-07-04', '', 13, 47, 50, 2, 3, 4, 20, 0, ''),
(974, 692, '190.1.4/093', '217/59', '2016-07-04', '', 13, 47, 50, 2, 3, 4, 109, 0, ''),
(975, 694, '193/054', '218/59', '2016-07-04', '', 13, 48, 52, 4, 6, 14, 81, 0, ''),
(976, 657, '190.1.5/381', '219/59', '2016-07-04', '', 13, 47, 50, 2, 3, 6, 73, 0, 'คำสั่ง 1432/54'),
(977, 695, '190.1.5/370', '220/59', '2016-07-04', '', 13, 47, 50, 2, 3, 6, 73, 0, 'คำสั่ง 1432/59'),
(978, 659, '190.1.1/035', '221/59', '2016-07-04', '', 13, 47, 50, 2, 3, 5, 24, 0, 'คำสั่ง 1432/54'),
(979, 696, '190.1.1/037', '222/59', '2016-07-04', '', 13, 47, 50, 2, 3, 5, 24, 0, 'คำสั่ง 1432/54'),
(980, 654, '193/067', '223/59', '2016-07-13', '', 13, 49, 53, 5, 7, 15, 97, 0, ''),
(981, 655, '193/068', '224/59', '2016-07-13', '', 13, 49, 53, 5, 7, 15, 97, 0, ''),
(982, 656, '190.3/118', '225/59', '2016-07-13', '', 13, 47, 51, 5, 7, 15, 96, 0, ''),
(983, 647, '190.1.2/090', '226/59', '2016-07-12', '', 13, 47, 50, 2, 3, 5, 116, 0, 'คำสั่ง 1432/54'),
(984, 442, '190.3/136', '227/59', '2016-07-25', '', 13, 53, 56, 2, 3, 6, 54, 0, 'คำสั่ง 1432/59'),
(985, 441, '190.3/135', '228/59', '2016-07-25', '', 13, 53, 56, 2, 3, 5, 23, 0, ''),
(986, 697, '190.3/137', '229/59', '2016-07-26', '', 13, 53, 56, 2, 3, 5, 23, 0, ''),
(987, 642, '190.2.10/045', '230/59', '2016-07-14', '', 13, 48, 52, 2, 3, 5, 44, 0, 'คำสั่ง 1432/54'),
(988, 660, '190.2.10/053', '231/59', '2016-07-14', '', 13, 48, 52, 2, 3, 4, 12, 0, ''),
(989, 519, '190.2.10/055', '232/59', '2016-07-14', '', 13, 48, 52, 2, 3, 4, 12, 0, ''),
(990, 515, '190.2.10/054', '233/59', '2016-07-21', '', 13, 48, 52, 2, 3, 4, 12, 0, ''),
(991, 698, '190.1.1/038', '234/59', '2016-07-14', '', 13, 47, 50, 2, 3, 5, 24, 0, 'คำสั่ง 1432/54'),
(992, 650, '190.1.2/099', '235/59', '2016-07-15', '', 13, 47, 50, 2, 3, 4, 9, 0, ''),
(993, 699, '190.2.6/038', '236/59', '2016-07-21', '', 13, 48, 52, 2, 3, 5, 22, 0, ''),
(994, 700, '193/079', '237/59', '2016-07-14', '', 13, 49, 53, 5, 7, 15, 97, 0, ''),
(995, 693, '190.1.4/096', '238/59', '2016-07-04', '', 13, 47, 50, 1, 1, 2, 2, 0, ''),
(996, 693, '190.1.4/096', '238/59', '2016-07-04', '', 13, 47, 50, 1, 1, 3, 103, 0, ''),
(997, 693, '190.1.4/096', '238/59', '2016-07-04', '', 13, 53, 56, 1, 1, 2, 2, 0, ''),
(998, 693, '190.1.4/096', '238/59', '2016-07-04', '', 13, 53, 56, 1, 1, 3, 103, 0, ''),
(999, 693, '190.1.4/096', '238/59', '2016-07-04', '', 13, 47, 50, 2, 3, 5, 25, 0, ''),
(1000, 693, '190.1.4/096', '238/59', '2016-07-04', '', 13, 47, 50, 2, 3, 5, 26, 0, ''),
(1001, 693, '190.1.4/096', '238/59', '2016-07-04', '', 13, 47, 50, 2, 3, 5, 108, 0, ''),
(1002, 693, '190.1.4/096', '238/59', '2016-07-04', '', 13, 47, 50, 2, 3, 5, 27, 0, ''),
(1003, 693, '190.1.4/096', '238/59', '2016-07-04', '', 13, 53, 56, 2, 3, 5, 25, 0, ''),
(1004, 693, '190.1.4/096', '238/59', '2016-07-04', '', 13, 53, 56, 2, 3, 5, 26, 0, ''),
(1005, 693, '190.1.4/096', '238/59', '2016-07-04', '', 13, 53, 56, 2, 3, 5, 108, 0, ''),
(1006, 693, '190.1.4/096', '238/59', '2016-07-04', '', 13, 53, 56, 2, 3, 5, 27, 0, ''),
(1007, 703, '190.3/124', '235.1/59', '2016-07-25', '', 13, 53, 56, 2, 3, 6, 54, 0, ''),
(1008, 710, '190.1.4/107', '239/59', '2016-08-02', '', 13, 47, 50, 2, 4, 7, 76, 0, ''),
(1009, 711, '190.1.4/105', '240/59', '2016-08-02', '', 13, 47, 50, 2, 3, 4, 20, 0, ''),
(1010, 712, '190.1.4/104', '241/59', '2016-08-02', '', 13, 47, 50, 2, 3, 4, 109, 0, ''),
(1011, 713, '190.1.4/113', '242/59', '2016-08-17', '', 13, 47, 50, 2, 4, 7, 76, 0, ''),
(1012, 714, '190.1.4/114', '243/59', '2016-08-17', '', 13, 47, 50, 2, 4, 7, 76, 0, ''),
(1013, 715, '190.1.4/106', '244/59', '2016-08-02', '', 13, 47, 50, 1, 1, 2, 2, 0, ''),
(1014, 715, '190.1.4/106', '244/59', '2016-08-02', '', 13, 47, 50, 1, 1, 3, 103, 0, ''),
(1015, 715, '190.1.4/106', '244/59', '2016-08-02', '', 13, 47, 50, 2, 3, 5, 25, 6, ''),
(1016, 715, '190.1.4/106', '244/59', '2016-08-02', '', 13, 47, 50, 2, 3, 5, 26, 5, ''),
(1017, 715, '190.1.4/106', '244/59', '2016-08-02', '', 13, 47, 50, 1, 1, 2, 4, 0, ''),
(1018, 715, '190.1.4/106', '244/59', '2016-08-02', '', 13, 47, 50, 2, 3, 5, 108, 0, ''),
(1019, 715, '190.1.4/106', '244/59', '2016-08-02', '', 13, 47, 50, 2, 3, 5, 27, 0, ''),
(1020, 715, '190.1.4/106', '244/59', '2016-08-02', '', 13, 53, 56, 1, 1, 2, 2, 0, ''),
(1021, 715, '190.1.4/106', '244/59', '2016-08-02', '', 13, 53, 56, 1, 1, 3, 103, 0, ''),
(1022, 715, '190.1.4/106', '244/59', '2016-08-02', '', 13, 53, 56, 2, 3, 5, 25, 6, ''),
(1023, 715, '190.1.4/106', '244/59', '2016-08-02', '', 13, 53, 56, 2, 3, 5, 26, 0, ''),
(1024, 715, '190.1.4/106', '244/59', '2016-08-02', '', 13, 53, 56, 1, 1, 2, 4, 0, ''),
(1025, 715, '190.1.4/106', '244/59', '2016-08-02', '', 13, 53, 56, 2, 3, 5, 108, 0, ''),
(1026, 715, '190.1.4/106', '244/59', '2016-08-02', '', 13, 53, 56, 2, 3, 5, 27, 0, ''),
(1027, 716, '190.1.4/109', '245/59', '2016-08-03', '', 13, 53, 56, 1, 1, 2, 4, 0, ''),
(1028, 717, '193/045', '246/59', '2016-08-04', '', 13, 49, 53, 5, 7, 15, 96, 0, ''),
(1029, 718, '193/084', '247/59', '2016-08-03', '', 13, 49, 53, 5, 7, 15, 97, 0, ''),
(1030, 678, '190.1.1/041', '248/59', '2016-08-04', '', 13, 47, 50, 4, 6, 14, 85, 0, 'คำสั่ง 1432/54'),
(1031, 676, '190.3/119', '249/59', '2016-08-04', '', 13, 47, 51, 5, 7, 15, 96, 0, ''),
(1032, 675, '190.3/121', '250/59', '2016-08-01', '', 13, 47, 51, 5, 7, 15, 96, 0, ''),
(1033, 719, '190.1.1/042', '251/59', '2016-08-01', '', 13, 47, 50, 2, 3, 5, 24, 0, 'คำสั่ง 1432/54'),
(1034, 634, '190.1.1/044', '252/59', '2016-08-10', '', 13, 47, 50, 2, 3, 5, 24, 0, 'คำสั่ง 1432/54'),
(1035, 634, '190.1.1/043', '253/59', '2016-08-08', '', 13, 47, 50, 2, 3, 5, 24, 0, 'คำสั่ง 1432/54'),
(1036, 720, '190.1.5/543', '254/59', '2016-08-10', '', 13, 48, 52, 3, 5, 8, 123, 0, ''),
(1037, 721, '190.2.7/004', '255/59', '2016-08-17', '', 13, 48, 52, 2, 3, 4, 14, 0, ''),
(1038, 522, '190.2.7/003', '256/59', '2016-08-16', '', 13, 48, 52, 2, 3, 4, 14, 0, ''),
(1039, 705, '193/076.1', '258/59', '2016-08-17', '', 13, 49, 53, 5, 7, 15, 97, 0, ''),
(1040, 722, '190.1.4/115', '258/59', '2016-08-22', '', 13, 48, 52, 2, 3, 5, 31, 0, ''),
(1041, 677, '190.3/133', '259/59', '2016-08-22', '', 13, 47, 51, 5, 7, 15, 96, 0, ''),
(1042, 689, '190.3/131', '260/59', '2016-08-22', '', 13, 47, 51, 5, 7, 15, 96, 0, ''),
(1043, 723, '190.1.2/130', '261/59', '2016-08-22', '', 13, 47, 50, 4, 6, 14, 84, 0, ''),
(1044, 688, '190.3/134', '262/59', '2016-08-23', '', 13, 47, 50, 2, 3, 5, 22, 0, ''),
(1045, 634, '190.1.1/046', '263/59', '2016-08-23', '', 13, 47, 50, 2, 3, 5, 24, 0, 'คำสั่ง 1432/54'),
(1046, 724, '190.1.4/103', '264/59', '2016-08-02', '', 13, 47, 50, 2, 3, 4, 5, 0, ''),
(1047, 724, '190.1.4/103', '264/59', '2016-08-02', '', 13, 47, 50, 2, 3, 4, 7, 0, ''),
(1048, 725, '190.1.4/108', '264/59', '2016-08-03', '', 13, 50, 58, 4, 6, 14, 93, 0, ''),
(1049, 442, '190.3/166', '264.1/59', '2016-09-01', '', 13, 53, 56, 2, 3, 6, 54, 0, 'คำสั่ง 1432/54'),
(1050, 730, '190.3/164', '265/59', '2016-09-01', '', 13, 53, 56, 2, 3, 5, 23, 0, ''),
(1051, 441, '190.3/165', '266/59', '2016-09-01', '', 13, 53, 56, 2, 3, 5, 23, 0, ''),
(1052, 683, '190.2.3/062', '267/59', '2016-09-01', '', 13, 49, 54, 4, 6, 14, 82, 0, 'คำสั่ง 1432/54'),
(1053, 635, '190.2.10/065', '268/59', '2016-09-01', '', 13, 48, 52, 2, 3, 4, 12, 0, ''),
(1054, 731, '190.3/080', '269/59', '2016-09-01', '', 13, 53, 56, 2, 3, 6, 54, 0, 'คำสั่ง 1432/54'),
(1055, 732, '190.3/045', '270/59', '2016-09-01', '', 13, 53, 56, 2, 3, 6, 47, 0, ''),
(1056, 644, '193/050', '271/59', '2016-09-06', '', 13, 49, 53, 5, 7, 15, 97, 0, ''),
(1057, 704, '193/082', '272/59', '2016-09-01', '', 13, 49, 53, 5, 7, 15, 97, 0, ''),
(1058, 679, '193/076', '273/59', '2016-09-01', '', 13, 49, 53, 5, 7, 15, 97, 0, ''),
(1059, 658, '190.2.2/037', '274/59', '2016-09-01', '', 13, 49, 54, 4, 6, 14, 83, 0, ''),
(1060, 586, '190.2.3/026', '275/59', '2016-09-01', '', 13, 49, 54, 4, 6, 14, 82, 0, 'คำสั่ง 1432/54'),
(1061, 616, '190.2.3/047', '276/59', '2016-09-06', '', 13, 49, 54, 4, 6, 14, 82, 0, 'คำสั่ง 1432/54'),
(1062, 733, '190.3/158', '277/59', '2016-09-01', '', 13, 48, 52, 4, 6, 14, 81, 0, ''),
(1063, 734, '190.1.4/116', '278/59', '2016-09-01', '', 13, 48, 52, 2, 3, 5, 31, 0, ''),
(1064, 638, '190.2.10/067.4', '279/59', '2016-09-06', '', 13, 48, 52, 2, 3, 4, 12, 0, ''),
(1065, 643, '190.2.10/067.1', '280/59', '2016-09-05', '', 13, 48, 52, 2, 3, 4, 12, 0, ''),
(1066, 640, '190.2.10/066', '281/59', '2016-09-06', '', 13, 48, 52, 2, 3, 4, 12, 0, ''),
(1067, 637, '190.2.10/067.2', '282/59', '2016-09-06', '', 13, 48, 52, 2, 3, 4, 12, 0, ''),
(1068, 636, '190.2.10/067.3', '283/59', '2016-09-06', '', 13, 48, 52, 2, 3, 4, 12, 0, ''),
(1069, 735, '190.3/104', '284/59', '2016-09-01', '', 13, 47, 51, 5, 7, 15, 96, 0, ''),
(1070, 736, '190.2.4/019', '285/59', '2016-09-07', '', 13, 51, 57, 4, 6, 14, 124, 0, 'คำสั่ง 1432/54'),
(1071, 685, '190.2.3/065', '286/59', '2016-09-09', '', 13, 52, 55, 4, 6, 14, 92, 0, 'คำสั่ง 1432/54'),
(1072, 707, '190.2.1/29', '287/59', '2016-09-07', '', 13, 48, 52, 4, 6, 14, 126, 0, 'คำสั่ง 1432/54'),
(1073, 701, '190.2.2/063', '288/59', '2016-09-06', '', 13, 48, 52, 2, 3, 4, 12, 0, ''),
(1074, 737, '190.2.5/019', '289/59', '2016-09-06', '', 13, 47, 50, 4, 6, 14, 84, 0, 'คำสั่ง 1432/54'),
(1075, 738, '190/432', '290/59', '2016-09-08', '', 13, 47, 50, 4, 6, 14, 84, 0, ''),
(1076, 739, '190.1.5/610', '291/59', '2016-09-06', '', 13, 47, 50, 2, 3, 6, 47, 0, ''),
(1077, 634, '190.1.1/048', '292/59', '2016-09-08', '', 13, 47, 50, 2, 3, 5, 24, 0, 'คำสั่ง 1432/54'),
(1078, 634, '190.1.1/047', '293/59', '2016-09-08', '', 13, 47, 50, 2, 3, 5, 24, 0, 'คำสั่ง 1432/54'),
(1079, 740, '190.2.3/060', '294/59', '2016-09-09', '', 13, 49, 54, 4, 6, 14, 82, 0, 'คำสั่ง 1432/54'),
(1080, 741, '193/100', '295/59', '2016-09-09', '', 13, 48, 52, 4, 6, 14, 81, 0, ''),
(1081, 726, '190.1.4/117', '295/59', '2016-09-01', '', 13, 47, 50, 2, 3, 4, 20, 0, ''),
(1082, 727, '190.1.4/119', '296/59', '2016-09-01', '', 13, 47, 50, 2, 3, 4, 109, 0, ''),
(1083, 728, '190.1.4/118', '297/59', '2016-09-01', '', 13, 47, 50, 2, 3, 4, 5, 0, ''),
(1084, 728, '190.1.4/118', '297/59', '2016-09-01', '', 13, 47, 50, 2, 3, 4, 7, 0, ''),
(1085, 729, '190.1.4/120', '298/59', '2016-09-01', '', 13, 47, 50, 1, 1, 2, 2, 0, ''),
(1086, 729, '190.1.4/120', '298/59', '2016-09-01', '', 13, 47, 50, 1, 1, 2, 4, 0, ''),
(1087, 729, '190.1.4/120', '298/59', '2016-09-01', '', 13, 47, 50, 1, 1, 3, 103, 0, ''),
(1088, 729, '190.1.4/120', '298/59', '2016-09-01', '', 13, 47, 50, 2, 3, 5, 25, 0, ''),
(1089, 729, '190.1.4/120', '298/59', '2016-09-01', '', 13, 47, 50, 2, 3, 5, 26, 0, ''),
(1090, 729, '190.1.4/120', '298/59', '2016-09-01', '', 13, 47, 50, 2, 3, 5, 108, 0, ''),
(1091, 729, '190.1.4/120', '298/59', '2016-09-01', '', 13, 47, 50, 2, 3, 5, 27, 0, ''),
(1092, 729, '190.1.4/120', '298/59', '2016-09-01', '', 13, 53, 56, 1, 1, 2, 2, 0, ''),
(1093, 729, '190.1.4/120', '298/59', '2016-09-01', '', 13, 53, 56, 1, 1, 2, 4, 0, ''),
(1094, 729, '190.1.4/120', '298/59', '2016-09-01', '', 13, 53, 56, 1, 1, 3, 103, 0, ''),
(1095, 729, '190.1.4/120', '298/59', '2016-09-01', '', 13, 53, 56, 2, 3, 5, 25, 0, ''),
(1096, 729, '190.1.4/120', '298/59', '2016-09-01', '', 13, 53, 56, 2, 3, 5, 26, 0, ''),
(1097, 729, '190.1.4/120', '298/59', '2016-09-01', '', 13, 53, 56, 2, 3, 5, 108, 0, ''),
(1098, 729, '190.1.4/120', '298/59', '2016-09-01', '', 13, 53, 56, 2, 3, 5, 27, 0, ''),
(1099, 744, '190.1.4/115.1', '299/59', '2016-09-19', '', 13, 48, 52, 2, 3, 5, 31, 0, ''),
(1100, 645, '190.3/109', '300/59', '2016-09-16', '', 13, 47, 51, 5, 7, 15, 96, 0, ''),
(1101, 745, '193/103', '301/59', '2016-09-21', '', 13, 48, 52, 4, 6, 14, 81, 0, ''),
(1102, 635, '190.2.10/079', '302/59', '2016-09-21', '', 13, 48, 52, 2, 3, 4, 12, 0, ''),
(1103, 743, '190.2.9/017', '303/59', '2016-09-21', '', 13, 48, 52, 2, 3, 4, 14, 0, ''),
(1104, 708, '190.1.2/138', '304/59', '2016-09-20', '', 13, 47, 50, 4, 6, 14, 84, 0, ''),
(1105, 742, '190.1.2/139', '305/59', '2016-09-20', '', 13, 47, 50, 2, 3, 5, 22, 0, ''),
(1106, 749, '190.1.1/050.1', '306/59', '2016-09-20', '', 13, 47, 50, 2, 3, 5, 24, 0, 'คำสั่ง 1432/54'),
(1107, 755, '190.1.4/116.1', '307/59', '2016-09-20', '', 13, 47, 50, 2, 4, 7, 76, 0, ''),
(1108, 442, '190.3/181', '308/59', '2016-09-23', '', 13, 53, 56, 2, 3, 6, 54, 0, 'คำสั่ง 1432/54'),
(1109, 751, '190.3/183', '309/59', '2016-09-22', '', 13, 53, 56, 2, 3, 5, 23, 0, ''),
(1110, 441, '190.3/182', '310/59', '2016-09-23', '', 13, 53, 56, 2, 3, 5, 23, 0, ''),
(1111, 684, '190.2.3/063', '311/59', '2016-09-26', '', 13, 52, 55, 4, 6, 14, 92, 0, 'คำสั่ง 1432/54'),
(1112, 686, '190.2.3/064', '312/59', '2016-09-26', '', 13, 49, 54, 4, 6, 14, 82, 0, 'คำสั่ง 1432/54'),
(1113, 706, '190.1.5/522', '313/59', '2016-09-26', '', 13, 48, 52, 2, 3, 6, 55, 0, ''),
(1114, 753, '190.1.1/051.1', '314/59', '2016-09-26', '', 13, 47, 50, 2, 4, 7, 130, 0, 'คำสั่ง 1432/54'),
(1115, 754, '190.1.5/626', '315/59', '2016-09-26', '', 13, 47, 50, 2, 3, 6, 47, 0, 'คำสั่ง 1432/54'),
(1116, 682, '190.2.3/061', '316/59', '2016-09-26', '', 13, 49, 54, 4, 6, 14, 82, 0, 'คำสั่ง 1432/54'),
(1117, 681, '190.2.3/066', '317/59', '2016-09-27', '', 13, 49, 54, 4, 6, 14, 82, 0, 'คำสั่ง 1432/54'),
(1118, 756, '190.2.3/083', '318/59', '2016-09-27', '', 13, 49, 54, 4, 6, 14, 87, 0, 'คำสั่ง 1432/54'),
(1119, 757, '190.2.3/084', '319/59', '2016-09-27', '', 13, 49, 54, 4, 6, 14, 86, 0, 'คำสั่ง 1432/54'),
(1120, 643, '190.2.10/087', '320/59', '2016-09-27', '', 13, 48, 52, 2, 3, 4, 12, 0, ''),
(1121, 640, '190.2.10/085', '321/59', '2016-09-27', '', 13, 48, 52, 2, 3, 4, 12, 0, ''),
(1122, 638, '190.2.10/088', '322/59', '2016-09-27', '', 13, 48, 52, 2, 3, 4, 12, 0, ''),
(1123, 635, '190.2.10/086', '323/59', '2016-09-27', '', 13, 48, 52, 2, 3, 4, 12, 0, ''),
(1124, 758, '190.1.5/638', '324/59', '2016-09-27', '', 13, 47, 50, 2, 3, 5, 23, 0, ''),
(1125, 640, '190.2.10/089', '325/59', '2016-09-29', '', 13, 48, 52, 2, 3, 4, 12, 0, ''),
(1126, 701, '190.2.2/070', '326/59', '2016-09-28', '', 13, 48, 52, 2, 3, 4, 12, 0, ''),
(1127, 651, '190.1.2/100', '327/59', '2016-09-28', '', 13, 47, 50, 4, 6, 14, 85, 0, 'คำสั่ง 1432/54'),
(1128, 759, '190.1.5/634', '328/59', '2016-09-28', '', 13, 47, 50, 2, 3, 6, 47, 0, ''),
(1129, 760, '190.1.1/052.1', '329/59', '2016-09-29', '', 13, 47, 50, 2, 3, 5, 24, 0, 'คำสั่ง 1432/54'),
(1130, 680, '193/080', '330/59', '2016-09-29', '', 13, 48, 52, 2, 3, 5, 31, 0, 'คำสั่ง 1432/54'),
(1131, 653, '190.1.2/102', '331/59', '2016-09-28', '', 13, 47, 50, 2, 3, 5, 29, 0, 'คำสั่ง 1432/54'),
(1132, 652, '190.1.2/101', '332/59', '2016-09-28', '', 13, 47, 50, 2, 3, 5, 29, 0, 'คำสั่ง 1432/54'),
(1133, 761, '032/ว102', '333/59', '2016-09-29', '', 13, 47, 50, 2, 4, 7, 130, 0, ''),
(1134, 764, '190.1.1/056', '1/60', '2016-10-14', '', 14, 54, 59, 2, 3, 5, 24, 0, 'คำสั่ง 1432/54'),
(1135, 765, '190.1.1/057', '2/60', '2016-10-17', '', 14, 54, 59, 2, 3, 5, 24, 0, 'คำสั่ง 1432/54'),
(1136, 766, '190.1.7/016', '3/60', '2016-10-12', '', 14, 54, 59, 2, 3, 5, 118, 0, 'คำสั่ง 1432/54'),
(1137, 771, '190.3/216', '4/60', '2016-10-21', '', 14, 60, 68, 2, 3, 6, 54, 0, 'คำสั่ง 1432/54'),
(1138, 772, '190.3/214', '5/60', '2016-10-21', '', 14, 60, 68, 2, 3, 5, 128, 0, ''),
(1139, 773, '190.3/215', '6/60', '2016-10-21', '', 14, 60, 68, 2, 3, 5, 23, 0, ''),
(1140, 774, '1903/110', '7/60', '2016-10-12', '', 14, 55, 61, 4, 6, 14, 81, 0, ''),
(1141, 775, '190.1.5/679', '8/60', '2016-10-28', '', 14, 55, 61, 2, 3, 6, 55, 0, 'คำสั่ง 1432/54'),
(1142, 776, '190.2.10/092', '9/60', '2016-10-20', '', 14, 55, 61, 2, 3, 5, 121, 0, 'คำสั่ง 1432/54'),
(1143, 777, '190.1.1/055', '10/60', '2016-10-28', '', 14, 54, 59, 4, 6, 14, 85, 0, 'คำสั่ง 1432/54'),
(1144, 778, '190.1.5/683', '11/60', '2016-10-28', '', 14, 54, 59, 2, 3, 6, 47, 0, 'คำสั่ง 1432/54'),
(1145, 779, '190.1.1/058', '12/60', '2016-10-20', '', 14, 54, 59, 2, 3, 5, 31, 0, 'คำสั่ง 1432/54'),
(1146, 770, '190.1.4/127', '13/60', '2016-10-12', '', 14, 54, 59, 2, 3, 4, 20, 0, ''),
(1147, 768, '190.1.4/125', '14/60', '2016-10-06', '', 14, 54, 59, 2, 3, 4, 109, 0, ''),
(1148, 767, '190.1.4/123', '15/60', '2016-10-06', '', 14, 54, 59, 2, 3, 4, 5, 0, ''),
(1149, 767, '190.1.4/123', '15/60', '2016-10-06', '', 14, 54, 59, 2, 3, 4, 7, 0, ''),
(1150, 769, '190.1.4/124', '16/60', '2016-10-06', '', 14, 54, 59, 1, 1, 2, 2, 0, ''),
(1151, 769, '190.1.4/124', '16/60', '2016-10-06', '', 14, 54, 59, 1, 1, 2, 4, 0, ''),
(1152, 769, '190.1.4/124', '16/60', '2016-10-06', '', 14, 54, 59, 1, 1, 3, 103, 0, ''),
(1153, 769, '190.1.4/124', '16/60', '2016-10-06', '', 14, 54, 59, 2, 3, 5, 25, 0, ''),
(1154, 769, '190.1.4/124', '16/60', '2016-10-06', '', 14, 54, 59, 2, 3, 5, 26, 0, ''),
(1155, 769, '190.1.4/124', '16/60', '2016-10-06', '', 14, 54, 59, 2, 3, 5, 25, 0, ''),
(1156, 769, '190.1.4/124', '16/60', '2016-10-06', '', 14, 54, 59, 2, 3, 5, 108, 0, ''),
(1157, 769, '190.1.4/124', '16/60', '2016-10-06', '', 14, 54, 59, 2, 3, 5, 27, 0, ''),
(1158, 769, '190.1.4/124', '16/60', '2016-10-06', '', 14, 60, 68, 1, 1, 2, 2, 0, ''),
(1159, 769, '190.1.4/124', '16/60', '2016-10-06', '', 14, 60, 68, 1, 1, 3, 103, 0, ''),
(1160, 769, '190.1.4/124', '16/60', '2016-10-06', '', 14, 60, 68, 2, 3, 5, 25, 0, ''),
(1161, 769, '190.1.4/124', '16/60', '2016-10-06', '', 14, 60, 68, 2, 3, 5, 26, 0, ''),
(1162, 769, '190.1.4/124', '16/60', '2016-10-06', '', 14, 60, 68, 1, 1, 2, 4, 0, ''),
(1163, 769, '190.1.4/124', '16/60', '2016-10-06', '', 14, 60, 68, 2, 3, 5, 108, 0, ''),
(1164, 769, '190.1.4/124', '16/60', '2016-10-06', '', 14, 60, 68, 2, 3, 5, 27, 0, ''),
(1165, 790, '190.1.4/135', '17/60', '2016-11-02', '', 14, 54, 59, 2, 3, 4, 5, 0, '');
INSERT INTO `trn_disbursement` (`id`, `approve_id`, `doc_number`, `file_number`, `doc_date`, `invoice_number`, `budget_main_id`, `mgt_plans_id`, `mgt_product_id`, `costs_id`, `costs_group_id`, `costs_type_id`, `costs_lists_id`, `costs_sublist_id`, `note`) VALUES
(1166, 790, '190.1.4/135', '17/60', '2016-11-02', '', 14, 54, 59, 2, 3, 4, 7, 0, ''),
(1167, 791, '190.1.4/136', '18/60', '2016-11-02', '', 14, 54, 59, 2, 3, 4, 109, 0, ''),
(1168, 792, '190.1.4/134', '19/60', '2016-11-02', '', 14, 54, 59, 2, 3, 4, 20, 0, ''),
(1169, 797, '190.2.10/109', '20/60', '2016-11-01', '', 14, 55, 61, 2, 3, 4, 12, 0, ''),
(1170, 781, '190.2.10/110', '21/60', '2016-11-01', '', 14, 55, 61, 2, 3, 4, 12, 0, ''),
(1171, 762, '190.2.2/086', '22/60', '2016-11-01', '', 14, 55, 61, 2, 3, 4, 12, 0, ''),
(1172, 798, '190.1.1/061', '23/60', '2016-11-02', '', 14, 54, 59, 2, 3, 5, 24, 0, 'คำสั่ง 1432/54'),
(1173, 799, '190.1.2/144', '24/60', '2016-11-03', '', 14, 54, 59, 2, 3, 4, 9, 0, ''),
(1174, 793, '190.1.4/137', '25/60', '2016-11-02', '', 14, 54, 59, 1, 1, 2, 2, 0, ''),
(1175, 793, '190.1.4/137', '25/60', '2016-11-02', '', 14, 54, 59, 1, 1, 3, 103, 0, ''),
(1176, 793, '190.1.4/137', '25/60', '2016-11-02', '', 14, 54, 59, 2, 3, 5, 25, 0, ''),
(1177, 793, '190.1.4/137', '25/60', '2016-11-02', '', 14, 54, 59, 2, 3, 5, 26, 0, ''),
(1178, 793, '190.1.4/137', '25/60', '2016-11-02', '', 14, 54, 59, 1, 1, 2, 4, 0, ''),
(1179, 793, '190.1.4/137', '25/60', '2016-11-02', '', 14, 54, 59, 2, 3, 5, 108, 0, ''),
(1180, 793, '190.1.4/137', '25/60', '2016-11-02', '', 14, 54, 59, 2, 3, 5, 27, 0, ''),
(1181, 793, '190.1.4/137', '25/60', '2016-11-02', '', 14, 60, 68, 1, 1, 2, 4, 0, ''),
(1182, 793, '190.1.4/137', '25/60', '2016-11-02', '', 14, 60, 68, 2, 3, 5, 25, 0, ''),
(1183, 793, '190.1.4/137', '25/60', '2016-11-02', '', 14, 60, 68, 2, 3, 5, 108, 0, ''),
(1184, 793, '190.1.4/137', '25/60', '2016-11-02', '', 14, 60, 68, 2, 3, 5, 27, 0, ''),
(1185, 793, '190.1.4/137', '25/60', '2016-11-02', '', 14, 60, 68, 1, 1, 2, 2, 0, ''),
(1186, 793, '190.1.4/137', '25/60', '2016-11-02', '', 14, 60, 68, 1, 1, 3, 103, 0, ''),
(1187, 793, '190.1.4/137', '25/60', '2016-11-02', '', 14, 60, 68, 2, 3, 5, 26, 0, ''),
(1188, 793, '190.1.4/137', '25/60', '2016-11-02', '', 14, 60, 68, 2, 3, 5, 25, 0, ''),
(1189, 800, '190.1.5/778', '26/60', '2016-11-08', '', 14, 55, 61, 3, 5, 8, 123, 0, ''),
(1190, 801, '190.1.2/149', '27/60', '2016-11-07', '', 14, 54, 59, 2, 3, 4, 14, 0, 'คำสั่ง 1432/54'),
(1191, 802, '190.1.7/020', '27.1/60', '2016-11-11', '', 14, 54, 59, 2, 3, 5, 24, 0, 'คำสั่ง 1432/54'),
(1192, 803, '190.1.2/148', '27.2/60', '2016-11-07', '', 14, 54, 59, 2, 3, 6, 47, 0, ''),
(1193, 787, '190.1.1/054', '27.3/60', '2016-11-07', '', 14, 54, 59, 4, 6, 14, 85, 0, 'ตามคำสั่ง 1432/54'),
(1194, 804, '190.1.4/126', '27.4/60', '2016-11-11', '', 14, 55, 61, 2, 3, 4, 14, 0, ''),
(1195, 784, '190.2.9/019', '28/60', '2016-11-14', '', 14, 55, 61, 2, 3, 5, 121, 0, 'คำสั่ง 1432/54'),
(1196, 763, '190.2.10/119', '29/60', '2016-11-11', '', 14, 55, 61, 2, 3, 4, 12, 0, ''),
(1197, 797, '190.2.10/120', '30/60', '2016-11-14', '', 14, 55, 61, 2, 3, 4, 12, 0, ''),
(1198, 782, '190.1.1/053', '31/60', '2016-11-14', '', 14, 54, 59, 4, 6, 14, 85, 0, 'คำสั่ง 1432/54'),
(1199, 805, '190.1.1/062', '32/60', '2016-11-14', '', 14, 54, 59, 2, 3, 5, 24, 0, 'คำสั่ง 1432/54'),
(1200, 806, '190.1.2/157', '33/60', '2016-11-14', '', 14, 54, 59, 2, 3, 4, 9, 0, ''),
(1201, 807, '190.2.3/094', '34/60', '2016-11-04', '', 14, 56, 64, 4, 6, 14, 86, 0, 'คำสั่ง 1432/54'),
(1202, 808, '190.2.3/093', '35/60', '2016-11-04', '', 14, 56, 64, 4, 6, 14, 87, 0, 'คำสั่ง 1432/54'),
(1204, 810, '190.1.4/144', '36/60', '2016-11-22', '', 14, 54, 59, 2, 4, 7, 130, 0, ''),
(1205, 811, '190.1.2/147', '38/60', '2016-12-22', '', 14, 54, 59, 2, 3, 5, 116, 0, 'คำสั่ง 1432/54'),
(1206, 795, '190.2.9/020', '39/60', '2016-11-01', '', 14, 55, 61, 2, 3, 4, 14, 0, ''),
(1207, 812, '190.3/243', '40/60', '2016-11-23', '', 14, 60, 68, 2, 3, 5, 23, 0, ''),
(1208, 771, '190.3/244', '41/60', '2016-11-23', '', 14, 60, 68, 2, 3, 6, 54, 0, 'คำสั่ง 1432/54'),
(1209, 772, '190.3/245', '42/60', '2016-11-23', '', 14, 60, 68, 2, 3, 5, 128, 0, ''),
(1210, 783, '190.2.3/086', '43/60', '2016-11-29', '', 14, 56, 64, 4, 6, 14, 82, 0, 'คำสั่ง 1432/54'),
(1211, 813, '190.1.5/713', '44/60', '2016-11-28', '', 14, 55, 61, 2, 3, 6, 55, 0, 'คำสั่ง 1432/54'),
(1212, 785, '190.2.10/128', '45/60', '2016-11-24', '', 14, 55, 61, 2, 3, 4, 15, 0, ''),
(1213, 821, '190.1.4/147', '46/60', '2016-12-06', '', 14, 54, 59, 2, 3, 4, 20, 0, ''),
(1214, 822, '190.1.4/146', '47/60', '2016-12-06', '', 14, 54, 59, 2, 3, 4, 5, 0, ''),
(1215, 822, '190.1.4/146', '47/60', '2016-12-06', '', 14, 54, 59, 2, 3, 4, 7, 0, ''),
(1216, 823, '190.1.4/148', '48/60', '2016-12-06', '', 14, 54, 59, 1, 1, 2, 2, 0, ''),
(1217, 823, '190.1.4/148', '48/60', '2016-12-06', '', 14, 54, 59, 1, 1, 3, 103, 0, ''),
(1218, 823, '190.1.4/148', '48/60', '2016-12-06', '', 14, 54, 59, 2, 3, 5, 25, 6, ''),
(1219, 823, '190.1.4/148', '48/60', '2016-12-06', '', 14, 54, 59, 2, 3, 5, 26, 0, ''),
(1220, 823, '190.1.4/148', '48/60', '2016-12-06', '', 14, 54, 59, 1, 1, 2, 4, 0, ''),
(1221, 823, '190.1.4/148', '48/60', '2016-12-06', '', 14, 54, 59, 2, 3, 5, 108, 0, ''),
(1222, 823, '190.1.4/148', '48/60', '2016-12-06', '', 14, 54, 59, 2, 3, 5, 27, 0, ''),
(1223, 823, '190.1.4/148', '48/60', '2016-12-06', '', 14, 60, 68, 1, 1, 2, 2, 0, ''),
(1224, 823, '190.1.4/148', '48/60', '2016-12-06', '', 14, 60, 68, 1, 1, 3, 103, 0, ''),
(1225, 823, '190.1.4/148', '48/60', '2016-12-06', '', 14, 60, 68, 2, 3, 5, 25, 0, ''),
(1226, 823, '190.1.4148', '48/60', '2016-12-06', '', 14, 60, 68, 2, 3, 5, 26, 0, ''),
(1227, 823, '190.1.4/148', '48/60', '2016-12-06', '', 14, 60, 68, 1, 1, 2, 4, 0, ''),
(1228, 823, '190.1.4/148', '48/60', '2016-12-06', '', 14, 60, 68, 2, 3, 5, 108, 0, ''),
(1229, 823, '190.1.4/148', '48/60', '2016-12-06', '', 14, 60, 68, 2, 3, 5, 27, 0, ''),
(1230, 796, '190.1.2/10/134', '49/60', '2016-12-02', '', 14, 55, 61, 2, 3, 4, 12, 0, ''),
(1231, 780, '190.2.10/132', '50/60', '2016-12-02', '', 14, 55, 61, 2, 3, 4, 12, 0, ''),
(1232, 785, '190.2.10/133', '51/60', '2016-12-02', '', 14, 55, 61, 2, 3, 4, 15, 0, ''),
(1233, 762, '190.2.2/109', '52/60', '2016-12-01', '', 14, 55, 61, 2, 3, 4, 12, 0, ''),
(1234, 824, '190.2.4/033', '53/60', '2016-12-01', '', 14, 54, 59, 2, 3, 4, 14, 0, ''),
(1235, 825, '190.1.4/151', '54/60', '2016-12-09', '', 14, 54, 59, 2, 3, 4, 109, 0, ''),
(1236, 826, '190.1.1/066', '55/60', '2016-12-13', '', 14, 54, 59, 2, 3, 5, 24, 0, ''),
(1237, 827, '190.2.4/027', '56/60', '2016-12-14', '', 14, 58, 66, 4, 6, 14, 89, 0, 'คำสั่ง 1432/54'),
(1238, 828, '190.1.5/783', '57/60', '2016-12-15', '', 14, 54, 59, 2, 3, 6, 47, 0, 'คำสั่ง 1432/54'),
(1239, 814, '190.2.7/073', '58/60', '2016-12-08', '', 14, 55, 61, 2, 3, 4, 14, 0, ''),
(1240, 789, '190.2.3/089', '59/60', '2016-12-19', '', 14, 56, 64, 4, 6, 14, 82, 0, 'คำสั่ง 1432/54'),
(1241, 780, '190.2.10/137', '60/59', '2016-12-21', '', 14, 55, 61, 2, 3, 4, 12, 0, ''),
(1242, 829, '190.1.1/068', '61/60', '2016-12-20', '', 14, 54, 59, 2, 3, 5, 24, 0, 'คำสั่ง 1432/54'),
(1243, 819, '190.3/239', '62/60', '2016-12-14', '', 14, 54, 60, 5, 7, 15, 96, 0, 'คำสั่ง 1432/54'),
(1244, 830, '190.2.10/102.1', '63/60', '2016-12-20', '', 14, 55, 61, 2, 3, 4, 14, 0, 'คำสั่ง 1432/54'),
(1245, 831, '190.1.5/833', '64/60', '2016-12-01', '', 14, 54, 59, 2, 3, 6, 47, 0, 'คำสั่ง 1432/54'),
(1246, 817, '190.2.10/124', '65/60', '2016-12-20', '', 14, 55, 61, 2, 3, 4, 14, 0, ''),
(1247, 832, '190.1.4/155', '66/60', '2016-12-26', '', 14, 54, 59, 2, 4, 7, 76, 0, ''),
(1248, 832, '190.1.4/155', '66/60', '2016-12-26', '', 14, 54, 59, 2, 4, 7, 76, 0, ''),
(1249, 832, '190.1.4/155', '66/60', '2016-12-26', '', 14, 54, 59, 2, 4, 7, 130, 0, ''),
(1250, 833, '190.1.5/875', '67/60', '2016-12-20', '', 14, 54, 59, 2, 3, 5, 23, 0, ''),
(1251, 834, '190.3/251', '68/60', '2016-12-06', '', 14, 54, 59, 2, 3, 5, 22, 0, ''),
(1252, 835, '190.1.2/164', '69/60', '2016-12-21', '', 14, 55, 61, 2, 3, 5, 31, 0, 'ตามคำสั่ง 1432/54'),
(1253, 773, '190.3/266', '70/60', '2016-12-21', '', 14, 60, 68, 2, 3, 5, 23, 0, ''),
(1254, 772, '190.3/267', '71/60', '2016-12-21', '', 14, 60, 68, 2, 3, 5, 128, 0, ''),
(1255, 836, '190.3/271', '72/60', '2016-12-22', '', 14, 60, 68, 2, 3, 6, 54, 0, 'ตามคำสั่ง 1432/54'),
(1256, 771, '190.3/268', '73/60', '2016-12-21', '', 14, 60, 68, 2, 3, 6, 54, 0, 'ตามคำสั่ง 1432/54'),
(1257, 839, '190.1.4/150.1', '75/60', '2016-12-09', '', 14, 55, 61, 2, 3, 4, 14, 0, ''),
(1258, 840, '190.1.1/069', '74/60', '2016-12-28', '', 14, 54, 59, 2, 3, 5, 24, 0, ''),
(1259, 841, '190.1.4/159', '76/60', '2017-01-02', '', 14, 54, 59, 1, 1, 2, 4, 0, ''),
(1260, 841, '190.1.4/159', '76/60', '2017-01-02', '', 14, 54, 59, 2, 3, 5, 25, 0, 'มีการลดยอด จำนวน 2,626.- บาท จาก 6,564.-'),
(1261, 841, '190.1.4/159', '76/60', '2017-01-02', '', 14, 54, 59, 2, 3, 5, 108, 0, ''),
(1262, 841, '190.1.4/159', '76/60', '2017-01-02', '', 14, 54, 59, 2, 3, 5, 27, 0, ''),
(1263, 841, '190.1.4/159', '76/60', '2017-01-02', '', 14, 60, 68, 1, 1, 2, 4, 0, ''),
(1264, 841, '190.1.4/159', '76/60', '2017-01-02', '', 14, 60, 68, 2, 3, 5, 25, 0, 'มีการลดยอด จำนวน 1,967.- บาท  จาก 4,917.- บาท'),
(1265, 841, '190.1.4/159', '76/60', '2017-01-02', '', 14, 60, 68, 2, 3, 5, 27, 0, ''),
(1266, 841, '190.1.4/159', '76/60', '2017-01-02', '', 14, 54, 59, 1, 1, 2, 2, 0, ''),
(1267, 841, '190.1.4/159', '76/60', '2017-01-02', '', 14, 54, 59, 1, 1, 3, 103, 0, ''),
(1269, 841, '190.1.4/159', '76/60', '2017-01-02', '', 14, 60, 68, 2, 3, 5, 26, 0, ''),
(1270, 841, '190.1.4/159', '76/60', '2017-01-02', '', 14, 60, 68, 1, 1, 2, 2, 0, ''),
(1271, 841, '190.1.4/159', '76/60', '2017-01-02', '', 14, 60, 68, 1, 1, 3, 103, 0, ''),
(1272, 841, '190.1.4/159', '76/60', '2017-01-02', '', 14, 54, 59, 2, 3, 5, 26, 0, ''),
(1273, 841, '190.1.4/159', '76/60', '2017-01-02', '', 14, 60, 68, 2, 3, 5, 26, 0, ''),
(1274, 842, '190.1.4/158', '77/60', '2017-01-02', '', 14, 54, 59, 2, 3, 4, 20, 0, ''),
(1276, 843, '190.1.4/157', '78/60', '2017-01-02', '', 14, 54, 59, 2, 3, 4, 5, 0, ''),
(1277, 843, '190.1.4/157', '78/60', '2017-01-02', '', 14, 54, 59, 2, 3, 4, 7, 0, ''),
(1278, 844, '190.1.4/156', '79/60', '2017-01-02', '', 14, 54, 59, 2, 3, 4, 109, 0, ''),
(1279, 820, '190.2.10/131', '80/60', '2017-01-02', '', 14, 55, 61, 2, 3, 5, 121, 0, 'ตามคำสั่ง 1432/54'),
(1280, 776, '190.2.10/092.1', '81/60', '2017-01-02', '', 14, 55, 61, 2, 3, 5, 121, 0, 'ตามคำสั่ง 1432/54'),
(1281, 784, '190.2.9/019', '82/60', '2017-01-02', '', 14, 55, 61, 2, 3, 5, 121, 0, 'ตามคำสั่ง 1432/54'),
(1282, 845, '190.1.1/001', '83/60', '2017-01-05', '', 14, 54, 59, 2, 3, 5, 24, 0, 'คำสั่ง 1432/54'),
(1283, 846, '190.1.1/067', '84/60', '2017-01-05', '', 14, 54, 59, 4, 6, 14, 85, 0, 'คำสั่ง 1432/54'),
(1284, 847, '190.1.4/006', '86/60', '2017-01-16', '', 14, 57, 65, 4, 6, 14, 127, 0, ''),
(1285, 848, '193/002', '87/60', '2017-01-06', '', 14, 55, 61, 4, 6, 14, 81, 0, ''),
(1286, 818, '193/123', '88/60', '2017-01-11', '', 14, 60, 68, 5, 7, 15, 129, 0, 'คำสั่ง 1432/54'),
(1287, 849, '190.1.1/003', '89/60', '2017-01-16', '', 14, 54, 59, 2, 3, 5, 24, 0, 'คำสั่ง 1432/54'),
(1288, 850, '190.1.2/002', '90/60', '2017-01-12', '', 14, 54, 59, 2, 3, 6, 47, 0, 'คำสั่ง 1432/54'),
(1289, 858, '190.1.4/012', '91/60', '2017-01-26', '', 14, 54, 59, 2, 3, 4, 109, 0, ''),
(1290, 859, '190.1.4/013', '92/60', '2017-01-26', '', 14, 54, 59, 2, 3, 4, 5, 0, ''),
(1291, 859, '190.1.4/013', '92/60', '2017-01-26', '', 14, 54, 59, 2, 3, 4, 7, 0, ''),
(1306, 861, '190.1.5/021', '94/60', '2017-01-10', '', 14, 54, 59, 2, 3, 6, 119, 0, 'คำสั่ง  1432/54'),
(1307, 851, '190.1.1/002', '95/60', '2017-01-12', '', 14, 54, 59, 4, 6, 14, 85, 0, 'คำสั่ง 1432/54'),
(1308, 862, '190.2.3/003', '96/60', '2017-01-17', '', 14, 56, 64, 4, 6, 14, 86, 0, 'คำสั่ง 1432/54'),
(1309, 863, '190.2.3/004', '97/60', '2017-01-17', '', 14, 56, 64, 4, 6, 14, 87, 0, 'คำสั่ง 1432/54'),
(1310, 773, '190.3/022', '98/60', '2017-01-23', '', 14, 60, 68, 2, 3, 5, 23, 0, ''),
(1311, 771, '190.3/023', '99/60', '2017-01-23', '', 14, 60, 68, 2, 3, 6, 54, 0, 'คำสั่ง 1432/54'),
(1312, 772, '190.3/024', '100/60', '2017-01-23', '', 14, 60, 68, 2, 3, 5, 128, 0, ''),
(1314, 868, '190.1.4/020', '101/60', '2017-02-03', '', 14, 54, 59, 2, 4, 7, 130, 0, ''),
(1315, 870, '190.1.2/167', '102/60', '2016-12-20', '', 14, 54, 59, 2, 3, 4, 9, 0, ''),
(1316, 871, '193/012', '103/60', '2017-01-27', '', 14, 54, 59, 2, 3, 5, 117, 0, ''),
(1317, 872, '190.1.1/005', '104/60', '2017-02-06', '', 14, 54, 59, 2, 3, 5, 24, 0, '1432/54'),
(1319, 873, '190.1.1/008', '105/60', '2017-02-10', '', 14, 54, 59, 2, 3, 5, 24, 0, ''),
(1320, 874, '190.1.5/058', '106/60', '2017-01-25', '', 14, 54, 59, 2, 3, 6, 47, 0, ''),
(1321, 838, '190.1.8/004', '107/60', '2016-12-22', '', 14, 54, 59, 4, 6, 14, 85, 0, ''),
(1322, 869, '190.1.4/014', '108/60', '2017-02-01', '', 14, 54, 59, 1, 1, 2, 4, 0, ''),
(1323, 869, '190.1.4/014', '108/60', '2017-02-01', '', 14, 54, 59, 1, 1, 2, 2, 0, ''),
(1324, 869, '190.1.4/014', '108/60', '2017-02-01', '', 14, 54, 59, 1, 1, 3, 103, 0, ''),
(1325, 869, '190.1.4/014', '108/60', '2017-02-01', '', 14, 54, 59, 2, 3, 5, 25, 0, ''),
(1326, 869, '190.1.4/014', '108/60', '2017-02-01', '', 14, 54, 59, 2, 3, 5, 108, 0, ''),
(1327, 869, '190.1.4/014', '108/60', '2017-02-01', '', 14, 54, 59, 2, 3, 5, 27, 0, ''),
(1328, 869, '190.1.4/014', '108/60', '2017-02-01', '', 14, 54, 59, 2, 3, 5, 26, 0, ''),
(1329, 869, '190.1.4/014', '108/60', '2017-02-01', '', 14, 60, 68, 1, 1, 2, 2, 0, ''),
(1330, 869, '190.1.4/014', '108/60', '2017-02-01', '', 14, 60, 68, 1, 1, 2, 4, 0, ''),
(1331, 869, '190.1.4/014', '108/60', '2017-02-01', '', 14, 60, 68, 2, 3, 5, 25, 0, ''),
(1332, 869, '190.1.4/014', '108/60', '2017-02-01', '', 14, 60, 68, 1, 1, 3, 103, 0, ''),
(1333, 869, '190.1.4/014', '108/60', '2017-02-01', '', 14, 60, 68, 2, 3, 5, 108, 0, ''),
(1334, 869, '190.1.4/014', '108/60', '2017-02-01', '', 14, 60, 68, 2, 3, 5, 27, 0, ''),
(1335, 869, '190.1.4/014', '108/60', '2017-02-01', '', 14, 60, 68, 2, 3, 5, 26, 0, ''),
(1336, 884, '190.1.5/059', '109/60', '2017-02-20', '', 14, 56, 64, 4, 6, 14, 82, 0, ''),
(1337, 885, '190.1.5/061.1', '110/60', '2017-02-20', '', 14, 55, 61, 2, 3, 6, 53, 0, ''),
(1338, 886, '190.1.5/083', '111/60', '2017-02-07', '', 14, 55, 61, 2, 3, 6, 55, 0, ''),
(1339, 887, '190.1.5/084', '112/60', '2017-02-20', '', 14, 55, 61, 2, 3, 5, 41, 0, ''),
(1340, 888, '190.1.1/010', '113/60', '2017-02-21', '', 14, 54, 59, 2, 3, 5, 24, 0, 'ตามคำสั่ง 1432/60'),
(1341, 889, '190.1.1/009', '114/60', '2017-02-17', '', 14, 54, 59, 2, 3, 5, 24, 0, 'คำสั่ง 1432/54'),
(1342, 890, '190.1.5/104', '115/60', '2017-02-21', '', 14, 54, 59, 2, 3, 5, 117, 0, 'คำสั่ง 1432/54'),
(1343, 856, '190.3/025', '116/60', '2017-02-28', '', 14, 60, 68, 5, 7, 15, 129, 0, 'คำสั่ง 1432/54'),
(1344, 771, '190.3/036', '117/60', '2017-02-21', '', 14, 60, 68, 2, 3, 6, 54, 0, 'คำสั่ง 1432/54'),
(1345, 891, '190.3/035', '118/60', '2017-02-17', '', 14, 60, 68, 2, 3, 6, 54, 0, ''),
(1346, 773, '190.3/037', '119/60', '2017-02-28', '', 14, 60, 68, 2, 3, 5, 23, 0, ''),
(1347, 772, '190.3/038', '120/60', '2017-02-28', '', 14, 60, 68, 2, 3, 5, 128, 0, ''),
(1348, 867, '190.3/026', '121/60', '2017-02-28', '', 14, 54, 60, 5, 7, 15, 96, 0, ''),
(1349, 892, '190.1.2/022', '122/60', '2017-02-23', '', 14, 55, 61, 2, 3, 5, 31, 0, 'คำสั่ง 1432/54'),
(1350, 893, '190.2.9/010', '123/60', '2017-02-24', '', 14, 54, 59, 2, 3, 5, 30, 0, ''),
(1351, 894, '190.1.1/012', '124/60', '2017-02-24', '', 14, 54, 59, 2, 3, 5, 30, 0, ''),
(1352, 895, '190.1.2/021', '125/60', '2017-02-27', '', 14, 54, 59, 2, 3, 4, 9, 0, ''),
(1353, 898, '150/1952', '334/60', '2016-09-30', '', 13, 47, 50, 2, 4, 7, 76, 0, 'คณะดำเนินการปรับปรุง หลังวันที่ 30 ก.ย. 60'),
(1359, 876, '190.1.1/006', '126/60', '2017-03-06', '', 14, 54, 59, 4, 6, 14, 85, 0, 'คำสั่ง 1432/54'),
(1360, 911, '190.1.1/014', '127/60', '2017-03-06', '', 14, 54, 59, 2, 3, 5, 24, 0, 'คำสั่ง 1432/54'),
(1361, 912, '190.1.5/121', '128/60', '2017-03-08', '', 14, 54, 59, 2, 3, 5, 23, 0, ''),
(1362, 913, '190.1.4/043', '129/60', '2017-03-03', '', 14, 54, 59, 2, 3, 4, 5, 0, ''),
(1363, 913, '190.1.4/043', '129/60', '2017-03-03', '', 14, 54, 59, 2, 3, 4, 7, 0, ''),
(1364, 914, '190.1.4/042', '130/60', '2017-03-03', '', 14, 54, 59, 2, 3, 4, 109, 0, ''),
(1365, 915, '190.1.4/044', '131/60', '2017-03-03', '', 14, 54, 59, 1, 1, 2, 2, 0, ''),
(1366, 915, '190.1.4/044', '131/60', '2017-03-03', '', 14, 54, 59, 1, 1, 3, 103, 0, ''),
(1367, 915, '190.1.4/044', '131/60', '2017-03-03', '', 14, 54, 59, 2, 3, 5, 25, 0, ''),
(1368, 915, '190.1.4/044', '131/60', '2017-03-03', '', 14, 54, 59, 2, 3, 5, 26, 0, ''),
(1369, 915, '190.1.4/044', '131/60', '2017-03-03', '', 14, 54, 59, 1, 1, 2, 4, 0, ''),
(1370, 915, '190.1.4/044', '131/60', '2017-03-03', '', 14, 54, 59, 2, 3, 5, 108, 0, ''),
(1371, 915, '190.1.4/044', '131/60', '2017-03-03', '', 14, 54, 59, 2, 3, 5, 27, 0, ''),
(1372, 915, '190.1.4/044', '131/60', '2017-03-03', '', 14, 60, 68, 1, 1, 2, 2, 0, ''),
(1373, 915, '190.1.4/044', '131/60', '2017-03-03', '', 14, 60, 68, 1, 1, 3, 103, 0, ''),
(1374, 915, '190.1.4/044', '131/60', '2017-03-03', '', 14, 60, 68, 2, 3, 5, 25, 0, ''),
(1375, 915, '190.1.4/044', '131/60', '2017-03-03', '', 14, 60, 68, 2, 3, 5, 26, 0, ''),
(1376, 915, '190.1.4/044', '131/60', '2017-03-03', '', 14, 60, 68, 1, 1, 2, 4, 0, ''),
(1377, 915, '190.1.4/044', '131/60', '2017-03-03', '', 14, 60, 68, 2, 3, 5, 108, 0, ''),
(1378, 915, '190.1.4/044', '131/60', '2017-03-03', '', 14, 60, 68, 2, 3, 5, 27, 0, ''),
(1379, 916, '190.1.5/045', '132/60', '2017-03-09', '', 14, 55, 61, 2, 3, 6, 55, 0, 'คำสั่ง 1432/54'),
(1380, 917, '190.3/019', '133/60', '2017-03-10', '', 14, 54, 60, 5, 7, 15, 96, 0, ''),
(1381, 918, '190.1.5/849', '134/60', '2017-03-10', '', 14, 54, 59, 2, 3, 6, 47, 0, ''),
(1382, 919, '190.1.5/125', '135/60', '2017-03-08', '', 14, 54, 59, 2, 3, 6, 47, 0, ''),
(1383, 920, '190.1.5/865', '136/60', '2017-03-10', '', 14, 54, 59, 2, 3, 6, 47, 0, ''),
(1384, 815, '190.2.14/036', '137/60', '2017-03-06', '', 14, 56, 64, 4, 6, 14, 82, 0, 'คำสั่ง 1432/54'),
(1385, 921, '190.2.3/018', '138/60', '2017-03-10', '', 14, 56, 64, 4, 6, 14, 87, 0, ''),
(1386, 922, '190.3/068', '139/60', '2017-03-16', '', 14, 55, 61, 4, 6, 14, 81, 0, ''),
(1387, 897, '190.1.7/002', '140/60', '2017-03-17', '', 14, 54, 60, 5, 7, 15, 98, 0, 'คำสั่ง 1432/54'),
(1388, 902, '190.1.8/001', '141/60', '2017-03-17', '', 14, 54, 59, 4, 6, 14, 85, 0, 'คำสั่ง 1432/54'),
(1389, 923, '190.1.4/047', '142/60', '2017-03-17', '', 14, 54, 59, 2, 3, 5, 31, 0, 'คำสั่ง 1432/54'),
(1390, 924, '190.1.4/046', '143/60', '2017-03-20', '', 14, 54, 59, 2, 4, 7, 130, 0, ''),
(1391, 925, '190.1.4/047.1', '144/60', '2017-03-20', '', 14, 54, 59, 2, 4, 7, 130, 0, ''),
(1392, 896, '190.2.3/011', '145/60', '2017-03-22', '', 14, 56, 64, 4, 6, 14, 82, 0, ''),
(1393, 903, '190.1.8/002', '146/60', '2017-03-22', '', 14, 54, 59, 4, 6, 14, 85, 0, 'คำสั่ง 1432/54'),
(1394, 926, '190.1.1/015', '147/60', '2017-03-21', '', 14, 54, 59, 2, 3, 5, 24, 0, 'คำสั่ง 1432/54'),
(1395, 927, '190.1.4/048', '148/60', '2017-03-22', '', 14, 54, 59, 2, 4, 7, 130, 0, ''),
(1396, 771, '190.3/077', '149/60', '2017-03-21', '', 14, 60, 68, 2, 3, 6, 54, 0, 'คำสั่ง 1432/54'),
(1397, 772, '190.3/079', '150/60', '2017-03-21', '', 14, 60, 68, 2, 3, 5, 128, 0, ''),
(1398, 773, '190.3/078', '151/60', '2017-03-21', '', 14, 60, 68, 2, 3, 5, 23, 0, ''),
(1399, 928, '190.1.2/027', '152/60', '2017-03-08', '', 14, 54, 59, 2, 3, 4, 9, 0, ''),
(1400, 932, '190.2.3/023', '153/60', '2017-04-03', '', 14, 56, 64, 4, 6, 14, 82, 0, 'คำสั่ง 1432/54'),
(1401, 899, '190.2.10/015', '154/60', '2017-04-03', '', 14, 55, 61, 2, 3, 5, 121, 0, 'คำสั่ง 1432/54'),
(1402, 882, '190.2.9/005', '155/60', '2017-04-03', '', 14, 55, 61, 2, 3, 5, 121, 0, 'คำสั่ง 1432/54'),
(1403, 853, '190.2.10/020', '156/60', '2017-04-03', '', 14, 55, 61, 2, 3, 4, 12, 0, ''),
(1404, 880, '190.2.9/001', '157/60', '2017-04-03', '', 14, 55, 61, 2, 3, 4, 14, 0, ''),
(1405, 883, '190.2.10/024', '158/60', '2017-04-03', '', 14, 55, 61, 2, 3, 4, 12, 0, ''),
(1406, 854, '190.2.10/019', '159/60', '2017-04-03', '', 14, 55, 61, 2, 3, 4, 12, 0, ''),
(1407, 879, '190.2.10/021', '160/60', '2017-04-03', '', 14, 55, 61, 2, 3, 4, 12, 0, ''),
(1408, 930, '190.2.9/011', '161/60', '2017-04-03', '', 14, 55, 61, 2, 3, 4, 14, 0, ''),
(1409, 855, '190.2.10/022', '162/60', '2017-04-03', '', 14, 55, 61, 2, 3, 4, 12, 0, ''),
(1410, 881, '190.2.9/007', '163/60', '2017-04-03', '', 14, 55, 61, 2, 3, 4, 14, 0, ''),
(1411, 943, '190.1.4/041.1', '164/60', '2017-04-03', '', 14, 55, 61, 2, 3, 4, 14, 0, ''),
(1412, 933, '190.2.6/014', '165/60', '2017-04-05', '', 14, 54, 60, 5, 7, 15, 98, 0, 'คำสั่ง 1432/54'),
(1413, 944, '190.1.1/017', '166/60', '2017-04-03', '', 14, 54, 59, 2, 3, 5, 24, 0, 'คำสั่ง 1432/54'),
(1414, 936, '190.1.2/041', '167/60', '2017-04-03', '', 14, 54, 59, 2, 3, 5, 31, 0, 'คำสั่ง 1432/54'),
(1415, 945, '190.1.4/060', '168/60', '2017-04-10', '', 14, 54, 59, 2, 3, 4, 5, 0, ''),
(1416, 877, '190.2.10/025', '169/60', '2017-04-03', '', 14, 55, 61, 2, 3, 4, 12, 0, ''),
(1417, 946, '190.1.4/043.2', '169/60', '2017-04-10', '', 14, 55, 61, 2, 3, 4, 14, 0, ''),
(1418, 904, '190.3/058', '170/60', '2017-04-20', '', 14, 54, 60, 5, 7, 15, 96, 0, ''),
(1419, 947, '190.1.1/019', '171/60', '2017-04-11', '', 14, 54, 59, 2, 3, 5, 24, 0, 'คำสั่ง 1432/54'),
(1420, 937, '190.1.2/043', '172/60', '2017-04-05', '', 14, 54, 59, 2, 3, 4, 9, 0, ''),
(1421, 948, '190.1.4/063', '173/60', '2017-04-25', '', 14, 54, 59, 2, 4, 7, 130, 0, ''),
(1422, 771, '190.3/106', '174/60', '2017-04-24', '', 14, 60, 68, 2, 3, 6, 54, 0, 'คำสั่ง 1432/54'),
(1423, 772, '190.3/107', '175/60', '2017-04-24', '', 14, 60, 68, 2, 3, 5, 128, 0, ''),
(1424, 773, '190.3/105', '176/60', '2017-04-24', '', 14, 60, 68, 2, 3, 5, 23, 0, ''),
(1425, 949, '190.1.1/020', '177/60', '2017-04-25', '', 14, 54, 59, 2, 3, 5, 24, 0, 'ตามคำสั่ง 1432/54'),
(1426, 950, '190.1.2/052', '178/60', '2017-04-27', '', 14, 54, 59, 4, 6, 14, 85, 0, 'คำสั่ง 1432/54'),
(1427, 929, '190.1.2/029', '179/60', '2017-04-27', '', 14, 54, 59, 2, 3, 5, 116, 0, 'ตามคำสั่ง 1432/54'),
(1428, 951, '190.1.4/056', '180/60', '2017-04-05', '', 14, 54, 59, 1, 1, 2, 4, 0, ''),
(1429, 951, '190.1.4/056', '180/60', '2017-04-05', '', 14, 54, 59, 1, 1, 2, 2, 0, ''),
(1430, 951, '190.1.4/056', '180/60', '2017-04-05', '', 14, 54, 59, 2, 3, 5, 25, 0, ''),
(1431, 951, '190.1.4/056', '180/60', '2017-04-05', '', 14, 54, 59, 1, 1, 3, 103, 0, ''),
(1432, 951, '190.1.4/056', '180/60', '2017-04-05', '', 14, 54, 59, 2, 3, 5, 26, 0, ''),
(1433, 951, '190.1.4/056', '180/60', '2017-04-05', '', 14, 54, 59, 2, 3, 5, 108, 0, ''),
(1434, 951, '190.1.4/056', '180/60', '2017-04-05', '', 14, 54, 59, 2, 3, 5, 27, 0, ''),
(1435, 951, '190.1.4/056', '180/60', '2017-04-05', '', 14, 60, 68, 1, 1, 2, 4, 0, ''),
(1436, 951, '190.1.4/056', '180/60', '2017-04-05', '', 14, 60, 68, 1, 1, 2, 2, 0, ''),
(1437, 951, '190.1.4/056', '180/60', '2017-04-05', '', 14, 60, 68, 1, 1, 3, 103, 0, ''),
(1438, 951, '190.1.4/056', '180/60', '2017-04-05', '', 14, 60, 68, 2, 3, 5, 25, 0, ''),
(1439, 951, '190.1.4/056', '180/60', '2017-04-05', '', 14, 60, 68, 2, 3, 5, 26, 0, ''),
(1440, 951, '190.1.4/056', '180/60', '2017-04-05', '', 14, 60, 68, 2, 3, 5, 27, 0, ''),
(1441, 951, '190.1.4/056', '180/60', '2017-04-05', '', 14, 60, 68, 2, 3, 5, 108, 0, ''),
(1442, 952, '190.1.2/146', '1/60', '2016-10-03', '', 15, 62, 71, 4, 8, 21, 180, 0, ''),
(1443, 1033, '190.1.4/067', '181/60', '2017-05-01', '', 14, 54, 59, 2, 3, 4, 5, 0, ''),
(1444, 1033, '190.1.4/067', '181/60', '2017-05-01', '', 14, 54, 59, 2, 3, 4, 7, 0, ''),
(1445, 1034, '190.1.4/068', '182/60', '2017-05-01', '', 14, 54, 59, 2, 3, 4, 5, 0, ''),
(1451, 1035, '190.1.4/066', '183/60', '2017-05-01', '', 14, 54, 59, 2, 3, 4, 109, 0, ''),
(1452, 934, '190.2.3/029', '184/60', '2017-05-08', '', 14, 56, 64, 4, 6, 14, 82, 0, ''),
(1453, 939, '190.2.3/031', '185/60', '2017-05-05', '', 14, 56, 64, 4, 6, 14, 82, 0, 'ตามคำสั่ง 1432/54'),
(1454, 940, '190.2.3/035', '186/60', '2017-05-08', '', 14, 56, 64, 4, 6, 14, 82, 0, 'คำสั่ง 1432/54'),
(1455, 875, '190.2.4/006', '187/60', '2017-05-08', '', 14, 58, 66, 4, 6, 14, 89, 0, 'คำสั่ง 1432/54'),
(1456, 935, '190.2.3/028', '188/60', '2017-05-08', '', 14, 59, 67, 4, 6, 14, 92, 0, 'คำสั่ง 1432/54'),
(1457, 1036, '190.1.4/071', '189/60', '2017-05-09', '', 14, 54, 59, 2, 4, 7, 130, 0, ''),
(1458, 931, '190.2.3/022', '190/60', '2017-05-05', '', 14, 56, 64, 4, 6, 14, 82, 0, 'คำสั่ง 1432/54'),
(1459, 1025, '190.2.3/034', '191/60', '2017-05-09', '', 14, 56, 64, 4, 6, 14, 82, 0, 'คำสั่ง 1432/54'),
(1461, 1037, '190.1.1/022', '193/60', '2017-05-15', '', 14, 54, 59, 2, 3, 5, 24, 0, 'คำสั่ง 1432/54'),
(1462, 1038, '190.1.1/024', '194/60', '2017-05-29', '', 14, 54, 59, 2, 3, 5, 24, 0, 'คำสั่ง 1432/54'),
(1463, 1039, '190.1.4/069.1', '195/60', '2017-05-01', '', 14, 55, 61, 2, 3, 4, 14, 0, ''),
(1464, 1040, '190.2.3/049', '196/60', '2017-05-22', '', 14, 56, 64, 4, 6, 14, 87, 0, ''),
(1465, 1041, '190.2.3/050', '197/60', '2017-05-22', '', 14, 56, 64, 4, 6, 14, 86, 0, ''),
(1466, 1042, '190.1.4/065', '198/60', '2017-05-01', '', 14, 54, 59, 1, 1, 2, 4, 0, ''),
(1467, 1042, '190.1.4/065', '198/60', '2017-05-01', '', 14, 54, 59, 1, 1, 2, 2, 0, ''),
(1468, 1042, '190.1.4/065', '198/60', '2017-05-01', '', 14, 54, 59, 1, 1, 3, 103, 0, ''),
(1469, 1042, '190.1.4/065', '198/60', '2017-05-01', '', 14, 54, 59, 2, 3, 5, 25, 0, ''),
(1470, 1042, '190.1.4/065', '198/60', '2017-05-01', '', 14, 54, 59, 2, 3, 5, 108, 0, ''),
(1471, 1042, '190.1.4/065', '198/60', '2017-05-01', '', 14, 54, 59, 2, 3, 5, 27, 0, ''),
(1472, 1042, '190.1.4/065', '198/60', '2017-05-01', '', 14, 54, 59, 2, 3, 5, 26, 0, ''),
(1473, 1042, '190.1.4/065', '198/60', '2017-05-01', '', 14, 60, 68, 1, 1, 2, 2, 0, ''),
(1474, 1042, '190.1.4/065', '198/60', '2017-05-01', '', 14, 60, 68, 1, 1, 2, 2, 0, ''),
(1475, 1042, '190.1.4/065', '198/60', '2017-05-01', '', 14, 60, 68, 1, 1, 3, 103, 0, ''),
(1476, 1042, '190.1.4/065', '198/60', '2017-05-01', '', 14, 60, 68, 2, 3, 5, 25, 0, ''),
(1477, 1042, '190.1.4/065', '198/60', '2017-05-01', '', 14, 60, 68, 2, 3, 5, 108, 0, ''),
(1478, 1042, '190.1.4/065', '198/60', '2017-05-01', '', 14, 60, 68, 2, 3, 5, 27, 0, ''),
(1479, 1042, '190.1.4/065', '198/60', '2017-05-01', '', 14, 60, 68, 2, 3, 5, 26, 0, ''),
(1480, 941, '190.2.9/013', '199/60', '2017-05-30', '', 14, 55, 61, 2, 3, 4, 14, 0, ''),
(1481, 1030, '190.2.10/031', '200/60', '2017-05-30', '', 14, 55, 61, 2, 3, 5, 121, 0, ' คำสั่ง 1432/54'),
(1482, 899, '190.2.10/015.1', '201/60', '2017-05-31', '', 14, 55, 61, 2, 3, 5, 121, 0, 'คำสั่ง 1432/54'),
(1483, 855, '190.2.10/037', '202/60', '2017-05-31', '', 14, 55, 61, 2, 3, 4, 15, 0, ''),
(1484, 878, '190.2.10/035', '203/60', '2017-05-31', '', 14, 55, 61, 2, 3, 4, 12, 0, ''),
(1485, 882, '190.2.9/005', '204/60', '2017-05-31', '', 14, 55, 61, 2, 3, 5, 121, 0, 'คำสั่ง 1432/54'),
(1486, 1044, '190.2.3/047', '205/60', '2017-05-31', '', 14, 54, 59, 4, 6, 14, 85, 0, 'ตามคำสั่ง 1432/54'),
(1487, 852, '190.2.10/032', '206/60', '2017-05-31', '', 14, 55, 61, 2, 3, 4, 12, 0, 'คำสั่ง 1432/54'),
(1488, 942, '190.2.10/033', '207/60', '2017-05-31', '', 14, 55, 61, 2, 3, 4, 15, 0, ''),
(1489, 901, '190.2.3/016', '208/60', '2017-05-31', '', 14, 56, 64, 4, 6, 14, 82, 0, 'คำสั่ง 1432/54'),
(1490, 1045, '190.3/118', '209/60', '2017-05-31', '', 14, 54, 60, 5, 7, 15, 96, 0, ''),
(1491, 772, '190.3/133', '210/60', '2017-05-29', '', 14, 60, 68, 2, 3, 5, 128, 0, ''),
(1492, 773, '190.3/132', '211/60', '2017-05-26', '', 14, 60, 68, 2, 3, 5, 23, 0, ''),
(1493, 771, '190.3/131', '212/60', '2017-05-26', '', 14, 60, 68, 2, 3, 6, 54, 0, 'ตามคำสั่ง 1432/54'),
(1494, 1046, '193/062', '213/60', '2017-05-30', '', 14, 56, 63, 5, 7, 15, 97, 0, ''),
(1495, 1047, '190.1.2/063', '214/60', '2017-05-31', '', 14, 54, 59, 2, 3, 4, 9, 0, ''),
(1496, 1048, '190.3/121', '215/60', '2017-05-30', '', 14, 54, 60, 5, 7, 15, 96, 0, ''),
(1497, 1049, '190.1.4/053', '216/60', '2017-05-01', '', 14, 54, 59, 2, 3, 4, 5, 0, ''),
(1498, 1049, '190.1.4/053', '216/60', '2017-05-01', '', 14, 54, 59, 2, 3, 4, 7, 0, ''),
(1499, 1050, '190.1.4/052', '215/60', '2017-05-01', '', 14, 54, 59, 2, 3, 4, 109, 0, ''),
(1500, 1021, '190.2.10/029', '217/60', '2017-06-05', '', 14, 55, 61, 2, 3, 4, 11, 0, ''),
(1501, 1028, '190.2.3/036', '218/60', '2017-06-24', '', 14, 56, 64, 4, 6, 14, 82, 0, 'คำสั่ง 1432/54'),
(1502, 1093, '193/087', '219/60', '2017-06-05', '', 14, 55, 61, 4, 6, 14, 81, 0, ''),
(1503, 1094, '190.1.5/305', '220/60', '2017-06-07', '', 14, 55, 61, 2, 3, 6, 55, 0, ''),
(1504, 1095, '190.1.2/072', '221/60', '2017-06-02', '', 14, 54, 59, 2, 3, 4, 14, 0, ''),
(1505, 1096, '190.1.4/076', '222/60', '2017-06-01', '', 14, 54, 59, 2, 3, 4, 5, 0, ''),
(1506, 1097, '190.1.4/074', '223/60', '2017-06-01', '', 14, 54, 59, 2, 3, 4, 109, 0, ''),
(1507, 1098, '190.1.4/077', '224/60', '2017-06-01', '', 14, 54, 59, 1, 1, 2, 2, 0, ''),
(1508, 1098, '190.1.4/077', '224/60', '2017-06-01', '', 14, 54, 59, 1, 1, 3, 103, 0, ''),
(1509, 1098, '190.1.4/077', '224/60', '2017-06-01', '', 14, 54, 59, 2, 3, 5, 25, 0, ''),
(1510, 1098, '190.1.4/077', '224/60', '2017-06-01', '', 14, 54, 59, 2, 3, 5, 26, 0, ''),
(1511, 1098, '190.1.4/077', '224/60', '2017-06-01', '', 14, 54, 59, 2, 3, 5, 108, 0, ''),
(1512, 1098, '190.1.4/077', '224/60', '2017-06-01', '', 14, 54, 59, 2, 3, 5, 27, 0, ''),
(1513, 1098, '190.1.4/077', '224/60', '2017-06-01', '', 14, 54, 59, 1, 1, 2, 4, 0, ''),
(1514, 1098, '190.1.4/077', '224/60', '2017-06-01', '', 14, 60, 68, 1, 1, 2, 4, 0, ''),
(1515, 1098, '190.1.4/077', '224/60', '2017-06-01', '', 14, 60, 68, 2, 3, 5, 25, 0, ''),
(1516, 1098, '190.1.4/077', '224/60', '2017-06-01', '', 14, 60, 68, 2, 3, 5, 25, 0, ''),
(1517, 1098, '190.1.4/077', '224/60', '2017-06-01', '', 14, 60, 68, 2, 3, 5, 108, 0, ''),
(1518, 1098, '190.1.4/077', '224/60', '2017-06-01', '', 14, 60, 68, 2, 3, 5, 27, 0, ''),
(1519, 1098, '190.1.4/077', '224/60', '2017-06-01', '', 14, 60, 68, 1, 1, 2, 2, 0, ''),
(1520, 1098, '190.1.4/077', '224/60', '2017-06-01', '', 14, 60, 68, 1, 1, 3, 103, 0, ''),
(1521, 1098, '190.1.4/077', '224/60', '2017-06-01', '', 14, 60, 68, 2, 3, 5, 26, 0, ''),
(1522, 1099, '190.1.4/079', '225/60', '2017-06-16', '', 14, 54, 59, 2, 4, 7, 130, 0, ''),
(1523, 1100, '190.3/123', '226/60', '2017-06-09', '', 14, 60, 68, 2, 3, 6, 54, 0, ''),
(1524, 1012, '193/042', '227/60', '2017-06-07', '', 14, 56, 63, 5, 7, 15, 97, 0, ''),
(1525, 1101, '190.1.5/214', '228/60', '2017-06-14', '', 14, 55, 61, 2, 3, 6, 55, 0, ''),
(1526, 1068, '190.1.2/066', '229/60', '2017-06-09', '', 14, 55, 61, 2, 3, 5, 31, 0, 'คำสั่ง 1432/54'),
(1527, 1027, '190.3/095', '230/60', '2017-06-07', '', 14, 54, 60, 5, 7, 15, 96, 0, ''),
(1528, 1015, '193/041', '231/60', '2017-06-07', '', 14, 56, 63, 5, 7, 15, 97, 0, ''),
(1529, 1102, '190.1.1/027', '232/60', '2017-06-14', '', 14, 54, 59, 2, 3, 5, 24, 0, 'คำสั่ง 1432/54'),
(1530, 1103, '190.1.1/026', '233/60', '2017-06-09', '', 14, 54, 59, 2, 3, 5, 24, 0, ''),
(1531, 1071, '190.1.2/073', '234/60', '2017-06-06', '', 14, 54, 59, 2, 3, 4, 9, 0, ''),
(1532, 1104, '190.1.5/351', '235/60', '2017-06-08', '', 14, 55, 61, 2, 3, 6, 55, 0, ''),
(1533, 1069, '193/081', '236/60', '2017-06-16', '', 14, 56, 63, 5, 7, 15, 97, 0, ''),
(1534, 1105, '190.1.2/082', '237/60', '2017-06-14', '', 14, 54, 59, 2, 3, 5, 22, 0, ''),
(1535, 771, '190.3/157', '238/60', '2017-06-21', '', 14, 60, 68, 2, 3, 6, 54, 0, ''),
(1536, 772, '190.3/156', '236/60', '2017-06-21', '', 14, 60, 68, 2, 3, 5, 128, 0, ''),
(1537, 773, '190.3/158', '240/60', '2017-06-21', '', 14, 60, 68, 2, 3, 5, 23, 0, ''),
(1538, 1106, '190.1.1/029', '241/60', '2017-06-27', '', 14, 54, 59, 2, 4, 7, 130, 0, ''),
(1539, 1107, '190.1.4/075', '242/60', '2017-06-01', '', 14, 54, 59, 2, 3, 4, 5, 0, ''),
(1540, 1107, '190.1.4/075', '242/60', '2017-06-01', '', 14, 54, 59, 2, 3, 4, 7, 0, ''),
(1541, 433, '190.1.4/239', '7/59', '2015-11-02', '', 13, 47, 50, 1, 1, 2, 4, 0, ''),
(1542, 693, '190.1.4/096', '238/60', '2016-07-04', '', 13, 47, 50, 1, 1, 2, 4, 0, ''),
(1543, 693, '190.1.4/096', '238/59', '2016-07-04', '', 13, 53, 56, 1, 1, 2, 4, 0, ''),
(1544, 1057, '190.1.1/030', '243/60', '2017-07-03', '', 14, 54, 59, 2, 3, 5, 24, 0, 'คำสั่ง 1432/54'),
(1545, 1056, '190.1.2/088', '244/60', '2017-07-03', '', 14, 54, 59, 2, 3, 5, 30, 0, ''),
(1546, 1073, '190.3/147', '245/60', '2017-07-18', '', 14, 54, 60, 5, 7, 15, 96, 0, ''),
(1547, 1082, '190.2.5/012', '246/60', '2017-07-11', '', 14, 54, 59, 4, 6, 14, 84, 0, ''),
(1548, 1090, '190.1.2/094', '247/60', '2017-07-14', '', 14, 54, 59, 2, 3, 5, 116, 0, ''),
(1549, 1115, '190.1.1/032', '248/60', '2017-07-13', '', 14, 54, 59, 2, 3, 5, 24, 0, ''),
(1550, 1116, '016/60-00152', '249/60', '2017-07-20', '', 14, 54, 59, 2, 3, 5, 22, 0, ''),
(1551, 1117, '190.1.4/094', '250/60', '2017-07-24', '', 14, 54, 59, 2, 4, 7, 130, 0, ''),
(1552, 771, '190.3/183', '251/60', '2017-07-25', '', 14, 60, 68, 2, 3, 6, 54, 0, ''),
(1553, 773, '190.3/184', '252/60', '2017-07-25', '', 14, 60, 68, 2, 3, 5, 23, 0, ''),
(1554, 772, '190.3/185', '253/60', '2017-07-24', '', 14, 60, 68, 2, 3, 5, 128, 0, ''),
(1555, 1118, '190.1.2/101', '254/60', '2017-07-18', '', 14, 56, 63, 2, 3, 4, 114, 0, ''),
(1556, 1070, '190.1.1/034', '255/60', '2017-07-21', '', 14, 54, 59, 2, 3, 5, 24, 0, ''),
(1557, 1119, '190.1.5/386', '256/60', '2017-07-14', '', 14, 55, 61, 2, 3, 5, 37, 0, ''),
(1558, 1120, '190.1.4/087', '257/60', '2017-07-03', '', 14, 54, 59, 2, 3, 4, 5, 0, ''),
(1559, 1121, '190.1.4/086', '258/60', '2017-07-03', '', 14, 54, 59, 2, 3, 4, 109, 0, ''),
(1560, 1122, '190.1.4/085', '259/60', '2017-07-03', '', 14, 54, 59, 2, 3, 4, 5, 0, ''),
(1561, 1122, '190.1.4/085', '259/60', '2017-07-03', '', 14, 54, 59, 2, 3, 4, 7, 0, ''),
(1562, 1123, '190.1.4/084', '260/60', '2017-07-03', '', 14, 54, 59, 1, 1, 2, 2, 0, ''),
(1563, 1123, '190.1.4/084', '260/60', '2017-07-03', '', 14, 54, 59, 1, 1, 2, 4, 0, ''),
(1564, 1123, '190.1.4/084', '260/60', '2017-07-03', '', 14, 54, 59, 1, 1, 3, 103, 0, ''),
(1565, 1123, '190.1.4/084', '260/60', '2017-07-03', '', 14, 54, 59, 2, 3, 5, 25, 0, ''),
(1566, 1123, '190.1.4/084', '260/60', '2017-07-03', '', 14, 54, 59, 2, 3, 5, 26, 0, ''),
(1567, 1123, '190.1.4/084', '260/60', '2017-07-03', '', 14, 54, 59, 2, 3, 5, 108, 0, ''),
(1568, 1123, '190.1.4/084', '260/60', '2017-07-03', '', 14, 54, 59, 2, 3, 5, 27, 0, ''),
(1569, 1123, '190.1.4/084', '260/60', '2017-07-03', '', 14, 60, 68, 1, 1, 2, 2, 0, ''),
(1570, 1123, '190.1.4/084', '260/60', '2017-07-03', '', 14, 60, 68, 1, 1, 2, 4, 0, ''),
(1571, 1123, '190.1.4/084', '260/60', '2017-07-03', '', 14, 60, 68, 1, 1, 3, 103, 0, ''),
(1572, 1123, '190.1.4/084', '260/60', '2017-07-03', '', 14, 60, 68, 2, 3, 5, 25, 0, ''),
(1573, 1123, '190.1.4/084', '260/60', '2017-07-03', '', 14, 60, 68, 2, 3, 5, 26, 0, ''),
(1574, 1123, '190.1.4/084', '260/60', '2017-07-03', '', 14, 60, 68, 2, 3, 5, 108, 0, ''),
(1575, 1123, '190.1.4/084', '260/60', '2017-07-03', '', 14, 60, 68, 2, 3, 5, 27, 0, ''),
(1576, 1070, '190.1.1/036', '261/60', '2017-08-04', '', 14, 54, 59, 2, 3, 5, 24, 0, 'คำสั่ง 1432/54'),
(1577, 1070, '190.1.1/035', '262/60', '2017-07-25', '', 14, 54, 59, 2, 3, 5, 24, 0, 'ตามคำสั่ง 1432/54'),
(1578, 1114, '190.1.5/466', '263/60', '2017-07-25', '', 14, 55, 61, 3, 5, 8, 123, 0, ''),
(1579, 1114, '190.1.5/466', '263/60', '2017-07-25', '', 14, 55, 61, 3, 5, 8, 123, 0, ''),
(1580, 1114, '190.1.5/466', '263/60', '2017-07-25', '', 14, 55, 61, 3, 5, 8, 123, 0, ''),
(1581, 1060, '190.2.3/063', '264/60', '2017-06-29', '', 14, 56, 64, 4, 6, 14, 82, 0, 'ตามคำสั่ง 1432/54'),
(1582, 1125, '193/123.2', '265/60', '2017-08-09', '', 14, 56, 63, 5, 7, 15, 97, 0, ''),
(1583, 1070, '190.1.1/038', '266/60', '2017-08-09', '', 14, 54, 59, 2, 3, 5, 24, 0, 'คำสั่ง 1432/54'),
(1584, 1126, '193/117', '267/60', '2017-08-07', '', 14, 54, 59, 2, 3, 5, 117, 0, 'ตามคำสั่ง 1432/60'),
(1585, 1127, '190.1.4/103', '268/60', '2017-08-16', '', 14, 54, 59, 2, 4, 7, 130, 0, ''),
(1586, 1128, '190.1.4/096', '267/60', '2017-08-01', '', 14, 54, 59, 2, 3, 4, 5, 0, ''),
(1587, 1129, '190.1.4/095', '268/60', '2017-08-01', '', 14, 54, 59, 2, 3, 4, 5, 0, ''),
(1588, 1129, '190.1.4/095', '268/60', '2017-08-01', '', 14, 54, 59, 2, 3, 4, 7, 0, ''),
(1589, 1130, '190.1.4/097', '269/60', '2017-08-01', '', 14, 54, 59, 2, 3, 4, 109, 0, ''),
(1590, 1111, '190.1.5/455', '270/60', '2017-08-01', '', 14, 55, 61, 3, 5, 8, 123, 0, ''),
(1591, 1072, '190.2.2/037', '271/60', '2017-08-25', '', 14, 56, 64, 4, 6, 14, 83, 0, ''),
(1592, 1083, '193/', '272/60', '2017-08-17', '', 14, 56, 63, 5, 7, 15, 97, 0, ''),
(1593, 1131, '190.1.2/122', '273/60', '2017-08-15', '', 14, 54, 59, 2, 3, 5, 117, 0, ''),
(1594, 1070, '190.1.1/041', '274/60', '2017-08-25', '', 14, 54, 59, 2, 3, 5, 24, 0, 'คำสั่ง 1432/54'),
(1595, 771, '190.3/194', '275/60', '2017-08-22', '', 14, 60, 68, 2, 3, 6, 54, 0, ''),
(1596, 773, '190.3/195', '276/60', '2017-08-22', '', 14, 60, 68, 2, 3, 5, 23, 0, ''),
(1597, 772, '190.3/196', '277/60', '2017-08-22', '', 14, 60, 68, 2, 3, 5, 128, 0, ''),
(1598, 1132, '193/124.1', '278/60', '2017-08-21', '', 14, 56, 63, 5, 7, 15, 97, 0, ''),
(1599, 1133, '191.2.14/011.1', '279/60', '2017-08-28', '', 14, 55, 61, 2, 3, 4, 14, 0, ''),
(1600, 1052, '190.2.9/018.1', '280/60', '2017-08-28', '', 14, 55, 61, 2, 3, 4, 14, 0, ''),
(1601, 1134, '190.1.4/098', '281/60', '2017-08-01', '', 14, 54, 59, 1, 1, 2, 2, 0, ''),
(1602, 1134, '190.1.4/098', '281/60', '2017-08-01', '', 14, 54, 59, 1, 1, 2, 4, 0, ''),
(1603, 1134, '190.1.4/098', '281/60', '2017-08-01', '', 14, 54, 59, 1, 1, 3, 103, 0, ''),
(1604, 1134, '190.1.4/098', '281/60', '2017-08-01', '', 14, 54, 59, 2, 3, 5, 25, 0, ''),
(1605, 1134, '190.1.4/098', '281/60', '2017-08-01', '', 14, 54, 59, 2, 3, 5, 26, 0, ''),
(1606, 1134, '190.1.4/098', '281/60', '2017-08-01', '', 14, 54, 59, 2, 3, 5, 108, 0, ''),
(1607, 1134, '190.1.4/098', '281/60', '2017-08-01', '', 14, 54, 59, 2, 3, 5, 27, 0, ''),
(1608, 1134, '190.1.4/098', '281/60', '2017-08-01', '', 14, 60, 68, 1, 1, 2, 2, 0, ''),
(1610, 1134, '190.1.4/098', '281/60', '2017-08-01', '', 14, 60, 68, 1, 1, 3, 103, 0, ''),
(1611, 1134, '190.1.4/098', '281/60', '2017-08-01', '', 14, 60, 68, 1, 1, 2, 4, 0, ''),
(1612, 1134, '190.1.4/098', '281/60', '2017-08-01', '', 14, 60, 68, 2, 3, 5, 25, 0, ''),
(1613, 1134, '190.1.4/098', '281/60', '2017-08-01', '', 14, 60, 68, 2, 3, 5, 26, 0, ''),
(1614, 1134, '190.1.4/098', '281/60', '2017-08-01', '', 14, 60, 68, 2, 3, 5, 108, 0, ''),
(1615, 1134, '190.1.4/098', '281/60', '2017-08-01', '', 14, 60, 68, 2, 3, 5, 27, 0, ''),
(1616, 1135, '190.1.4/105', '283/60', '2017-08-31', '', 14, 54, 59, 4, 9, 19, 172, 0, ''),
(1617, 1135, '190.1.4/105', '283/60', '2017-08-31', '', 14, 54, 59, 4, 9, 19, 172, 0, ''),
(1618, 1135, '190.1.4/105', '283/60', '2017-08-31', '', 14, 54, 59, 2, 4, 7, 130, 0, ''),
(1619, 1139, '190.1.4/110', '284/60', '2017-09-04', '', 14, 54, 59, 2, 3, 4, 109, 0, ''),
(1620, 1138, '190.1.4/107', '285/60', '2017-09-04', '', 14, 54, 59, 2, 3, 4, 5, 0, ''),
(1621, 1137, '190.1.4/109', '286/60', '2017-09-04', '', 14, 54, 59, 2, 3, 4, 5, 0, ''),
(1622, 1137, '190.1.4/109', '286/60', '2017-09-04', '', 14, 54, 59, 2, 3, 4, 7, 0, ''),
(1623, 1061, '190.2.3/062', '287/60', '2017-09-08', '', 14, 56, 64, 4, 6, 14, 82, 0, 'คำสั่ง 1432/54'),
(1624, 1142, '190.1.4/104', '288/60', '2017-09-11', '', 14, 55, 61, 2, 3, 5, 31, 0, ''),
(1625, 1070, '190.1.1/042', '289/60', '2017-09-04', '', 14, 54, 59, 2, 3, 5, 24, 0, 'คำสั่ง 1432/54'),
(1626, 1136, '190.1.4/108', '290/60', '2017-09-04', '', 14, 54, 59, 1, 1, 2, 2, 0, ''),
(1627, 1136, '190.1.4/108', '290/60', '2017-09-04', '', 14, 54, 59, 1, 1, 2, 4, 0, ''),
(1628, 1136, '190.1.4/108', '290/60', '2017-09-04', '', 14, 54, 59, 1, 1, 3, 103, 0, ''),
(1629, 1136, '190.1.4/108', '290/60', '2017-09-04', '', 14, 60, 68, 1, 1, 2, 4, 0, ''),
(1630, 1136, '190.1.4/108', '290/60', '2017-09-04', '', 14, 60, 68, 1, 1, 2, 2, 0, ''),
(1631, 1136, '190.1.4/108', '290/60', '2017-09-04', '', 14, 60, 68, 1, 1, 3, 103, 0, ''),
(1632, 1136, '190.1.4/108', '290/60', '2017-09-04', '', 14, 54, 59, 2, 3, 5, 25, 0, ''),
(1633, 1136, '190.1.4/108', '290/60', '2017-09-04', '', 14, 54, 59, 2, 3, 5, 26, 0, ''),
(1634, 1136, '190.1.4/108', '290/60', '2017-09-04', '', 14, 54, 59, 2, 3, 5, 108, 0, ''),
(1635, 1136, '190.1.4/108', '290/60', '2017-09-04', '', 14, 54, 59, 2, 3, 5, 27, 0, ''),
(1636, 1136, '190.1.4/108', '290/60', '2017-09-04', '', 14, 60, 68, 2, 3, 5, 25, 0, ''),
(1637, 1136, '190.1.4/108', '290/60', '2017-09-04', '', 14, 60, 68, 2, 3, 5, 26, 0, ''),
(1638, 1136, '190.1.4/108', '290/60', '2017-09-04', '', 14, 60, 68, 2, 3, 5, 108, 0, ''),
(1639, 1136, '190.1.4/108', '290/60', '2017-09-04', '', 14, 60, 68, 2, 3, 5, 27, 0, ''),
(1640, 1081, '190.2.4/022', '291/60', '2017-09-07', '', 14, 58, 66, 4, 6, 14, 89, 0, 'คำสั่ง 1432/54'),
(1641, 1143, '193/134', '292/60', '2017-09-07', '', 14, 55, 61, 4, 6, 14, 81, 0, ''),
(1642, 1140, '190.1.5/532', '293/60', '2017-09-07', '', 14, 54, 59, 2, 3, 6, 47, 0, ''),
(1643, 1070, '190.1.1/043', '294/60', '2017-09-11', '', 14, 54, 59, 2, 3, 5, 24, 0, 'คำสั่ง 1432/54'),
(1644, 1144, '190.1.4/114', '295/60', '2017-09-15', '', 14, 54, 59, 2, 4, 7, 130, 0, ''),
(1645, 1144, '190.1.4/114', '295/60', '2017-09-15', '', 14, 54, 59, 2, 4, 7, 130, 0, ''),
(1646, 1144, '190.1.4/114', '295/60', '2017-09-15', '', 14, 54, 59, 2, 4, 7, 130, 0, ''),
(1647, 1144, '190.1.4/114', '295/60', '2017-09-15', '', 14, 54, 59, 2, 4, 7, 130, 0, ''),
(1648, 1145, '190.2.3/060', '296/60', '2017-09-14', '', 14, 56, 64, 4, 6, 14, 82, 0, ''),
(1649, 1147, '190.1.5/565', '298/60', '2017-09-15', '', 14, 54, 59, 2, 3, 6, 47, 0, ''),
(1650, 1148, '190.1.2/095', '299/60', '2017-09-18', '', 14, 54, 59, 2, 3, 5, 29, 0, ''),
(1651, 1149, '190.1.1/044', '300/60', '2017-09-13', '', 14, 54, 59, 2, 3, 5, 24, 0, 'คำสั่ง 1432/54'),
(1652, 1055, '190.2.3/067', '301/60', '2017-09-19', '', 14, 59, 67, 4, 6, 14, 92, 0, 'คำสั่ง 1432/54'),
(1653, 1087, '190.1.2/091', '302/60', '2017-09-21', '', 14, 54, 59, 4, 6, 14, 85, 0, 'ตามคำสั่ง 1432/54'),
(1654, 1150, '190.1.4/115', '303/60', '2017-09-21', '', 14, 54, 59, 2, 3, 5, 31, 0, ''),
(1655, 1089, '190.1.2/093', '304/60', '2017-09-21', '', 14, 54, 59, 2, 3, 4, 9, 0, ''),
(1656, 1080, '190.2.3/068', '305/60', '2017-09-15', '', 14, 59, 67, 4, 6, 14, 92, 0, 'คำสั่ง 1432/54'),
(1657, 1054, '190.2.3/066', '306/60', '2017-09-21', '', 14, 56, 64, 4, 6, 14, 82, 0, 'คำสั่ง 1432/54'),
(1658, 1062, '190.2.3/064', '307/60', '2017-09-21', '', 14, 56, 64, 4, 6, 14, 82, 0, 'คำสั่ง 1432/54'),
(1659, 1151, '190.1.5//551', '308/60', '2017-09-21', '', 14, 55, 61, 2, 3, 6, 55, 0, ''),
(1660, 1152, '190.1.1/045', '309/60', '2017-09-21', '', 14, 54, 59, 2, 4, 7, 130, 0, ''),
(1661, 1153, '190.1.5/547', '310/60', '2017-09-18', '', 14, 54, 59, 2, 3, 5, 29, 0, 'คำสั่ง 1432/54'),
(1662, 1070, '190.1.1/046', '311/60', '2017-09-21', '', 14, 54, 59, 2, 3, 5, 24, 0, 'ตามคำสั่ง 1432/54'),
(1663, 1154, '190.1.2/137', '312/60', '2017-09-18', '', 14, 54, 59, 2, 3, 5, 22, 0, ''),
(1664, 1085, '190.1.2/089', '313/60', '2017-09-21', '', 14, 54, 59, 2, 3, 5, 29, 0, ''),
(1665, 1155, '190.1.2/136', '314/60', '2017-09-15', '', 14, 54, 59, 2, 3, 5, 22, 0, ''),
(1666, 771, '190.3/219', '315/60', '2017-09-21', '', 14, 60, 68, 2, 3, 6, 54, 0, 'ตามคำสั่ง 1432/54'),
(1667, 772, '190.3/217', '316/60', '2017-09-21', '', 14, 60, 68, 2, 3, 5, 128, 0, ''),
(1668, 773, '190.3/218', '317/60', '2017-09-21', '', 14, 60, 68, 2, 3, 5, 23, 0, ''),
(1669, 1156, '190.2.3/103', '318/60', '2017-09-26', '', 14, 56, 62, 4, 6, 14, 82, 0, ''),
(1670, 1157, '193/141', '319/60', '2017-09-26', '', 14, 55, 61, 4, 6, 14, 81, 0, ''),
(1671, 1051, '190.2.9/017', '320/60', '2017-09-25', '', 14, 55, 61, 2, 3, 5, 121, 0, 'คำสั่ง 1432/54'),
(1672, 1066, '190.2.10/047', '321/60', '2017-09-25', '', 14, 55, 61, 2, 3, 5, 121, 0, 'คำสั่ง 1432/54'),
(1673, 1113, '190.2.10/050', '322/60', '2017-09-25', '', 14, 55, 61, 2, 3, 5, 22, 0, ''),
(1674, 1077, '190.2.10/063', '323/60', '2017-09-25', '', 14, 55, 61, 2, 3, 4, 12, 0, ''),
(1675, 1158, '190.2.10/063.1', '324/60', '2017-09-19', '', 14, 55, 61, 2, 3, 4, 12, 0, ''),
(1676, 1075, '190.2.10/065', '325/60', '2017-09-26', '', 14, 55, 61, 2, 3, 4, 12, 0, ''),
(1677, 1079, '190.2.10/061', '326/60', '2017-09-25', '', 14, 55, 61, 2, 3, 4, 12, 0, ''),
(1678, 1067, '190.2.10/067.1', '327/60', '2017-09-26', '', 14, 55, 61, 2, 3, 4, 12, 0, ''),
(1679, 1076, '190.2.10/068', '328/60', '2017-09-26', '', 14, 55, 61, 2, 3, 4, 12, 0, ''),
(1680, 1159, '193/139', '329/60', '2017-09-25', '', 14, 55, 61, 2, 3, 4, 14, 0, ''),
(1681, 1065, '190.2.10/045', '330/60', '2017-09-25', '', 14, 55, 61, 2, 3, 4, 14, 0, ''),
(1682, 1110, '190.2.9/019.1', '331/60', '2017-09-25', '', 14, 55, 61, 2, 3, 4, 14, 0, ''),
(1683, 1160, '190.2.10/001', '332/60', '2017-09-25', '', 14, 54, 59, 2, 4, 7, 130, 0, ''),
(1684, 1078, '190.1.7/010', '333/60', '2017-09-25', '', 14, 54, 59, 2, 3, 5, 118, 0, 'คำสั่ง 1432/54'),
(1685, 1161, '190.1.2/135', '334/60', '2017-09-15', '', 14, 54, 59, 2, 3, 4, 111, 0, ''),
(1686, 1059, '190.2.3/066.1', '335/60', '2017-09-27', '', 14, 56, 64, 4, 6, 14, 82, 0, ''),
(1687, 1063, '190.1.5/423.1', '336/60', '2017-09-27', '', 14, 55, 61, 2, 3, 6, 55, 0, ''),
(1688, 1063, '190.1.5/426.1', '337/60', '2017-09-28', '', 14, 55, 61, 2, 3, 6, 55, 0, ''),
(1689, 1162, '190.1.5/500', '338/60', '2017-09-28', '', 14, 55, 61, 2, 3, 6, 55, 0, ''),
(1690, 1163, '190.1.5/499', '339/60', '2017-09-27', '', 14, 55, 61, 2, 3, 6, 55, 0, ''),
(1691, 1164, '190.1.5/561', '340/60', '2017-09-27', '', 14, 55, 61, 2, 3, 5, 22, 0, ''),
(1692, 1108, '190.2.2/110', '341/60', '2017-09-27', '', 14, 55, 61, 2, 3, 4, 12, 0, ''),
(1693, 1109, '190.1.5/451', '342/60', '2017-09-27', '', 14, 54, 59, 2, 3, 6, 47, 0, ''),
(1694, 1124, '190.1.5/475', '343/60', '2017-09-28', '', 14, 54, 59, 2, 3, 6, 47, 0, ''),
(1695, 1165, '190.1.5/566', '344/60', '2017-09-27', '', 14, 54, 59, 2, 3, 6, 47, 0, ''),
(1696, 1166, '190.1.2/139', '345/60', '2017-09-27', '', 14, 54, 59, 2, 3, 5, 29, 0, ''),
(1697, 1146, '1903/135', '297/60', '2017-09-07', '', 14, 55, 61, 4, 6, 14, 81, 0, ''),
(1698, 1058, '190.2.3/030', '192/60', '2017-05-30', '', 14, 56, 64, 4, 6, 14, 82, 0, ''),
(1699, 1168, '190.1.4/121', '1/61', '2017-10-03', '', 16, 63, 73, 2, 3, 4, 5, 0, ''),
(1700, 1169, '190.1.4/121', '1/61', '2017-10-03', '', 16, 63, 73, 2, 3, 4, 7, 0, ''),
(1701, 1167, '190.1.4/122', '2/61', '2017-10-03', '', 16, 63, 73, 2, 3, 4, 7, 0, ''),
(1702, 1223, '190.1.4/127', '3/61', '2017-10-10', '', 16, 63, 73, 1, 1, 2, 4, 0, ''),
(1703, 1223, '190.1.4/127', '3/61', '2017-10-10', '', 16, 63, 73, 1, 1, 2, 2, 0, ''),
(1704, 1223, '190.1.4/127', '3/61', '2017-10-10', '', 16, 63, 73, 1, 1, 3, 103, 0, ''),
(1705, 1223, '190.1.4/127', '3/61', '2017-10-10', '', 16, 63, 73, 2, 3, 5, 25, 0, ''),
(1706, 1223, '190.1.4/127', '3/61', '2017-10-10', '', 16, 63, 73, 2, 3, 5, 26, 0, ''),
(1707, 1223, '190.1.4/127', '361', '2017-10-10', '', 16, 63, 73, 2, 3, 5, 27, 0, ''),
(1708, 1223, '190.1.4/127', '3/61', '2017-10-10', '', 16, 69, 82, 1, 1, 2, 4, 0, ''),
(1709, 1223, '190.1.4/127', '3/61', '2017-10-10', '', 16, 69, 82, 1, 1, 2, 2, 0, ''),
(1710, 1223, '190.1.4/127', '3/61', '2017-10-10', '', 16, 69, 82, 1, 1, 3, 103, 0, ''),
(1711, 1223, '190.1.4/127', '3/61', '2017-10-10', '', 16, 69, 82, 2, 3, 5, 25, 0, ''),
(1712, 1223, '190.1.4/127', '3/61', '2017-10-10', '', 16, 69, 82, 2, 3, 5, 26, 0, ''),
(1713, 1223, '190.1.4/127', '3/61', '2017-10-10', '', 16, 69, 82, 2, 3, 5, 27, 0, ''),
(1714, 1223, '190.1.4/127', '3/61', '2017-10-10', '', 16, 69, 82, 2, 3, 5, 108, 0, ''),
(1715, 1223, '190.1.4/127', '3/61', '2017-10-10', '', 16, 63, 73, 2, 3, 5, 108, 0, ''),
(1716, 1179, '190.2.14/017', '4/61', '2017-10-09', '', 16, 64, 75, 2, 3, 4, 14, 0, ''),
(1717, 1176, '190.1.1/047', '5/61', '2017-10-17', '', 16, 63, 73, 4, 6, 14, 85, 0, 'คำสั่ง 1432/54'),
(1718, 1185, '190.1.1/049', '6/61', '2017-10-17', '', 16, 63, 73, 2, 4, 7, 130, 0, ''),
(1719, 1218, '190.1.1/051', '7/61', '2017-10-20', '', 16, 63, 73, 2, 3, 5, 24, 0, 'คำสั่ง 1432/54'),
(1720, 1224, '190.1.1/050', '8/61', '2017-10-18', '', 16, 63, 73, 2, 3, 5, 24, 0, 'คำสั่ง 1432/54'),
(1721, 1186, '190.1.1/048', '9/61', '2017-10-17', '', 16, 63, 73, 2, 3, 5, 24, 0, 'คำสั่ง 1432/54'),
(1722, 1225, '190.1.2/149', '10/61', '2017-10-20', '', 16, 63, 73, 2, 3, 4, 9, 0, ''),
(1723, 1221, '190.1.4/131', '11/61', '2017-10-24', '', 16, 63, 73, 2, 3, 4, 109, 0, ''),
(1724, 1222, '190.1.4/132', '12/61', '2017-10-20', '', 16, 63, 73, 2, 3, 4, 7, 0, 'ตามคำสั่ง 1432/54'),
(1725, 1203, '190.1.5/581', '1/61', '2017-10-30', '', 17, 71, 85, 4, 8, 22, 178, 0, ''),
(1726, 1203, '190.1.5/581', '1/61', '2017-10-30', '', 17, 71, 85, 4, 8, 22, 178, 0, ''),
(1727, 1203, '190.1.5/581', '1/61', '2017-10-30', '', 17, 71, 85, 4, 8, 22, 178, 0, ''),
(1728, 1203, '190.1.5/581', '1/61', '2017-10-30', '', 17, 71, 85, 4, 8, 22, 178, 0, ''),
(1729, 1203, '190.1.5/581', '1/61', '2017-10-30', '', 17, 71, 85, 4, 8, 22, 178, 0, ''),
(1730, 1199, '190.1.5/586', '2/61', '2017-10-30', '', 17, 71, 85, 4, 8, 21, 181, 0, ''),
(1731, 1208, '190.1.5/600', '3/61', '2017-10-30', '', 17, 71, 85, 4, 8, 21, 181, 0, ''),
(1732, 1238, '190.1.4/133', '13/61', '2017-10-24', '', 14, 54, 59, 2, 4, 7, 130, 0, ''),
(1733, 1205, '190.1.4/124', '4/61', '2017-11-01', '', 17, 70, 83, 4, 8, 18, 186, 0, ''),
(1734, 1201, '190.1.5/591', '5/61', '2017-11-01', '', 17, 71, 85, 4, 8, 22, 178, 0, '');
INSERT INTO `trn_disbursement` (`id`, `approve_id`, `doc_number`, `file_number`, `doc_date`, `invoice_number`, `budget_main_id`, `mgt_plans_id`, `mgt_product_id`, `costs_id`, `costs_group_id`, `costs_type_id`, `costs_lists_id`, `costs_sublist_id`, `note`) VALUES
(1735, 1200, '190.1.5/590', '6/61', '2017-11-01', '', 17, 71, 85, 4, 8, 21, 181, 0, ''),
(1736, 1210, '190.1.5/608', '7/61', '2017-11-01', '', 17, 71, 85, 4, 8, 22, 178, 0, ''),
(1737, 1194, '190.1.5/587', '8/61', '2017-11-01', '', 17, 71, 85, 4, 8, 21, 182, 0, ''),
(1738, 1243, '190.1.5/579', '9/61', '2017-11-01', '', 17, 71, 85, 4, 8, 21, 179, 0, ''),
(1739, 1197, '190.1.5/613', '10/61', '2017-11-01', '', 17, 71, 85, 4, 8, 22, 178, 0, ''),
(1740, 1244, '190.1.5/580', '11/61', '2017-11-01', '', 17, 71, 85, 4, 8, 21, 182, 0, ''),
(1741, 1192, '190.1.5/582', '12/61', '2017-11-01', '', 17, 71, 85, 4, 8, 22, 178, 0, ''),
(1742, 1245, '190.3/251', '14/61', '2017-11-01', '', 16, 69, 82, 2, 3, 6, 54, 0, 'คำสั่ง 1432/54'),
(1743, 1246, '190.3/248', '15/61', '2017-11-01', '', 16, 69, 82, 2, 3, 6, 54, 0, 'ตามคำสั่ง 1432/54'),
(1744, 1247, '190.3/247', '16/61', '2017-11-01', '', 16, 69, 82, 2, 3, 5, 23, 0, ''),
(1745, 1248, '190.3/246', '17/61', '2017-11-01', '', 16, 69, 82, 2, 3, 5, 128, 0, ''),
(1746, 1211, '190.1.5/603', '18/61', '2017-11-01', '', 16, 64, 75, 2, 3, 6, 57, 0, 'คำสั่ง 1432/54'),
(1747, 1249, '190.1.1/052', '19/61', '2017-11-01', '', 16, 63, 73, 2, 3, 5, 24, 0, 'คำสั่ง  1432/54'),
(1748, 1177, '190.1.2/150', '20/61', '2017-11-01', '', 16, 63, 73, 2, 3, 4, 111, 0, ''),
(1749, 1206, '190.1.5/626', '13/61', '2017-11-08', '', 17, 71, 85, 4, 8, 22, 178, 0, ''),
(1750, 1257, '190.1.5/645', '14/61', '2017-11-08', '', 17, 71, 85, 4, 8, 21, 182, 0, ''),
(1751, 1226, '190.1.5/628', '15/61', '2017-11-08', '', 17, 71, 85, 4, 8, 22, 178, 0, ''),
(1752, 1226, '190.1.5/629', '16/61', '2017-11-08', '', 17, 71, 85, 4, 8, 22, 178, 0, ''),
(1753, 1209, '190.1.5/601', '17/61', '2017-11-01', '', 17, 71, 85, 4, 8, 21, 182, 0, ''),
(1754, 1202, '190.1.5/575', '18/61', '2017-11-06', '', 17, 71, 85, 4, 8, 21, 182, 0, ''),
(1755, 1229, '190.1.5/622', '19/61', '2017-11-06', '', 17, 71, 85, 4, 8, 22, 178, 0, ''),
(1756, 1204, '190.1.5/585', '20/61', '2017-11-01', '', 17, 71, 85, 4, 8, 21, 181, 0, ''),
(1757, 1207, '190.1.5/599', '21/61', '2017-11-01', '', 17, 71, 85, 4, 8, 21, 182, 0, ''),
(1758, 1256, '190.1.5/642', '22/61', '2017-11-08', '', 17, 71, 85, 4, 8, 22, 178, 0, ''),
(1759, 1263, '190.2.9/027.1', '23/61', '2017-11-03', '', 17, 70, 83, 4, 8, 18, 186, 0, ''),
(1760, 1189, '190.2.10/101', '24/61', '2017-11-06', '', 17, 70, 83, 4, 8, 18, 186, 0, ''),
(1761, 1188, '190.2.10/097', '25/61', '2017-11-03', '', 17, 70, 83, 4, 8, 18, 186, 0, ''),
(1762, 1242, '193/149', '24/61', '2017-11-10', '', 17, 70, 83, 4, 8, 18, 186, 0, ''),
(1763, 1254, '190.1.4/136', '21/61', '2017-11-06', '', 16, 63, 73, 2, 3, 4, 7, 0, ''),
(1764, 1251, '190.1.4/138', '22/61', '2017-11-06', '', 16, 63, 73, 2, 3, 4, 7, 0, ''),
(1765, 1252, '190.1.4/135', '23/61', '2017-11-06', '', 16, 63, 73, 2, 3, 4, 5, 0, ''),
(1766, 1253, '190.1.4/135', '23/61', '2017-11-06', '', 16, 63, 73, 2, 3, 4, 7, 0, ''),
(1767, 1250, '190.1.4/137', '24/61', '2017-11-06', '', 16, 63, 73, 2, 3, 4, 109, 0, ''),
(1768, 1175, '190.2.10/087', '25/61', '2017-11-03', '', 16, 64, 75, 2, 3, 5, 121, 0, ''),
(1769, 1219, '190.2.9/026', '26/61', '2017-11-03', '', 16, 64, 75, 2, 3, 5, 121, 0, ''),
(1770, 1174, '190.2.10/098', '27/61', '2017-11-06', '', 16, 64, 75, 2, 3, 4, 12, 0, ''),
(1771, 1268, '190.1.4/124.1', '28/61', '2017-11-01', '', 16, 64, 75, 2, 3, 4, 14, 0, ''),
(1772, 1178, '190.2.10/096', '29/61', '2017-11-03', '', 16, 64, 75, 2, 3, 4, 12, 0, ''),
(1773, 1171, '190.2.10/095', '30/61', '2017-11-03', '', 16, 64, 75, 2, 3, 4, 12, 0, ''),
(1774, 1217, '190.2.9/027', '31/61', '2017-11-03', '', 16, 64, 75, 2, 3, 4, 14, 0, ''),
(1775, 1214, '190.2.10/099', '32/61', '2017-11-06', '', 16, 64, 75, 2, 3, 4, 12, 0, ''),
(1776, 1258, '190.1.1/053', '33/61', '2017-11-08', '', 16, 63, 73, 2, 3, 5, 24, 0, ''),
(1777, 1269, '190.1.7/019', '34/61', '2017-11-06', '', 16, 63, 73, 2, 3, 5, 118, 0, ''),
(1778, 1270, '190.1.4/139', '35/61', '2017-11-08', '', 16, 63, 73, 1, 1, 2, 4, 0, ''),
(1779, 1270, '190.1.4/139', '35/61', '2017-11-08', '', 16, 63, 73, 1, 1, 2, 2, 0, ''),
(1780, 1270, '190.1.4/139', '35/61', '2017-11-08', '', 16, 63, 73, 2, 3, 5, 25, 6, ''),
(1781, 1270, '190.1.4/139', '35/61', '2017-11-08', '', 16, 63, 73, 1, 1, 3, 103, 0, ''),
(1782, 1270, '190.1.4/139', '35/61', '2017-11-08', '', 16, 63, 73, 2, 3, 5, 26, 5, ''),
(1783, 1270, '190.1.4/139', '35/61', '2017-11-08', '', 16, 63, 73, 2, 3, 5, 108, 0, ''),
(1784, 1270, '190.1.4/139', '35/61', '2017-11-08', '', 16, 63, 73, 2, 3, 5, 27, 0, ''),
(1785, 1270, '190.1.4/139', '35/61', '2017-11-08', '', 16, 69, 82, 1, 1, 2, 4, 0, ''),
(1786, 1270, '190.1.4/139', '35/61', '2017-11-08', '', 16, 69, 82, 1, 1, 2, 4, 0, ''),
(1787, 1270, '190.1.4/139', '35/61', '2017-11-08', '', 16, 69, 82, 1, 1, 3, 103, 0, ''),
(1788, 1270, '190.1.4/139', '35/61', '2017-11-08', '', 16, 69, 82, 2, 3, 5, 25, 6, ''),
(1789, 1270, '190.1.4/139', '35/61', '2017-11-08', '', 16, 69, 82, 2, 3, 5, 26, 0, ''),
(1790, 1270, '190.1.4/139', '35/61', '2017-11-08', '', 16, 69, 82, 2, 3, 5, 108, 0, ''),
(1791, 1270, '190.1.4/139', '35/61', '2017-11-08', '', 16, 69, 82, 2, 3, 5, 27, 4, ''),
(1792, 1267, '193/150', '369/61', '2017-11-09', '', 16, 64, 75, 4, 6, 14, 81, 0, ''),
(1793, 1271, '193/145', '37/61', '2017-11-09', '', 16, 64, 75, 4, 6, 14, 81, 0, ''),
(1794, 1232, '190.2.10/110', '26/61', '2017-11-13', '', 17, 70, 83, 4, 8, 18, 186, 0, ''),
(1795, 1213, '190.2.10/102', '27/61', '2017-11-14', '', 17, 70, 83, 4, 8, 18, 186, 0, ''),
(1796, 1239, '193/148', '28/61', '2017-11-08', '', 17, 71, 85, 4, 8, 21, 180, 0, ''),
(1797, 1277, '190.2.10/088', '29/61', '2017-11-14', '', 17, 71, 85, 4, 8, 21, 180, 0, ''),
(1798, 1227, '190.2.10/093', '30/61', '2017-11-14', '', 17, 71, 85, 4, 8, 21, 180, 0, ''),
(1799, 1281, '190.1.4/141', '346/61', '2017-11-17', '', 14, 57, 65, 4, 6, 14, 127, 0, ''),
(1800, 1172, '190.2.10/084', '38/61', '2017-11-14', '', 16, 64, 75, 2, 3, 4, 14, 0, ''),
(1801, 1183, '190.2.10/109', '39/60', '2017-11-15', '', 16, 64, 75, 2, 3, 4, 12, 0, ''),
(1802, 1171, '190.2.10/107', '40/61', '2017-11-14', '', 16, 64, 75, 2, 3, 4, 12, 0, ''),
(1803, 1182, '190.2.10/108', '41/61', '2017-11-14', '', 16, 64, 75, 2, 3, 4, 12, 0, ''),
(1804, 1240, '190.1.8/004', '42/61', '2017-11-15', '', 16, 63, 73, 4, 6, 14, 85, 0, 'ตามคำสั่ง 1432/54'),
(1805, 1283, '190.1.1/054', '43/61', '2017-11-10', '', 16, 63, 73, 2, 4, 7, 77, 0, ''),
(1806, 1234, '190.1.2/156', '44/61', '2017-11-15', '', 16, 63, 73, 2, 3, 5, 116, 0, 'คำสั่ง 1432/54'),
(1807, 1275, '190.1.2/159', '45/61', '2017-11-15', '', 16, 63, 73, 2, 3, 4, 9, 0, ''),
(1808, 1278, '190.1.4/142', '46/61', '2017-11-17', '', 16, 66, 79, 4, 6, 14, 127, 0, ''),
(1809, 1273, '190.1.5/674', '31/61', '2017-11-22', '', 17, 71, 85, 4, 8, 22, 178, 0, ''),
(1810, 1261, '190.1.5/668', '32/61', '2017-11-22', '', 17, 71, 85, 4, 8, 21, 181, 0, ''),
(1811, 1299, '190.1.2/168', '33/61', '2017-11-20', '', 17, 71, 85, 4, 8, 21, 180, 0, ''),
(1812, 1266, '190.1.2/160', '34/61', '2017-11-13', '', 17, 71, 85, 4, 8, 21, 180, 0, ''),
(1813, 1280, '190.1.2/167', '47/61', '2017-11-22', '', 16, 64, 75, 2, 3, 5, 31, 0, ''),
(1814, 1230, '190.2.5/021', '48/61', '2017-11-21', '', 16, 63, 74, 5, 7, 15, 96, 0, ''),
(1815, 1262, '190.1.5/667', '35/61', '2017-11-27', '', 17, 71, 85, 4, 8, 22, 178, 0, ''),
(1816, 1303, '190.1.5/694', '36/61', '2017-11-22', '', 17, 71, 85, 4, 11, 25, 187, 0, ''),
(1817, 1282, '190.1.5/676', '37/61', '2017-11-22', '', 17, 70, 83, 4, 8, 18, 186, 0, ''),
(1818, 1232, '190.1.2/10/078', '38/61', '2017-11-22', '', 17, 70, 83, 4, 8, 18, 186, 0, ''),
(1819, 1189, '190.2.10/123', '39/61', '2017-11-24', '', 17, 70, 83, 4, 8, 18, 186, 0, ''),
(1820, 1187, '190.2.10/117', '40/61', '2017-11-22', '', 17, 70, 83, 4, 8, 18, 186, 0, ''),
(1821, 1188, '190.2.10/113', '41/61', '2017-11-22', '', 17, 70, 83, 4, 8, 18, 186, 0, ''),
(1822, 1260, '190.1.5/666', '42/61', '2017-11-23', '', 17, 71, 85, 4, 8, 22, 178, 0, ''),
(1823, 1272, '190.2.10/104', '43/61', '2017-11-27', '', 17, 71, 85, 4, 8, 21, 180, 0, ''),
(1824, 1286, '190.2.10/112', '44/61', '2017-11-27', '', 17, 71, 85, 4, 8, 21, 180, 0, ''),
(1825, 1304, '190.1.5/647', '49/61', '2017-11-27', '', 16, 64, 75, 3, 5, 8, 123, 0, ''),
(1826, 1246, '190.3/267', '50/61', '2017-11-24', '', 16, 69, 82, 2, 3, 6, 54, 0, ''),
(1827, 1305, '190.3/266', '51/61', '2017-11-27', '', 16, 69, 82, 2, 3, 5, 128, 0, ''),
(1828, 1247, '190.3/268', '52/61', '2017-11-27', '', 16, 69, 82, 2, 3, 5, 23, 0, ''),
(1829, 1219, '190.2.9/026', '53/61', '2017-11-27', '', 16, 64, 75, 2, 3, 5, 121, 0, ''),
(1830, 1306, '190.2.10/087.1', '54/61', '2017-11-27', '', 16, 64, 75, 2, 3, 5, 44, 0, ''),
(1831, 1214, '190.2.10/114', '55/61', '2017-11-22', '', 16, 64, 75, 2, 3, 4, 12, 0, ''),
(1832, 1181, '190.2.10/116', '56/61', '2017-11-22', '', 16, 64, 75, 2, 3, 4, 12, 0, ''),
(1833, 1182, '190.2.10/112', '57/61', '2017-11-24', '', 16, 64, 75, 2, 3, 4, 12, 0, ''),
(1834, 1174, '190.2.10/119', '58/61', '2017-11-22', '', 16, 64, 75, 2, 3, 4, 12, 0, ''),
(1835, 1237, '190.2.10/091', '59/61', '2017-11-27', '', 16, 64, 75, 2, 3, 4, 14, 0, ''),
(1836, 1171, '190.2.10/118', '60/61', '2017-11-22', '', 16, 64, 75, 2, 3, 4, 12, 0, ''),
(1837, 1307, '190.1.4/144', '61/61', '2017-11-29', '', 16, 63, 73, 2, 4, 7, 76, 0, ''),
(1838, 1295, '190.1.5/701', '45/61', '2017-12-01', '', 17, 71, 85, 4, 8, 22, 178, 0, ''),
(1839, 1295, '190.1.5/702', '46/61', '2017-12-01', '', 17, 71, 85, 4, 8, 22, 178, 0, ''),
(1840, 1291, '190.1.5/695.1', '47/61', '2017-12-04', '', 17, 71, 85, 4, 8, 22, 178, 0, ''),
(1841, 1291, '190.1.5/697', '48/61', '2017-12-04', '', 17, 71, 85, 4, 8, 22, 178, 0, ''),
(1842, 1291, '190.1.5/695', '49/61', '2017-12-06', '', 17, 71, 85, 4, 8, 22, 178, 0, ''),
(1843, 1193, '190.1.5/584', '50/61', '2017-12-01', '', 17, 71, 85, 4, 8, 22, 178, 0, ''),
(1844, 1210, '190.1.5/678', '51/61', '2017-12-01', '', 17, 71, 85, 4, 8, 22, 178, 0, ''),
(1845, 1295, '190.1.5/700', '52/61', '2017-12-01', '', 17, 71, 85, 4, 8, 22, 178, 0, ''),
(1846, 1212, '190.1.5/625.1', '53/61', '2017-12-01', '', 17, 71, 85, 4, 8, 22, 178, 0, ''),
(1847, 1236, '190.1.5/633', '54/61', '2017-12-01', '', 17, 71, 85, 4, 8, 22, 178, 0, ''),
(1848, 1193, '190.1.5/582.1', '55/61', '2017-12-01', '', 17, 71, 85, 4, 8, 22, 178, 0, ''),
(1849, 1308, '190.1.5/639', '56/61', '2017-12-01', '', 17, 71, 85, 4, 8, 21, 182, 0, ''),
(1850, 1309, '190.1.5/638', '57/61', '2017-12-01', '', 17, 71, 85, 4, 8, 21, 182, 0, ''),
(1851, 1310, '190.1.5/707', '58/61', '2017-12-01', '', 17, 71, 85, 4, 8, 22, 178, 0, ''),
(1852, 1192, '190.1.5/583.1', '59/61', '2017-12-01', '', 17, 71, 85, 4, 8, 22, 178, 0, ''),
(1853, 1235, '190.1.5/643', '60/61', '2017-12-01', '', 17, 71, 85, 4, 8, 21, 182, 0, ''),
(1854, 1311, '190.1.5/583', '61/61', '2017-12-01', '', 17, 71, 85, 4, 8, 22, 178, 0, ''),
(1855, 1236, '190.1.5/633.1', '62/61', '2017-12-01', '', 17, 71, 85, 4, 8, 22, 178, 0, ''),
(1856, 1311, '190.1.5/584.1', '63/61', '2017-12-01', '', 17, 71, 85, 4, 8, 22, 178, 0, ''),
(1857, 1312, '190.1.4/149', '62/61', '2017-12-01', '', 16, 63, 73, 2, 3, 4, 7, 0, ''),
(1858, 1313, '190.1.4/148', '63/61', '2017-12-01', '', 16, 63, 73, 2, 3, 4, 5, 0, ''),
(1859, 1313, '190.1.4/148', '63/61', '2017-12-01', '', 16, 63, 73, 2, 3, 4, 7, 0, ''),
(1860, 1314, '190.1.4/147', '64/61', '2017-12-01', '', 16, 63, 73, 2, 3, 4, 109, 0, ''),
(1861, 1315, '190.1.4/150', '65/61', '2017-12-01', '', 16, 63, 73, 2, 3, 4, 7, 0, ''),
(1862, 1317, '190.1.5/680', '67/61', '2017-12-01', '', 16, 64, 75, 2, 3, 6, 47, 0, ''),
(1863, 1318, '190.1.5/677', '68/61', '2017-12-01', '', 16, 64, 75, 2, 3, 6, 47, 0, ''),
(1864, 1319, '190.1.2/171', '69/61', '2017-12-04', '', 16, 64, 75, 2, 3, 5, 31, 0, ''),
(1865, 1170, '190.2.2/133', '70/61', '2017-12-01', '', 16, 64, 75, 2, 3, 4, 12, 0, ''),
(1866, 1320, '190.1.5/645.1', '71/61', '2017-12-01', '', 16, 63, 73, 2, 3, 6, 47, 0, ''),
(1867, 1321, '190.1.1/055', '72/61', '2017-12-01', '', 16, 63, 73, 2, 3, 5, 24, 0, ''),
(1868, 1316, '190.14.4/146', '73/61', '2017-12-01', '', 16, 63, 73, 2, 3, 5, 27, 0, ''),
(1869, 1316, '190.14.4/146', '73/61', '2017-12-01', '', 16, 69, 82, 2, 3, 5, 27, 0, ''),
(1870, 1316, '190.14/4/146', '73/61', '2017-12-01', '', 16, 63, 73, 2, 3, 5, 108, 0, ''),
(1871, 1316, '190.14.4/146', '73/61', '2017-12-01', '', 16, 63, 73, 2, 3, 5, 25, 0, ''),
(1872, 1316, '190.14.4/146', '73/61', '2017-12-01', '', 16, 69, 82, 2, 3, 5, 25, 0, ''),
(1873, 1316, '190.14.4/146', '73/61', '2017-12-01', '', 16, 63, 73, 1, 1, 3, 103, 0, ''),
(1874, 1316, '190.14.4/146', '73/61', '2017-12-01', '', 16, 63, 73, 1, 1, 2, 4, 0, ''),
(1875, 1316, '190.14.4/146', '73/61', '2017-12-01', '', 16, 63, 73, 1, 1, 2, 2, 0, ''),
(1876, 1316, '190.14.4/146', '73/61', '2017-12-01', '', 16, 69, 82, 1, 1, 2, 4, 0, ''),
(1877, 1316, '190.14.4/146', '73/61', '2017-12-01', '', 16, 69, 82, 1, 1, 2, 2, 0, ''),
(1878, 1316, '190.14.4/146', '73/61', '2017-12-01', '', 16, 69, 82, 1, 1, 3, 103, 0, ''),
(1879, 1316, '190.14.4/146', '73/61', '2017-12-01', '', 16, 63, 73, 2, 3, 5, 26, 0, ''),
(1880, 1316, '190.14.4/146', '73/61', '2017-12-01', '', 16, 69, 82, 2, 3, 5, 108, 0, ''),
(1881, 1316, '190.14.4/146', '73/61', '2017-12-01', '', 16, 69, 82, 2, 3, 5, 26, 0, '');

-- --------------------------------------------------------

--
-- โครงสร้างตาราง `trn_mgt_costs`
--

CREATE TABLE IF NOT EXISTS `trn_mgt_costs` (
  `id` int(11) NOT NULL AUTO_INCREMENT,
  `mgt_product_id` int(11) NOT NULL,
  `costs_id` tinyint(2) NOT NULL,
  `costs_group_id` tinyint(2) NOT NULL,
  `costs_type_id` int(4) NOT NULL,
  `costs_lists_id` int(4) NOT NULL,
  `costs_sublist_id` int(4) NOT NULL,
  `amount` decimal(10,2) NOT NULL,
  `create_date` datetime NOT NULL,
  PRIMARY KEY (`id`),
  UNIQUE KEY `fk_mgt_product_id` (`mgt_product_id`,`costs_id`,`costs_group_id`,`costs_type_id`,`costs_lists_id`,`costs_sublist_id`),
  KEY `fk_costs_group_id` (`costs_group_id`),
  KEY `fk_costs_id` (`costs_id`),
  KEY `fk_costs_type_id` (`costs_type_id`),
  KEY `fk_costs_lists_id` (`costs_lists_id`)
) ENGINE=InnoDB  DEFAULT CHARSET=utf8 AUTO_INCREMENT=442 ;

--
-- dump ตาราง `trn_mgt_costs`
--

INSERT INTO `trn_mgt_costs` (`id`, `mgt_product_id`, `costs_id`, `costs_group_id`, `costs_type_id`, `costs_lists_id`, `costs_sublist_id`, `amount`, `create_date`) VALUES
(36, 32, 1, 1, 1, 101, 0, 1087170.00, '2014-04-21 11:11:28'),
(42, 32, 2, 3, 4, 5, 0, 60000.00, '2014-04-21 15:51:04'),
(44, 32, 2, 3, 4, 6, 0, 8740.00, '2014-05-15 11:26:31'),
(47, 32, 2, 3, 5, 26, 0, 20182.84, '2014-05-15 11:39:48'),
(48, 32, 1, 1, 2, 3, 0, 158460.00, '2014-04-21 17:51:47'),
(49, 32, 2, 3, 4, 7, 0, 119400.00, '2014-04-21 17:54:13'),
(50, 32, 2, 3, 4, 9, 0, 32750.00, '2014-04-21 17:54:59'),
(51, 32, 2, 3, 4, 14, 0, 18200.00, '2014-04-21 17:55:36'),
(52, 32, 2, 3, 5, 22, 0, 365.00, '2014-04-21 17:56:58'),
(53, 32, 2, 3, 5, 23, 0, 20000.00, '2014-04-21 17:57:21'),
(54, 32, 2, 3, 5, 24, 0, 31530.00, '2014-04-21 17:57:56'),
(55, 32, 2, 3, 5, 31, 0, 19000.00, '2014-04-21 17:58:20'),
(56, 32, 2, 3, 5, 25, 0, 65053.09, '2014-05-15 11:33:01'),
(57, 32, 2, 3, 5, 108, 0, 233.71, '2014-05-15 11:35:06'),
(58, 32, 2, 3, 5, 27, 0, 502.20, '2014-04-21 18:00:01'),
(59, 32, 2, 3, 5, 30, 0, 5400.00, '2014-04-21 18:01:11'),
(60, 32, 2, 3, 5, 28, 0, 90000.00, '2014-04-21 18:01:40'),
(61, 32, 2, 3, 5, 29, 0, 4200.00, '2014-04-21 18:02:07'),
(62, 32, 2, 3, 6, 57, 0, 16400.00, '2014-04-21 18:02:42'),
(63, 32, 2, 4, 7, 74, 0, 116789.63, '2014-04-21 18:03:17'),
(64, 32, 5, 7, 15, 95, 0, 150000.00, '2014-04-21 18:03:45'),
(65, 32, 5, 7, 15, 94, 0, 370000.00, '2014-04-21 18:04:09'),
(66, 32, 4, 6, 14, 84, 0, 100000.00, '2014-04-21 18:04:41'),
(67, 32, 4, 6, 14, 85, 0, 6000.00, '2014-04-21 18:05:08'),
(68, 33, 5, 7, 15, 98, 0, 30000.00, '2014-04-21 18:05:41'),
(69, 33, 5, 7, 15, 96, 0, 90000.00, '2014-04-21 18:06:23'),
(70, 34, 2, 3, 4, 12, 0, 200500.00, '2014-05-26 13:43:22'),
(71, 34, 2, 3, 4, 14, 0, 14060.00, '2014-04-21 18:07:49'),
(72, 34, 2, 3, 4, 15, 0, 6300.00, '2014-04-21 18:08:14'),
(73, 34, 2, 3, 5, 22, 0, 20000.00, '2014-04-21 18:09:02'),
(74, 34, 2, 3, 5, 44, 0, 10820.00, '2014-05-15 10:33:33'),
(75, 34, 2, 3, 5, 31, 0, 8950.00, '2014-05-15 10:34:39'),
(76, 34, 2, 3, 5, 41, 0, 10000.00, '2014-05-15 10:35:09'),
(77, 34, 2, 3, 5, 104, 0, 1500.00, '2014-05-15 10:39:22'),
(78, 34, 2, 3, 6, 57, 0, 16000.00, '2014-05-15 10:37:07'),
(79, 34, 2, 3, 5, 105, 0, 19500.00, '2014-05-26 13:44:27'),
(80, 34, 2, 4, 7, 74, 0, 10000.00, '2014-05-15 10:41:55'),
(81, 35, 5, 7, 15, 97, 0, 63420.00, '2014-05-15 10:44:59'),
(82, 36, 4, 6, 14, 82, 0, 124997.00, '2014-05-15 10:48:54'),
(83, 36, 4, 6, 14, 86, 0, 10170.00, '2014-05-15 10:49:43'),
(84, 36, 4, 6, 14, 87, 0, 20700.00, '2014-05-15 10:50:10'),
(85, 36, 4, 6, 14, 88, 0, 30000.00, '2014-05-15 10:50:39'),
(86, 36, 4, 6, 14, 83, 0, 10000.00, '2014-05-15 10:51:11'),
(87, 37, 4, 6, 14, 93, 0, 485900.00, '2014-05-15 10:51:57'),
(88, 38, 4, 6, 14, 89, 0, 155221.00, '2014-05-15 10:52:45'),
(89, 39, 4, 6, 14, 92, 0, 71000.00, '2014-05-15 10:53:14'),
(90, 40, 1, 1, 2, 4, 0, 439110.00, '2014-05-15 10:54:27'),
(91, 40, 1, 1, 2, 2, 0, 90490.00, '2014-05-15 10:56:31'),
(92, 40, 1, 1, 3, 102, 0, 18166.00, '2014-05-15 10:57:36'),
(93, 40, 1, 1, 3, 103, 0, 24000.00, '2014-05-15 10:58:12'),
(94, 40, 2, 3, 4, 14, 0, 18000.00, '2014-05-15 11:00:34'),
(95, 40, 2, 3, 4, 107, 0, 18000.00, '2014-05-15 11:02:38'),
(96, 40, 2, 3, 5, 24, 0, 10000.00, '2014-05-15 11:02:15'),
(97, 40, 2, 3, 5, 25, 0, 28195.00, '2014-05-15 11:03:50'),
(98, 40, 2, 3, 5, 108, 0, 6529.10, '2014-05-15 11:10:36'),
(99, 40, 2, 3, 5, 27, 0, 15067.90, '2014-05-15 11:05:03'),
(100, 40, 2, 3, 5, 26, 0, 3707.30, '2014-05-15 11:10:58'),
(101, 40, 2, 3, 6, 61, 0, 50169.00, '2014-05-15 11:11:58'),
(102, 40, 2, 4, 7, 74, 0, 60000.00, '2014-05-15 11:12:25'),
(103, 40, 5, 7, 15, 100, 0, 10000.00, '2014-05-15 11:12:51'),
(104, 32, 1, 1, 3, 102, 0, 15989.70, '2014-05-15 11:15:44'),
(105, 32, 2, 3, 4, 109, 0, 67200.00, '2014-05-15 11:18:57'),
(107, 34, 2, 3, 4, 113, 0, 2700.00, '2014-05-15 11:24:07'),
(108, 32, 2, 3, 4, 111, 0, 1800.00, '2014-05-15 11:25:36'),
(109, 32, 2, 3, 4, 112, 0, 7460.00, '2014-05-15 11:27:07'),
(110, 41, 1, 1, 2, 2, 0, 1694300.00, '2014-10-08 13:35:15'),
(111, 41, 1, 1, 3, 103, 0, 54000.00, '2014-10-08 13:43:19'),
(112, 41, 2, 3, 4, 5, 0, 120000.00, '2014-10-08 13:53:20'),
(113, 41, 2, 3, 4, 6, 0, 18000.00, '2014-10-08 13:45:19'),
(114, 41, 2, 3, 4, 7, 0, 120000.00, '2014-10-08 13:45:48'),
(115, 41, 2, 3, 4, 9, 0, 60000.00, '2014-10-08 13:46:21'),
(116, 41, 2, 3, 4, 14, 0, 20000.00, '2014-10-08 13:46:53'),
(117, 41, 2, 3, 4, 111, 0, 4500.00, '2014-10-08 13:47:27'),
(118, 41, 2, 3, 5, 22, 0, 20000.00, '2014-10-08 13:48:32'),
(119, 41, 2, 3, 4, 109, 0, 297600.00, '2014-10-08 13:53:51'),
(120, 41, 2, 3, 4, 114, 0, 10000.00, '2014-10-08 13:54:19'),
(121, 41, 2, 3, 5, 23, 0, 20000.00, '2014-10-08 13:54:50'),
(122, 41, 2, 3, 5, 24, 0, 60000.00, '2014-10-08 13:55:10'),
(123, 41, 2, 3, 5, 31, 0, 20000.00, '2014-10-08 13:55:37'),
(124, 41, 2, 3, 5, 26, 0, 43600.00, '2014-10-08 14:00:06'),
(125, 41, 2, 3, 5, 25, 0, 87500.00, '2014-10-08 13:58:02'),
(126, 41, 2, 3, 5, 27, 0, 16900.00, '2014-10-08 13:58:43'),
(127, 41, 2, 3, 5, 108, 0, 7300.00, '2014-10-08 14:00:38'),
(128, 41, 2, 3, 5, 30, 0, 5600.00, '2014-10-08 14:06:20'),
(129, 41, 2, 3, 5, 29, 0, 40000.00, '2014-10-08 14:07:12'),
(130, 41, 2, 3, 5, 115, 0, 120000.00, '2014-10-08 14:10:21'),
(131, 41, 2, 3, 5, 116, 0, 9000.00, '2014-10-08 14:10:45'),
(132, 41, 2, 3, 5, 118, 0, 5000.00, '2014-10-08 14:11:08'),
(133, 41, 2, 3, 5, 117, 0, 3000.00, '2014-10-08 14:11:31'),
(134, 41, 2, 3, 6, 47, 0, 20000.00, '2014-10-08 14:12:24'),
(135, 41, 2, 3, 6, 119, 0, 18400.00, '2014-10-08 14:13:48'),
(136, 41, 2, 3, 6, 120, 0, 5000.00, '2014-10-08 14:14:10'),
(137, 41, 2, 4, 7, 77, 0, 8000.00, '2014-10-24 13:40:51'),
(138, 41, 5, 7, 15, 95, 0, 150000.00, '2014-10-08 14:16:08'),
(139, 41, 5, 7, 15, 94, 0, 370000.00, '2014-10-08 14:16:34'),
(140, 41, 4, 6, 14, 84, 0, 100000.00, '2014-10-08 14:17:19'),
(141, 41, 4, 6, 14, 85, 0, 30000.00, '2014-10-08 14:17:42'),
(142, 42, 5, 7, 15, 98, 0, 120000.00, '2014-10-08 14:18:49'),
(143, 42, 5, 7, 15, 96, 0, 110000.00, '2014-10-08 14:19:29'),
(144, 43, 2, 3, 4, 12, 0, 250000.00, '2014-10-08 14:21:21'),
(145, 43, 2, 3, 4, 14, 0, 23000.00, '2014-10-08 14:21:45'),
(146, 43, 2, 3, 4, 15, 0, 15600.00, '2014-10-08 14:22:25'),
(147, 43, 2, 3, 4, 17, 0, 20000.00, '2014-10-08 14:24:10'),
(148, 43, 2, 3, 5, 22, 0, 20000.00, '2014-10-08 14:38:39'),
(149, 43, 2, 3, 5, 31, 0, 10000.00, '2014-10-08 14:39:40'),
(150, 43, 2, 3, 5, 41, 0, 30000.00, '2014-10-08 14:40:11'),
(151, 43, 2, 3, 5, 105, 0, 30000.00, '2014-10-08 14:41:03'),
(152, 43, 2, 3, 5, 37, 0, 30000.00, '2014-10-08 14:41:36'),
(153, 43, 2, 3, 5, 29, 0, 10000.00, '2014-10-08 14:42:07'),
(154, 43, 2, 3, 5, 121, 0, 20000.00, '2014-10-08 14:43:53'),
(155, 43, 2, 3, 6, 53, 0, 20000.00, '2014-10-08 14:44:29'),
(156, 43, 2, 3, 6, 55, 0, 20000.00, '2014-10-08 14:44:51'),
(157, 43, 2, 4, 7, 74, 0, 10000.00, '2014-10-08 14:45:17'),
(158, 43, 4, 6, 14, 81, 0, 32400.00, '2014-10-08 14:45:40'),
(159, 43, 3, 5, 8, 123, 0, 53700.00, '2015-01-12 16:48:26'),
(160, 44, 2, 3, 4, 114, 0, 10000.00, '2014-10-08 14:54:50'),
(161, 44, 5, 7, 15, 97, 0, 72000.00, '2014-10-08 14:55:31'),
(162, 45, 4, 6, 14, 82, 0, 210000.00, '2014-10-08 14:56:03'),
(163, 45, 4, 6, 14, 88, 0, 10000.00, '2014-10-08 14:56:30'),
(164, 45, 4, 6, 14, 86, 0, 18000.00, '2014-10-08 14:57:02'),
(165, 45, 4, 6, 14, 87, 0, 30000.00, '2014-10-08 14:57:25'),
(166, 45, 4, 6, 14, 83, 0, 10000.00, '2014-10-08 14:57:52'),
(167, 46, 4, 6, 14, 93, 0, 816200.00, '2014-10-08 14:58:19'),
(168, 47, 4, 6, 14, 89, 0, 38000.00, '2014-10-08 14:58:46'),
(169, 47, 4, 6, 14, 90, 0, 10000.00, '2014-10-08 14:59:41'),
(170, 47, 4, 6, 14, 124, 0, 30000.00, '2014-10-08 15:01:21'),
(171, 48, 4, 6, 14, 92, 0, 71000.00, '2014-10-08 15:01:52'),
(172, 49, 1, 1, 2, 4, 0, 1393200.00, '2014-10-08 15:02:22'),
(173, 49, 1, 1, 2, 2, 0, 211100.00, '2014-10-08 15:02:47'),
(174, 49, 2, 3, 4, 14, 0, 27000.00, '2014-10-08 15:03:35'),
(175, 49, 2, 3, 5, 24, 0, 15000.00, '2014-10-08 15:03:53'),
(176, 49, 2, 3, 5, 23, 0, 450000.00, '2014-10-08 15:04:15'),
(177, 49, 2, 3, 5, 25, 0, 71500.00, '2014-10-08 15:04:42'),
(178, 49, 2, 3, 5, 108, 0, 35500.00, '2014-10-08 15:05:17'),
(179, 49, 2, 3, 5, 27, 0, 82800.00, '2014-10-08 15:05:48'),
(180, 49, 2, 3, 5, 26, 0, 6400.00, '2014-10-08 15:06:12'),
(181, 49, 2, 3, 6, 54, 0, 76300.00, '2015-01-12 16:31:52'),
(182, 49, 5, 7, 15, 100, 0, 10000.00, '2014-10-08 15:07:12'),
(183, 49, 1, 1, 3, 103, 0, 36000.00, '2014-10-08 15:08:58'),
(184, 41, 2, 4, 7, 76, 0, 12000.00, '2014-10-24 13:41:19'),
(185, 41, 2, 4, 7, 74, 0, 60000.00, '2014-10-24 13:43:04'),
(186, 41, 2, 4, 7, 75, 0, 40000.00, '2014-10-24 13:43:29'),
(187, 50, 1, 1, 2, 2, 0, 2206800.00, '2015-09-02 14:41:11'),
(188, 50, 1, 1, 2, 4, 0, 267300.00, '2015-09-02 14:41:35'),
(189, 50, 2, 3, 4, 5, 0, 120000.00, '2015-09-02 14:42:30'),
(190, 50, 2, 3, 4, 109, 0, 333600.00, '2015-09-02 14:43:22'),
(191, 50, 2, 3, 4, 7, 0, 1200.00, '2015-09-02 14:43:47'),
(192, 50, 2, 3, 4, 9, 0, 30000.00, '2015-09-02 14:44:37'),
(193, 50, 2, 3, 4, 14, 0, 20000.00, '2015-09-02 14:45:03'),
(194, 50, 2, 3, 4, 111, 0, 4500.00, '2015-09-02 14:45:37'),
(195, 50, 2, 3, 4, 114, 0, 10000.00, '2015-09-02 14:46:08'),
(196, 50, 2, 3, 4, 20, 0, 240000.00, '2015-09-02 14:46:43'),
(197, 50, 2, 3, 5, 22, 0, 30000.00, '2015-09-02 14:48:21'),
(198, 50, 2, 3, 5, 23, 0, 20000.00, '2015-09-02 14:48:41'),
(199, 50, 2, 3, 5, 24, 0, 72000.00, '2015-09-02 14:49:02'),
(200, 50, 2, 3, 5, 31, 0, 20000.00, '2015-09-02 14:49:28'),
(201, 50, 2, 3, 5, 25, 0, 133300.00, '2015-09-02 14:50:04'),
(202, 50, 2, 3, 5, 26, 0, 76800.00, '2016-02-02 13:02:47'),
(203, 50, 2, 3, 5, 27, 0, 18700.00, '2015-09-02 14:50:55'),
(204, 50, 2, 3, 5, 108, 0, 8000.00, '2016-02-02 13:03:00'),
(205, 50, 2, 3, 5, 30, 0, 15200.00, '2015-09-02 14:51:53'),
(206, 50, 2, 3, 5, 28, 0, 120000.00, '2015-09-02 14:52:18'),
(207, 50, 2, 3, 5, 29, 0, 60000.00, '2015-09-02 14:52:47'),
(208, 50, 2, 3, 5, 116, 0, 9000.00, '2015-09-02 14:53:20'),
(209, 50, 2, 3, 5, 117, 0, 3000.00, '2015-09-02 14:53:53'),
(210, 50, 2, 3, 5, 118, 0, 10000.00, '2015-09-02 14:54:29'),
(211, 50, 2, 3, 6, 73, 0, 30000.00, '2015-09-02 14:55:27'),
(212, 50, 2, 3, 6, 119, 0, 19200.00, '2015-09-02 14:55:53'),
(213, 50, 2, 3, 6, 120, 0, 5000.00, '2015-09-02 14:56:17'),
(214, 50, 2, 4, 7, 74, 0, 120000.00, '2015-09-02 14:57:06'),
(215, 50, 5, 7, 15, 95, 0, 206400.00, '2015-09-02 14:57:42'),
(216, 50, 5, 7, 15, 94, 0, 370000.00, '2015-09-02 14:58:05'),
(217, 50, 4, 6, 14, 84, 0, 170000.00, '2015-09-02 14:58:43'),
(218, 50, 4, 6, 14, 85, 0, 40000.00, '2015-09-02 14:59:17'),
(219, 50, 4, 6, 14, 125, 0, 27900.00, '2015-09-02 15:03:59'),
(220, 51, 5, 7, 15, 98, 0, 120000.00, '2015-09-02 15:04:41'),
(221, 51, 5, 7, 15, 96, 0, 120000.00, '2015-09-02 15:05:04'),
(222, 52, 2, 3, 4, 12, 0, 250000.00, '2015-09-02 15:05:34'),
(223, 52, 2, 3, 4, 14, 0, 23000.00, '2015-09-02 15:06:05'),
(224, 52, 2, 3, 4, 15, 0, 15600.00, '2015-09-02 15:06:37'),
(225, 52, 2, 3, 4, 17, 0, 20000.00, '2015-09-02 15:07:04'),
(226, 52, 2, 3, 5, 22, 0, 20000.00, '2015-09-02 15:07:27'),
(227, 52, 2, 3, 5, 44, 0, 20000.00, '2015-09-02 15:08:00'),
(228, 52, 2, 3, 5, 31, 0, 10000.00, '2015-09-02 15:08:32'),
(229, 52, 2, 3, 5, 41, 0, 10000.00, '2015-09-02 15:09:02'),
(230, 52, 2, 3, 5, 105, 0, 50000.00, '2015-09-02 15:09:29'),
(231, 52, 2, 3, 5, 37, 0, 30000.00, '2015-09-02 15:09:50'),
(232, 52, 2, 3, 5, 29, 0, 10000.00, '2015-09-02 15:10:10'),
(233, 52, 2, 3, 6, 53, 0, 20000.00, '2015-09-02 15:10:33'),
(234, 52, 2, 3, 6, 55, 0, 20000.00, '2015-09-02 15:11:01'),
(235, 52, 2, 4, 7, 74, 0, 10000.00, '2015-09-02 15:11:42'),
(236, 52, 3, 5, 8, 123, 0, 35000.00, '2015-09-02 15:12:21'),
(237, 53, 2, 3, 4, 114, 0, 10000.00, '2015-09-02 15:13:07'),
(238, 50, 1, 1, 3, 103, 0, 36000.00, '2015-09-02 15:18:12'),
(239, 50, 1, 1, 3, 102, 0, 18000.00, '2015-09-02 15:19:03'),
(240, 52, 4, 6, 14, 81, 0, 67200.00, '2015-09-02 15:20:56'),
(241, 52, 4, 6, 14, 126, 0, 10000.00, '2015-09-02 15:22:40'),
(242, 54, 4, 6, 14, 82, 0, 267700.00, '2015-09-02 15:23:30'),
(243, 54, 4, 6, 14, 88, 0, 10000.00, '2015-09-02 15:23:51'),
(244, 54, 4, 6, 14, 86, 0, 18000.00, '2015-09-02 15:24:19'),
(245, 54, 4, 6, 14, 87, 0, 30000.00, '2015-09-02 15:24:45'),
(246, 54, 4, 6, 14, 83, 0, 10000.00, '2015-09-02 15:25:07'),
(247, 53, 5, 7, 15, 97, 0, 84000.00, '2015-09-02 15:30:58'),
(248, 58, 4, 6, 14, 93, 0, 912700.00, '2015-09-02 15:35:57'),
(249, 57, 4, 6, 14, 89, 0, 38000.00, '2015-09-02 15:36:24'),
(250, 57, 4, 6, 14, 90, 0, 10000.00, '2015-09-02 15:36:50'),
(251, 57, 4, 6, 14, 124, 0, 30000.00, '2015-09-02 15:37:15'),
(252, 55, 4, 6, 14, 92, 0, 71000.00, '2015-09-02 15:37:39'),
(253, 56, 1, 1, 2, 4, 0, 1534900.00, '2015-09-02 15:38:09'),
(254, 56, 1, 1, 2, 2, 0, 268700.00, '2015-09-02 15:40:12'),
(255, 56, 1, 1, 3, 103, 0, 36000.00, '2015-09-02 15:40:35'),
(256, 56, 2, 3, 5, 24, 0, 10000.00, '2015-09-02 15:45:02'),
(257, 56, 2, 3, 5, 23, 0, 120000.00, '2015-09-02 15:45:46'),
(258, 56, 2, 3, 5, 25, 0, 76700.00, '2015-09-02 15:46:21'),
(259, 56, 2, 3, 5, 26, 0, 8100.00, '2015-09-02 15:50:27'),
(260, 56, 2, 3, 5, 27, 0, 88700.00, '2015-09-02 15:47:18'),
(261, 56, 2, 3, 5, 108, 0, 38000.00, '2015-09-02 15:50:00'),
(262, 56, 2, 3, 6, 54, 0, 50000.00, '2015-09-02 15:51:43'),
(263, 56, 5, 7, 15, 129, 0, 10000.00, '2015-09-02 15:54:31'),
(264, 56, 2, 3, 5, 128, 0, 600000.00, '2015-09-02 15:54:17'),
(265, 59, 1, 1, 2, 2, 0, 2038500.00, '2016-10-03 15:18:37'),
(266, 59, 1, 1, 2, 4, 0, 273000.00, '2016-10-03 15:18:59'),
(267, 59, 1, 1, 3, 103, 0, 54000.00, '2016-10-03 15:19:30'),
(268, 59, 2, 3, 4, 5, 0, 120000.00, '2016-10-03 15:23:05'),
(269, 59, 2, 3, 4, 109, 0, 333600.00, '2016-10-03 15:22:33'),
(270, 59, 2, 3, 4, 7, 0, 1200.00, '2016-10-03 15:23:31'),
(271, 59, 2, 3, 4, 9, 0, 36200.00, '2016-10-03 15:23:56'),
(272, 59, 2, 3, 4, 111, 0, 4500.00, '2016-10-03 15:25:12'),
(273, 59, 2, 3, 4, 114, 0, 10000.00, '2016-10-03 15:35:44'),
(274, 59, 2, 3, 4, 20, 0, 145100.00, '2016-10-03 15:36:25'),
(275, 59, 2, 3, 5, 22, 0, 30000.00, '2016-10-03 15:37:31'),
(276, 59, 2, 3, 5, 23, 0, 20000.00, '2016-10-03 16:21:18'),
(277, 59, 2, 3, 5, 24, 0, 72000.00, '2016-10-03 16:21:39'),
(278, 59, 2, 3, 5, 31, 0, 20000.00, '2016-10-03 16:22:01'),
(279, 59, 2, 3, 5, 25, 0, 124300.00, '2016-10-03 16:22:32'),
(280, 59, 2, 3, 5, 108, 0, 13700.00, '2016-10-03 16:28:29'),
(281, 59, 2, 3, 5, 26, 0, 63000.00, '2016-10-03 16:24:21'),
(282, 59, 2, 3, 5, 27, 0, 19100.00, '2016-10-03 16:29:13'),
(283, 59, 2, 3, 5, 30, 0, 15200.00, '2016-10-03 16:30:00'),
(284, 59, 2, 3, 5, 28, 0, 120000.00, '2016-10-03 16:30:38'),
(285, 59, 2, 3, 5, 29, 0, 60000.00, '2016-10-03 16:31:15'),
(286, 59, 2, 3, 5, 116, 0, 9000.00, '2016-10-03 16:31:44'),
(287, 59, 2, 3, 5, 117, 0, 3000.00, '2016-10-03 16:32:06'),
(288, 59, 2, 3, 5, 118, 0, 24000.00, '2016-10-03 16:32:36'),
(289, 59, 2, 3, 6, 47, 0, 30000.00, '2016-10-04 09:16:44'),
(290, 59, 2, 3, 6, 119, 0, 19200.00, '2016-10-04 09:27:34'),
(291, 59, 2, 3, 6, 120, 0, 5000.00, '2016-10-04 09:28:08'),
(292, 59, 2, 4, 7, 130, 0, 120000.00, '2016-10-04 09:33:44'),
(293, 59, 5, 7, 15, 94, 0, 370000.00, '2016-10-04 09:34:14'),
(294, 59, 4, 6, 14, 84, 0, 170000.00, '2016-10-04 09:35:01'),
(295, 59, 4, 6, 14, 85, 0, 40000.00, '2016-10-04 09:36:00'),
(296, 59, 4, 6, 14, 125, 0, 50000.00, '2016-10-04 09:36:54'),
(297, 59, 2, 3, 4, 14, 0, 20000.00, '2016-10-04 09:39:17'),
(298, 61, 2, 3, 4, 12, 0, 150000.00, '2016-10-04 09:40:20'),
(299, 61, 2, 3, 4, 14, 0, 23000.00, '2016-10-04 09:42:03'),
(300, 61, 2, 3, 4, 15, 0, 15600.00, '2016-10-04 09:42:40'),
(301, 61, 2, 3, 4, 17, 0, 20000.00, '2016-10-04 09:43:29'),
(302, 61, 2, 3, 5, 22, 0, 20000.00, '2016-10-04 09:43:51'),
(303, 61, 2, 3, 5, 121, 0, 20000.00, '2016-10-04 09:44:25'),
(304, 61, 2, 3, 5, 31, 0, 15000.00, '2016-10-04 09:44:50'),
(305, 61, 2, 3, 5, 41, 0, 10000.00, '2016-10-04 09:45:25'),
(306, 61, 2, 3, 5, 105, 0, 50000.00, '2016-10-04 09:45:51'),
(307, 61, 2, 3, 5, 37, 0, 30000.00, '2016-10-04 09:46:25'),
(308, 61, 2, 3, 5, 29, 0, 10000.00, '2016-10-04 09:47:08'),
(309, 61, 2, 3, 6, 53, 0, 20000.00, '2016-10-04 09:50:01'),
(310, 61, 2, 3, 6, 55, 0, 20000.00, '2016-10-04 09:50:22'),
(311, 61, 2, 4, 7, 130, 0, 10000.00, '2016-10-04 09:50:53'),
(312, 61, 4, 6, 14, 81, 0, 67200.00, '2016-10-04 09:51:14'),
(313, 61, 3, 5, 8, 123, 0, 36500.00, '2016-10-04 09:52:26'),
(314, 62, 4, 6, 14, 126, 0, 20000.00, '2016-10-04 09:53:03'),
(315, 63, 2, 3, 4, 114, 0, 10000.00, '2016-10-04 09:53:35'),
(316, 63, 5, 7, 15, 97, 0, 84000.00, '2016-10-04 09:54:05'),
(317, 64, 4, 6, 14, 82, 0, 260000.00, '2016-10-04 09:54:35'),
(318, 64, 4, 6, 14, 88, 0, 10000.00, '2016-10-04 09:55:00'),
(319, 64, 4, 6, 14, 86, 0, 18000.00, '2016-10-04 09:55:25'),
(320, 64, 4, 6, 14, 87, 0, 30000.00, '2016-10-04 09:55:44'),
(321, 64, 4, 6, 14, 83, 0, 10000.00, '2016-10-04 09:56:08'),
(322, 65, 4, 6, 14, 127, 0, 1127600.00, '2016-10-04 09:56:58'),
(323, 65, 4, 6, 14, 131, 0, 9000.00, '2016-10-04 09:58:11'),
(324, 66, 4, 6, 14, 89, 0, 75000.00, '2016-10-04 09:58:43'),
(325, 66, 4, 6, 14, 90, 0, 10000.00, '2016-10-04 09:59:10'),
(326, 66, 4, 6, 14, 91, 0, 30000.00, '2016-10-04 09:59:42'),
(327, 67, 4, 6, 14, 92, 0, 71000.00, '2016-10-04 10:00:28'),
(328, 68, 1, 1, 2, 4, 0, 1576700.00, '2016-10-04 10:01:10'),
(329, 68, 1, 1, 2, 2, 0, 276900.00, '2016-10-04 10:01:39'),
(330, 68, 1, 1, 3, 103, 0, 42000.00, '2016-10-04 10:02:06'),
(331, 68, 2, 3, 5, 24, 0, 10000.00, '2016-10-04 10:02:27'),
(332, 68, 2, 3, 5, 128, 0, 847000.00, '2016-10-04 10:02:54'),
(333, 68, 2, 3, 5, 23, 0, 120000.00, '2016-10-04 10:03:17'),
(334, 68, 2, 3, 5, 25, 0, 78900.00, '2016-10-04 10:04:02'),
(335, 68, 2, 3, 5, 108, 0, 65000.00, '2016-10-04 10:05:02'),
(336, 68, 2, 3, 5, 27, 0, 91000.00, '2016-10-04 10:06:02'),
(337, 68, 2, 3, 5, 26, 0, 13900.00, '2016-10-04 10:07:09'),
(338, 68, 2, 3, 6, 54, 0, 50000.00, '2016-10-04 10:08:06'),
(339, 68, 5, 7, 15, 129, 0, 10000.00, '2016-10-04 10:08:45'),
(340, 69, 4, 8, 18, 171, 11, 853500.00, '2017-04-05 11:38:30'),
(342, 69, 1, 1, 1, 101, 0, 1760700.00, '2017-03-27 14:10:27'),
(343, 69, 1, 1, 3, 168, 0, 686000.00, '2017-03-27 14:13:48'),
(344, 70, 4, 10, 20, 175, 0, 40000.00, '2017-04-05 12:45:01'),
(345, 72, 4, 9, 19, 172, 0, 20000.00, '2017-04-05 11:41:22'),
(346, 71, 3, 5, 8, 123, 0, 1408200.00, '2017-03-27 14:17:02'),
(347, 71, 4, 8, 21, 180, 0, 60000.00, '2017-05-02 16:04:36'),
(348, 71, 4, 8, 21, 181, 0, 20000.00, '2017-05-02 16:04:54'),
(349, 71, 4, 8, 21, 182, 0, 86100.00, '2017-05-02 16:05:14'),
(350, 71, 4, 8, 22, 178, 0, 1502200.00, '2017-05-02 16:05:36'),
(351, 71, 4, 6, 14, 169, 0, 1063500.00, '2017-03-27 14:22:11'),
(352, 70, 4, 10, 20, 176, 0, 40000.00, '2017-04-05 12:45:58'),
(353, 70, 4, 10, 20, 177, 0, 50000.00, '2017-04-05 12:47:06'),
(354, 60, 5, 7, 15, 98, 0, 120000.00, '2017-06-09 10:16:57'),
(355, 60, 5, 7, 15, 96, 0, 110000.00, '2017-06-09 10:17:38'),
(356, 73, 1, 1, 2, 2, 0, 1504300.00, '2017-10-24 11:17:07'),
(357, 73, 1, 1, 3, 103, 0, 36000.00, '2017-10-02 10:51:46'),
(358, 73, 2, 3, 4, 5, 0, 120000.00, '2017-10-02 10:53:01'),
(359, 73, 2, 3, 4, 109, 0, 297600.00, '2017-10-02 10:53:25'),
(360, 73, 2, 3, 4, 7, 0, 108000.00, '2017-10-02 10:53:44'),
(361, 73, 2, 3, 4, 9, 0, 40000.00, '2017-10-02 10:54:05'),
(362, 73, 2, 3, 4, 14, 0, 20000.00, '2017-10-02 10:54:29'),
(363, 73, 2, 3, 4, 111, 0, 4500.00, '2017-10-02 10:54:53'),
(364, 73, 2, 3, 5, 22, 0, 20000.00, '2017-10-02 10:55:10'),
(365, 73, 2, 3, 5, 23, 0, 20000.00, '2017-10-02 10:55:32'),
(366, 73, 2, 3, 5, 24, 0, 96000.00, '2017-10-02 10:55:51'),
(367, 73, 2, 3, 5, 31, 0, 20000.00, '2017-10-02 10:56:21'),
(368, 73, 2, 3, 5, 25, 0, 105100.00, '2017-10-02 10:56:44'),
(369, 73, 2, 3, 5, 108, 0, 27200.00, '2017-10-02 10:57:28'),
(370, 73, 2, 3, 5, 27, 0, 38000.00, '2017-10-02 10:58:35'),
(371, 73, 2, 3, 5, 26, 0, 46200.00, '2017-10-02 10:59:03'),
(372, 73, 2, 3, 5, 30, 0, 15200.00, '2017-10-02 10:59:43'),
(373, 73, 2, 3, 5, 28, 0, 72000.00, '2017-10-02 11:00:35'),
(374, 73, 2, 3, 5, 29, 0, 70000.00, '2017-10-02 11:00:58'),
(375, 73, 2, 3, 5, 116, 0, 10000.00, '2017-10-02 11:01:27'),
(376, 73, 2, 3, 5, 117, 0, 3000.00, '2017-10-02 11:02:28'),
(377, 73, 2, 3, 5, 118, 0, 24000.00, '2017-10-02 11:02:54'),
(378, 73, 2, 3, 6, 47, 0, 40000.00, '2017-10-02 11:03:14'),
(379, 73, 2, 3, 6, 119, 0, 19200.00, '2017-10-02 11:03:40'),
(380, 73, 2, 3, 6, 120, 0, 5000.00, '2017-10-02 11:04:07'),
(381, 73, 5, 7, 15, 94, 0, 370000.00, '2017-10-02 11:04:36'),
(382, 73, 4, 6, 14, 84, 0, 170000.00, '2017-10-02 11:05:00'),
(383, 73, 4, 6, 14, 85, 0, 50000.00, '2017-10-02 11:05:43'),
(384, 73, 4, 6, 14, 125, 0, 50000.00, '2017-10-02 11:06:09'),
(385, 73, 0, 12, 23, 183, 0, 1209600.00, '2017-10-02 11:14:25'),
(386, 74, 5, 7, 15, 98, 0, 60000.00, '2017-10-02 11:14:56'),
(387, 74, 5, 7, 15, 96, 0, 110000.00, '2017-10-02 11:15:24'),
(388, 75, 2, 3, 4, 12, 0, 150000.00, '2017-10-02 11:15:57'),
(389, 75, 2, 3, 4, 14, 0, 23000.00, '2017-10-02 11:16:18'),
(390, 75, 2, 3, 4, 15, 0, 15600.00, '2017-10-02 11:16:40'),
(391, 75, 2, 3, 4, 17, 0, 5000.00, '2017-10-02 11:17:04'),
(392, 75, 2, 3, 5, 22, 0, 20000.00, '2017-10-02 11:17:24'),
(393, 75, 2, 3, 5, 121, 0, 20000.00, '2017-10-02 11:17:53'),
(394, 75, 2, 3, 5, 31, 0, 15000.00, '2017-10-02 11:18:23'),
(395, 75, 2, 3, 5, 41, 0, 10000.00, '2017-10-02 11:18:46'),
(396, 75, 2, 3, 5, 105, 0, 10400.00, '2017-10-02 11:19:10'),
(397, 75, 2, 3, 5, 29, 0, 10000.00, '2017-10-02 11:19:31'),
(398, 75, 2, 3, 6, 57, 0, 5000.00, '2017-10-02 11:20:20'),
(399, 75, 2, 3, 6, 184, 0, 20000.00, '2017-10-02 11:21:57'),
(400, 75, 2, 4, 7, 130, 0, 10000.00, '2017-10-02 11:22:19'),
(401, 76, 4, 6, 14, 126, 0, 25000.00, '2017-10-02 11:22:52'),
(402, 77, 2, 3, 4, 114, 0, 10000.00, '2017-10-02 11:23:16'),
(403, 77, 5, 7, 15, 97, 0, 84000.00, '2017-10-02 11:23:36'),
(404, 78, 4, 6, 14, 82, 0, 286400.00, '2017-10-02 11:24:00'),
(405, 78, 4, 6, 14, 88, 0, 10000.00, '2017-10-02 11:24:21'),
(406, 78, 4, 6, 14, 86, 0, 18000.00, '2017-10-02 11:24:46'),
(407, 78, 4, 6, 14, 87, 0, 30000.00, '2017-10-02 11:25:13'),
(408, 78, 4, 6, 14, 83, 0, 5000.00, '2017-10-02 11:25:37'),
(409, 79, 4, 6, 14, 127, 0, 1200000.00, '2017-10-02 11:26:05'),
(410, 80, 4, 6, 14, 124, 0, 75000.00, '2017-10-02 13:46:05'),
(411, 81, 4, 6, 14, 92, 0, 71000.00, '2017-10-02 13:47:24'),
(412, 80, 4, 6, 14, 185, 0, 50000.00, '2017-10-02 13:48:38'),
(413, 82, 1, 1, 2, 4, 0, 1720200.00, '2017-10-02 13:52:15'),
(414, 82, 1, 1, 2, 2, 0, 293500.00, '2017-10-02 13:51:53'),
(415, 82, 1, 1, 3, 103, 0, 48000.00, '2017-10-02 13:52:56'),
(416, 82, 2, 3, 5, 24, 0, 15000.00, '2017-10-02 13:55:36'),
(417, 82, 2, 3, 5, 128, 0, 1659000.00, '2017-10-02 13:56:35'),
(418, 82, 2, 3, 5, 23, 0, 150000.00, '2017-10-02 13:57:08'),
(419, 82, 2, 3, 5, 25, 0, 86000.00, '2017-10-02 13:57:41'),
(420, 82, 2, 3, 5, 108, 0, 71400.00, '2017-10-02 13:58:31'),
(421, 82, 2, 3, 5, 27, 0, 100000.00, '2017-10-02 13:59:46'),
(422, 82, 2, 3, 5, 26, 0, 15000.00, '2017-10-02 14:00:20'),
(423, 82, 2, 3, 6, 54, 0, 3000.00, '2017-10-02 14:01:19'),
(424, 82, 5, 7, 15, 129, 0, 10000.00, '2017-10-02 14:01:46'),
(425, 83, 1, 1, 1, 101, 0, 2060900.00, '2017-10-02 14:44:44'),
(426, 83, 1, 1, 3, 168, 0, 686000.00, '2017-10-02 14:45:08'),
(427, 83, 4, 8, 18, 186, 0, 853500.00, '2017-10-02 14:53:34'),
(428, 84, 4, 9, 19, 172, 0, 20000.00, '2017-10-19 09:04:24'),
(429, 85, 4, 8, 21, 180, 0, 60000.00, '2017-10-19 09:07:27'),
(430, 85, 4, 11, 25, 187, 0, 995000.00, '2017-10-19 09:17:43'),
(431, 85, 4, 14, 27, 190, 0, 1063500.00, '2017-11-22 12:27:23'),
(432, 86, 4, 10, 20, 175, 0, 40000.00, '2017-10-24 11:22:29'),
(433, 85, 4, 8, 21, 181, 0, 20000.00, '2017-10-19 09:08:52'),
(434, 85, 4, 8, 21, 182, 0, 73100.00, '2017-10-19 09:08:32'),
(435, 85, 4, 8, 22, 178, 0, 1502200.00, '2017-10-19 09:09:19'),
(437, 87, 4, 13, 26, 189, 0, 219400.00, '2017-11-22 12:30:00'),
(438, 73, 1, 1, 2, 4, 0, 543900.00, '2017-10-24 11:17:36'),
(439, 86, 4, 10, 20, 176, 0, 40000.00, '2017-10-24 11:22:55'),
(440, 86, 4, 10, 20, 177, 0, 40000.00, '2017-10-24 11:25:00'),
(441, 75, 3, 5, 8, 123, 0, 0.00, '2017-11-29 11:32:37');

-- --------------------------------------------------------

--
-- โครงสร้างตาราง `trn_mgt_plans`
--

CREATE TABLE IF NOT EXISTS `trn_mgt_plans` (
  `id` int(11) NOT NULL AUTO_INCREMENT,
  `budget_main_id` int(4) NOT NULL,
  `plan_id` int(4) NOT NULL,
  `amount` decimal(10,2) NOT NULL,
  `create_date` datetime NOT NULL,
  PRIMARY KEY (`id`),
  UNIQUE KEY `fk_budget_main_id` (`budget_main_id`,`plan_id`),
  KEY `fk_plan_id` (`plan_id`)
) ENGINE=InnoDB  DEFAULT CHARSET=utf8 AUTO_INCREMENT=82 ;

--
-- dump ตาราง `trn_mgt_plans`
--

INSERT INTO `trn_mgt_plans` (`id`, `budget_main_id`, `plan_id`, `amount`, `create_date`) VALUES
(33, 11, 1, 2808826.17, '2014-04-18 13:40:56'),
(34, 11, 2, 343369.00, '2014-04-18 13:41:08'),
(35, 11, 3, 259287.00, '2014-04-18 13:41:21'),
(36, 11, 4, 485900.00, '2014-04-18 13:41:33'),
(37, 11, 5, 155221.00, '2014-04-18 13:41:47'),
(38, 11, 6, 71000.00, '2014-04-18 13:41:58'),
(39, 11, 7, 824455.30, '2014-04-18 13:42:13'),
(40, 12, 1, 3899700.00, '2014-10-08 13:25:40'),
(41, 12, 2, 594700.00, '2015-01-12 16:46:24'),
(42, 12, 3, 360000.00, '2014-10-08 13:26:06'),
(43, 12, 4, 816200.00, '2014-10-08 13:26:19'),
(44, 12, 5, 78000.00, '2014-10-08 13:26:30'),
(45, 12, 6, 71000.00, '2014-10-08 13:26:39'),
(46, 12, 7, 2414800.00, '2015-01-12 16:43:39'),
(47, 13, 1, 5111900.00, '2015-09-02 14:24:26'),
(48, 13, 2, 620800.00, '2015-09-02 14:27:18'),
(49, 13, 3, 429700.00, '2015-09-02 14:31:33'),
(50, 13, 4, 912700.00, '2015-09-02 14:31:43'),
(51, 13, 5, 78000.00, '2015-09-02 14:31:53'),
(52, 13, 6, 71000.00, '2015-09-02 14:32:04'),
(53, 13, 7, 2841100.00, '2015-09-02 14:32:17'),
(54, 14, 1, 4663600.00, '2016-10-03 14:56:00'),
(55, 14, 2, 517300.00, '2016-10-03 14:56:11'),
(56, 14, 3, 442000.00, '2016-10-03 14:56:22'),
(57, 14, 4, 1136600.00, '2016-10-03 14:56:36'),
(58, 14, 5, 115000.00, '2016-10-03 14:56:46'),
(59, 14, 6, 71000.00, '2016-10-03 14:56:56'),
(60, 14, 7, 3181400.00, '2016-10-03 14:57:08'),
(61, 15, 11, 3300200.00, '2017-03-27 13:44:54'),
(62, 15, 12, 4290000.00, '2017-03-27 13:48:01'),
(63, 16, 1, 5534800.00, '2017-10-02 10:44:43'),
(64, 16, 2, 401200.00, '2017-10-02 10:42:55'),
(65, 16, 3, 468400.00, '2017-10-02 10:43:08'),
(66, 16, 4, 1200000.00, '2017-10-02 10:43:20'),
(67, 16, 5, 125000.00, '2017-10-02 10:43:33'),
(68, 16, 6, 71000.00, '2017-10-02 10:43:45'),
(69, 16, 7, 4171100.00, '2017-10-02 10:44:08'),
(70, 17, 11, 3600400.00, '2017-10-02 14:41:08'),
(71, 17, 12, 3853800.00, '2017-10-02 14:41:46'),
(81, 17, 13, 219400.00, '2017-10-19 13:34:14');

-- --------------------------------------------------------

--
-- โครงสร้างตาราง `trn_mgt_product`
--

CREATE TABLE IF NOT EXISTS `trn_mgt_product` (
  `id` int(11) NOT NULL AUTO_INCREMENT,
  `mgt_plans_id` int(4) NOT NULL,
  `product_id` int(4) NOT NULL,
  `amount` decimal(10,2) NOT NULL,
  `create_date` datetime NOT NULL,
  PRIMARY KEY (`id`),
  UNIQUE KEY `fk_mgt_plans_id` (`mgt_plans_id`,`product_id`),
  KEY `fk_product_id` (`product_id`)
) ENGINE=InnoDB  DEFAULT CHARSET=utf8 AUTO_INCREMENT=88 ;

--
-- dump ตาราง `trn_mgt_product`
--

INSERT INTO `trn_mgt_product` (`id`, `mgt_plans_id`, `product_id`, `amount`, `create_date`) VALUES
(32, 33, 1, 2688826.17, '2014-04-21 11:07:36'),
(33, 33, 2, 120000.00, '2014-04-21 11:04:24'),
(34, 34, 3, 343369.00, '2014-04-21 11:10:07'),
(35, 35, 5, 63420.00, '2014-04-21 11:18:15'),
(36, 35, 6, 195867.00, '2014-04-21 11:19:30'),
(37, 36, 7, 485900.00, '2014-04-21 11:20:25'),
(38, 37, 8, 155221.00, '2014-04-21 11:20:09'),
(39, 38, 9, 71000.00, '2014-04-21 11:21:05'),
(40, 39, 15, 824455.30, '2014-04-21 11:21:51'),
(41, 40, 1, 3669700.00, '2014-10-08 13:27:31'),
(42, 40, 2, 230000.00, '2014-10-08 13:27:44'),
(43, 41, 3, 594700.00, '2015-01-12 16:47:54'),
(44, 42, 5, 82000.00, '2014-10-08 13:28:29'),
(45, 42, 6, 278000.00, '2014-10-08 13:28:45'),
(46, 43, 7, 816200.00, '2014-10-08 13:29:03'),
(47, 44, 8, 78000.00, '2014-10-08 13:29:22'),
(48, 45, 9, 71000.00, '2014-10-08 13:29:38'),
(49, 46, 10, 2414800.00, '2015-01-12 16:43:02'),
(50, 47, 1, 4871900.00, '2015-09-02 14:36:28'),
(51, 47, 2, 240000.00, '2015-09-02 14:36:40'),
(52, 48, 3, 620800.00, '2015-09-02 14:36:52'),
(53, 49, 5, 94000.00, '2015-09-02 14:37:14'),
(54, 49, 6, 335700.00, '2015-09-02 14:37:30'),
(55, 52, 9, 71000.00, '2015-09-02 14:38:23'),
(56, 53, 10, 2841100.00, '2015-09-02 14:39:43'),
(57, 51, 8, 78000.00, '2015-09-02 15:34:16'),
(58, 50, 7, 912700.00, '2015-09-02 15:34:36'),
(59, 54, 1, 4433600.00, '2016-10-03 14:58:08'),
(60, 54, 2, 230000.00, '2016-10-03 14:58:39'),
(61, 55, 3, 517300.00, '2016-10-03 15:14:36'),
(62, 56, 4, 20000.00, '2016-10-03 15:14:55'),
(63, 56, 5, 94000.00, '2016-10-03 15:15:09'),
(64, 56, 6, 328000.00, '2016-10-03 15:15:21'),
(65, 57, 7, 1136600.00, '2016-10-03 15:15:34'),
(66, 58, 8, 115000.00, '2016-10-03 15:15:49'),
(67, 59, 9, 71000.00, '2016-10-03 15:16:04'),
(68, 60, 15, 3181400.00, '2016-10-03 15:16:31'),
(69, 61, 19, 3300200.00, '2017-03-27 13:49:07'),
(70, 62, 18, 130000.00, '2017-03-27 13:49:26'),
(71, 62, 17, 4140000.00, '2017-03-27 13:50:04'),
(72, 62, 16, 20000.00, '2017-03-27 13:50:13'),
(73, 63, 1, 5364800.00, '2017-10-02 10:45:10'),
(74, 63, 2, 170000.00, '2017-10-02 10:45:29'),
(75, 64, 3, 401200.00, '2017-10-02 10:45:43'),
(76, 65, 4, 25000.00, '2017-10-02 10:46:59'),
(77, 65, 5, 94000.00, '2017-10-02 10:47:11'),
(78, 65, 6, 349400.00, '2017-10-02 10:47:27'),
(79, 66, 7, 1200000.00, '2017-10-02 10:47:45'),
(80, 67, 8, 125000.00, '2017-10-02 10:48:02'),
(81, 68, 9, 71000.00, '2017-10-02 10:48:13'),
(82, 69, 15, 4171100.00, '2017-10-02 10:49:47'),
(83, 70, 19, 3600400.00, '2017-10-02 14:43:19'),
(84, 71, 16, 20000.00, '2017-10-02 14:43:42'),
(85, 71, 17, 3713800.00, '2017-10-02 14:43:54'),
(86, 71, 18, 120000.00, '2017-10-02 14:44:04'),
(87, 81, 20, 219400.00, '2017-10-19 13:34:47');

-- --------------------------------------------------------

--
-- โครงสร้างตาราง `trn_payment`
--

CREATE TABLE IF NOT EXISTS `trn_payment` (
  `id` int(11) NOT NULL AUTO_INCREMENT,
  `disbursement_id` int(11) NOT NULL,
  `payer_code` varchar(7) NOT NULL,
  `amount` decimal(10,2) NOT NULL,
  PRIMARY KEY (`id`),
  KEY `fk_disbursement_id` (`disbursement_id`),
  KEY `fk_payer_code` (`payer_code`)
) ENGINE=InnoDB  DEFAULT CHARSET=utf8 AUTO_INCREMENT=1982 ;

--
-- dump ตาราง `trn_payment`
--

INSERT INTO `trn_payment` (`id`, `disbursement_id`, `payer_code`, `amount`) VALUES
(16, 13, '1000001', 505.00),
(17, 14, '1000001', 868.00),
(18, 15, '1000001', 3150.00),
(19, 16, '1000001', 11200.00),
(21, 18, '1000001', 10000.00),
(23, 20, '1000001', 1000.00),
(24, 21, '1000001', 23100.00),
(25, 22, '1000001', 6000.00),
(26, 23, '1000001', 8000.00),
(27, 24, '1000001', 2000.00),
(36, 31, '1000001', 139260.00),
(37, 32, '1000001', 1000.00),
(38, 33, '1000001', 17320.00),
(39, 34, '1000001', 2500.00),
(40, 35, '1000001', 4742.00),
(41, 36, '1000001', 519.60),
(42, 37, '1000001', 6645.80),
(43, 38, '1000001', 6259.00),
(44, 39, '1000001', 594.90),
(45, 40, '1000001', 1388.10),
(46, 41, '1000001', 3051.00),
(47, 42, '1000001', 17200.00),
(48, 43, '1000001', 10000.00),
(49, 44, '1000001', 100.00),
(50, 45, '1000001', 2000.00),
(51, 46, '1000001', 2000.00),
(52, 47, '1000001', 2000.00),
(53, 48, '1000001', 1000.00),
(54, 49, '1000001', 10000.00),
(55, 50, '1000001', 804.00),
(56, 51, '1000001', 100.00),
(57, 52, '1000001', 2440.00),
(58, 53, '1000001', 3625.00),
(59, 54, '1000001', 1730.00),
(60, 55, '1000001', 94940.00),
(61, 56, '1000001', 2848.20),
(62, 57, '0002003', 10000.00),
(63, 58, '0002003', 100.00),
(64, 59, '1000001', 23200.00),
(65, 60, '1000001', 139260.00),
(68, 63, '1000001', 6259.00),
(69, 64, '1000001', 594.90),
(70, 65, '1000001', 3051.00),
(71, 66, '1000001', 1388.10),
(72, 67, '1000001', 4742.00),
(73, 68, '1000001', 2848.20),
(74, 69, '1000001', 519.60),
(75, 70, '1000001', 6645.80),
(76, 71, '1000001', 2340.00),
(77, 72, '1000001', 4860.00),
(78, 73, '1000001', 6335.00),
(79, 74, '1000001', 2775.00),
(80, 75, '1000001', 3390.00),
(81, 76, '1000001', 1380.00),
(82, 77, '1000001', 360.00),
(83, 78, '1000001', 100.00),
(84, 79, '1000001', 1000.00),
(85, 80, '1000001', 10100.00),
(86, 81, '0019796', 12000.00),
(87, 82, '1000001', 2000.00),
(88, 83, '1000001', 3125.00),
(89, 84, '1000001', 400.00),
(90, 85, '1000001', 10325.00),
(91, 86, '1000001', 69480.00),
(92, 87, '1000001', 1400.00),
(93, 88, '1000001', 2200.00),
(94, 89, '1000001', 2000.00),
(95, 90, '1000001', 2760.00),
(96, 91, '1000001', 960.00),
(97, 92, '1000001', 1600.00),
(98, 93, '1000001', 1000.00),
(99, 94, '1000001', 800.00),
(100, 95, '1000001', 800.00),
(101, 96, '1000001', 2000.00),
(102, 97, '1000001', 1980.00),
(103, 98, '1000001', 11493.00),
(104, 99, '1000001', 180.00),
(105, 100, '1000001', 1460.00),
(106, 101, '1000001', 94940.00),
(107, 102, '1000001', 17320.00),
(108, 103, '1000001', 2500.00),
(109, 104, '1000001', 1000.00),
(110, 105, '1000001', 400.00),
(111, 106, '1000001', 8600.00),
(112, 107, '1000001', 56760.00),
(113, 108, '1000001', 2000.00),
(114, 109, '1000001', 6480.00),
(115, 110, '1000001', 1600.00),
(116, 111, '1000001', 2000.00),
(117, 112, '1000001', 2800.00),
(118, 113, '1000001', 1000.00),
(119, 114, '1000001', 1100.00),
(120, 115, '1000001', 1000.00),
(121, 116, '1000001', 1680.00),
(122, 117, '1000001', 1917.00),
(123, 118, '1000001', 3600.00),
(124, 119, '1000001', 1539.00),
(125, 120, '1000001', 1620.00),
(126, 121, '1000001', 800.00),
(127, 122, '1000001', 1600.00),
(128, 123, '1000001', 1980.00),
(129, 124, '1000001', 139260.00),
(130, 125, '1000001', 1000.00),
(131, 126, '1000001', 6259.00),
(132, 127, '1000001', 3051.00),
(133, 128, '1000001', 594.90),
(134, 129, '1000001', 1388.10),
(135, 130, '1000001', 94940.00),
(136, 131, '1000001', 17320.00),
(137, 132, '1000001', 2500.00),
(138, 133, '1000001', 4742.00),
(139, 134, '1000001', 519.60),
(140, 135, '1000001', 2848.20),
(141, 136, '1000001', 6645.80),
(142, 137, '0002003', 10000.00),
(143, 138, '0002003', 100.00),
(144, 139, '0016248', 5600.00),
(145, 140, '0019796', 5600.00),
(146, 141, '0016444', 16800.00),
(147, 142, '0024496', 3000.00),
(148, 143, '0006458', 3000.00),
(149, 144, '0027321', 3000.00),
(150, 145, '1000001', 600.00),
(151, 146, '1000001', 50.00),
(152, 147, '1000001', 2440.00),
(153, 148, '1000001', 8292.00),
(154, 149, '1000001', 3500.00),
(155, 150, '1000001', 2500.00),
(156, 151, '1000001', 80.00),
(157, 152, '1000001', 5000.00),
(158, 153, '1000001', 2440.00),
(159, 154, '1000001', 300.00),
(160, 155, '1000001', 673.47),
(161, 156, '1000001', 538.43),
(162, 157, '1000001', 6944.00),
(163, 158, '1000001', 2000.00),
(164, 159, '1000001', 2000.00),
(165, 160, '1000001', 14500.00),
(166, 161, '1000001', 2300.00),
(167, 162, '1000001', 3477.00),
(168, 163, '1000001', 3125.00),
(169, 164, '0016248', 5600.00),
(170, 165, '0019796', 5600.00),
(171, 166, '0016444', 5600.00),
(172, 167, '0024496', 3000.00),
(173, 168, '0006458', 3000.00),
(174, 169, '0027321', 3000.00),
(175, 170, '0002003', 10000.00),
(176, 171, '0002003', 100.00),
(177, 172, '1000001', 139260.00),
(178, 173, '1000001', 1000.00),
(179, 174, '1000001', 6259.00),
(180, 175, '1000001', 3051.00),
(181, 176, '1000001', 594.90),
(182, 177, '1000001', 1388.10),
(183, 178, '1000001', 17320.00),
(184, 179, '1000001', 94940.00),
(185, 180, '1000001', 2500.00),
(186, 181, '1000001', 4742.00),
(187, 182, '1000001', 519.60),
(188, 183, '1000001', 2848.20),
(189, 184, '1000001', 6645.80),
(190, 185, '1000001', 23700.00),
(191, 186, '1000001', 400.00),
(192, 187, '1000001', 6222.00),
(193, 188, '1000001', 37200.00),
(194, 189, '1000001', 2340.00),
(195, 190, '1000001', 180.00),
(196, 191, '1000001', 400.00),
(197, 192, '1000001', 1530.00),
(198, 193, '0019796', 6000.00),
(199, 194, '1000001', 660.00),
(200, 195, '1000001', 2000.00),
(201, 196, '0016444', 2000.00),
(202, 197, '0027321', 8000.00),
(203, 198, '1000001', 0.00),
(204, 199, '1000001', 2100.00),
(205, 200, '1000001', 2625.00),
(206, 201, '1000001', 400.00),
(207, 202, '1000001', 9116.00),
(208, 203, '1000001', 55860.00),
(209, 204, '1000001', 1860.00),
(210, 205, '1000001', 1000.00),
(211, 206, '1000001', 2540.00),
(212, 207, '1000001', 30000.00),
(213, 208, '1000001', 5600.00),
(214, 209, '0019796', 5600.00),
(215, 210, '0016444', 5600.00),
(216, 211, '0024496', 3000.00),
(217, 212, '0006458', 3000.00),
(218, 213, '0027321', 3000.00),
(219, 214, '0002003', 10000.00),
(220, 215, '0002003', 100.00),
(221, 216, '1000001', 139260.00),
(222, 217, '1000001', 1000.00),
(223, 218, '1000001', 6259.00),
(224, 219, '1000001', 594.90),
(225, 220, '1000001', 3051.00),
(226, 221, '1000001', 1388.10),
(227, 222, '1000001', 17320.00),
(228, 223, '1000001', 94940.00),
(229, 224, '1000001', 2500.00),
(230, 225, '1000001', 4742.00),
(231, 226, '1000001', 519.60),
(232, 227, '1000001', 2848.20),
(233, 228, '1000001', 6645.80),
(234, 229, '1000001', 31500.00),
(235, 230, '1000001', 6044.00),
(236, 231, '1000001', 780.00),
(237, 232, '1000001', 3000.00),
(238, 233, '1000001', 1000.00),
(239, 234, '1000001', 1220.00),
(240, 235, '1000001', 2470.00),
(241, 236, '0016444', 2000.00),
(242, 237, '1000001', 700.00),
(243, 238, '1000001', 2280.00),
(244, 239, '1000001', 485.03),
(245, 240, '1000001', 517.46),
(246, 241, '1000001', 3000.00),
(247, 242, '1000001', 600.00),
(248, 243, '1000001', 800.00),
(249, 244, '1000001', 3600.00),
(250, 245, '1000001', 360.00),
(251, 246, '1000001', 1600.00),
(252, 247, '1000001', 1200.00),
(253, 248, '1000001', 2910.00),
(254, 249, '1000001', 1600.00),
(255, 250, '1000001', 2000.00),
(256, 251, '1000001', 800.00),
(257, 252, '1000001', 1000.00),
(258, 253, '1000001', 2125.00),
(259, 254, '0002003', 10000.00),
(260, 255, '0002003', 100.00),
(261, 256, '1000001', 139260.00),
(262, 257, '1000001', 1000.00),
(263, 258, '1000001', 94940.00),
(264, 259, '1000001', 17320.00),
(265, 260, '1000001', 2500.00),
(266, 261, '1000001', 6259.00),
(267, 262, '1000001', 3582.90),
(268, 263, '1000001', 1388.10),
(269, 264, '1000001', 4742.00),
(270, 265, '1000001', 2848.20),
(271, 266, '1000001', 6645.80),
(272, 267, '1000001', 519.60),
(273, 268, '1000001', 400.00),
(274, 269, '1000001', 9923.00),
(275, 270, '1000001', 65220.00),
(276, 271, '1000001', 3600.00),
(277, 272, '1000001', 2200.00),
(278, 273, '1000001', 1000.00),
(279, 274, '1000001', 2000.00),
(280, 275, '1000001', 857.00),
(281, 276, '1000001', 735.00),
(282, 277, '1000001', 180.00),
(283, 278, '1000001', 360.00),
(284, 279, '1000001', 600.00),
(285, 280, '1000001', 1760.00),
(286, 281, '1000001', 2800.00),
(287, 282, '1000001', 500.00),
(288, 283, '1000001', 750.00),
(289, 284, '1000001', 2000.00),
(290, 285, '1000001', 1200.00),
(291, 286, '1000001', 1000.00),
(292, 287, '1000001', 4000.00),
(293, 288, '1000001', 1890.00),
(294, 289, '1000001', 1800.00),
(295, 290, '1000001', 1500.00),
(296, 291, '1000001', 2190.00),
(297, 292, '1000001', 2000.00),
(298, 293, '1000001', 2920.00),
(299, 294, '1000001', 3625.00),
(300, 295, '1000001', 403.50),
(301, 296, '1000001', 4000.00),
(302, 297, '1000001', 19367.00),
(303, 298, '1000001', 900.00),
(304, 299, '1000001', 2770.00),
(305, 300, '1000001', 487.00),
(306, 301, '1000001', 345.00),
(308, 303, '1000001', 7793.00),
(309, 304, '1000001', 400.00),
(310, 305, '1000001', 46920.00),
(311, 306, '1000001', 2520.00),
(312, 307, '1000001', 50.00),
(313, 308, '0016248', 5600.00),
(314, 309, '0019796', 5600.00),
(315, 310, '0016444', 5600.00),
(316, 311, '0024496', 3000.00),
(317, 312, '0006458', 3000.00),
(318, 313, '0027321', 3000.00),
(319, 314, '1000001', 594.90),
(320, 315, '0002003', 10000.00),
(321, 316, '0002003', 100.00),
(322, 317, '0016248', 5600.00),
(323, 318, '0019796', 5600.00),
(324, 319, '0016444', 5600.00),
(325, 320, '0024496', 3000.00),
(326, 321, '0006458', 3000.00),
(327, 322, '0027321', 3000.00),
(328, 323, '1000001', 300.00),
(329, 324, '1000001', 4000.00),
(330, 325, '1000001', 3694.00),
(331, 326, '1000001', 216.00),
(332, 327, '1000001', 3000.00),
(333, 328, '1000001', 600.00),
(334, 329, '1000001', 2800.00),
(335, 330, '1000001', 1200.00),
(336, 331, '1000001', 3125.00),
(337, 332, '1000001', 12580.00),
(338, 333, '1000001', 4462.00),
(339, 334, '1000001', 223.00),
(340, 335, '1000001', 140020.00),
(341, 336, '1000001', 2000.00),
(342, 337, '1000001', 6357.00),
(343, 338, '1000001', 3681.90),
(344, 339, '1000001', 20590.00),
(345, 340, '1000001', 750.00),
(346, 341, '1000001', 617.70),
(347, 342, '1000001', 1441.30),
(348, 343, '1000001', 17930.00),
(349, 344, '1000001', 3000.00),
(350, 345, '1000001', 1047.00),
(351, 346, '1000001', 537.90),
(352, 347, '1000001', 97550.00),
(353, 348, '1000001', 3750.00),
(354, 349, '1000001', 2926.50),
(355, 350, '1000001', 6828.50),
(356, 351, '1000001', 10914.00),
(357, 352, '1000001', 2850.00),
(358, 353, '0016444', 2000.00),
(359, 354, '1000001', 1820.00),
(360, 355, '1000001', 2520.00),
(361, 356, '1000001', 400.00),
(362, 357, '1000001', 8353.00),
(363, 358, '1000001', 46440.00),
(364, 359, '1000001', 400.00),
(365, 360, '0016248', 5600.00),
(366, 361, '0019796', 5600.00),
(367, 362, '0016444', 5600.00),
(368, 363, '0024496', 3000.00),
(369, 364, '0006458', 3000.00),
(370, 365, '0027321', 3000.00),
(371, 366, '0002003', 10000.00),
(372, 367, '0002003', 100.00),
(373, 368, '1000001', 10000.00),
(374, 369, '1000001', 666.19),
(375, 370, '1000001', 1390.00),
(376, 371, '1000001', 10000.00),
(377, 372, '1000001', 2800.00),
(378, 373, '1000001', 800.00),
(379, 374, '1000001', 1600.00),
(380, 375, '1000001', 1200.00),
(381, 376, '1000001', 360.00),
(382, 377, '1000001', 180.00),
(383, 378, '1000001', 6000.00),
(384, 379, '1000001', 6500.00),
(385, 380, '1000001', 146860.00),
(386, 381, '1000001', 2000.00),
(387, 382, '1000001', 6522.00),
(388, 383, '1000001', 3887.10),
(389, 384, '1000001', 1441.30),
(390, 385, '1000001', 17930.00),
(391, 386, '1000001', 97550.00),
(392, 387, '1000001', 4797.00),
(393, 388, '1000001', 3464.40),
(394, 389, '1000001', 6828.50),
(395, 390, '1000001', 3000.00),
(396, 391, '0027321', 8000.00),
(397, 392, '1000001', 6000.00),
(398, 393, '1000001', 2000.00),
(399, 394, '1000001', 600.00),
(400, 395, '1000001', 5405.00),
(401, 396, '1000001', 2000.00),
(402, 397, '1000001', 12500.00),
(403, 398, '1000001', 12600.00),
(404, 399, '1000001', 3625.00),
(405, 400, '1000001', 10000.00),
(406, 401, '1000001', 3807.00),
(407, 402, '1000001', 2220.00),
(408, 403, '1000001', 800.00),
(409, 404, '1000001', 2520.00),
(410, 405, '1000001', 600.00),
(411, 406, '1000001', 1900.00),
(412, 407, '1000001', 8000.00),
(413, 408, '1000001', 55200.00),
(414, 409, '0016248', 5600.00),
(415, 410, '0019796', 5600.00),
(416, 411, '0016444', 5600.00),
(417, 412, '0024496', 3000.00),
(418, 413, '0006458', 3000.00),
(419, 414, '0027321', 3000.00),
(420, 415, '0002003', 10000.00),
(421, 416, '0002003', 100.00),
(422, 417, '1000001', 143560.00),
(423, 418, '1000001', 2000.00),
(424, 419, '1000001', 6357.00),
(425, 420, '1000001', 3788.10),
(426, 421, '1000001', 1441.30),
(427, 422, '1000001', 97550.00),
(428, 423, '1000001', 17930.00),
(429, 424, '1000001', 3000.00),
(430, 425, '1000001', 4797.00),
(431, 426, '1000001', 3464.40),
(432, 427, '1000001', 6828.50),
(433, 428, '1000001', 10000.00),
(434, 429, '1000001', 1320.00),
(435, 430, '1000001', 6000.00),
(436, 431, '1000001', 16000.00),
(437, 432, '1000001', 4940.00),
(438, 433, '1000001', 50.00),
(439, 434, '1000001', 3600.00),
(440, 435, '1000001', 600.00),
(441, 436, '1000001', 2175.00),
(442, 437, '1000001', 720.00),
(443, 438, '1000001', 6015.00),
(444, 439, '1000001', 400.00),
(445, 440, '1000001', 778.00),
(446, 441, '1000001', 2625.00),
(447, 442, '1000001', 2410.00),
(448, 443, '1000001', 3520.00),
(449, 444, '1000001', 1499.00),
(450, 445, '1000001', 900.00),
(451, 446, '1000001', 12000.00),
(452, 447, '1000001', 92.00),
(453, 448, '1000001', 2200.00),
(454, 449, '1000001', 2000.00),
(455, 450, '1000001', 3005.00),
(456, 451, '1000001', 10000.00),
(457, 452, '1000001', 2970.00),
(458, 453, '1000001', 2460.00),
(459, 454, '1000001', 61200.00),
(460, 455, '1000001', 6856.00),
(461, 456, '1000001', 400.00),
(462, 457, '1000001', 9000.00),
(463, 458, '0016248', 5600.00),
(464, 459, '0019796', 5600.00),
(465, 460, '0016444', 5600.00),
(466, 461, '0024496', 3000.00),
(467, 462, '0006458', 3000.00),
(468, 463, '0027321', 3000.00),
(469, 464, '1000001', 143560.00),
(470, 465, '1000001', 2000.00),
(471, 466, '1000001', 6357.00),
(472, 467, '1000001', 3170.40),
(473, 468, '1000001', 617.70),
(474, 469, '1000001', 1441.30),
(475, 470, '1000001', 17930.00),
(476, 471, '1000001', 97550.00),
(477, 472, '1000001', 3000.00),
(478, 473, '1000001', 4797.00),
(479, 474, '1000001', 537.90),
(480, 475, '1000001', 2926.50),
(481, 476, '1000001', 6828.50),
(482, 477, '0002003', 10000.00),
(483, 478, '0002003', 100.00),
(484, 479, '1000001', 3125.00),
(485, 480, '1000001', 2220.00),
(486, 481, '1000001', 13050.00),
(487, 482, '1000001', 750.00),
(488, 483, '1000001', 230.00),
(489, 484, '1000001', 2000.00),
(490, 485, '1000001', 34.00),
(491, 486, '1000001', 2000.00),
(492, 487, '1000001', 4150.00),
(493, 488, '1000001', 33250.00),
(494, 489, '1000001', 530.19),
(495, 490, '1000001', 532.43),
(496, 491, '1000001', 2230.00),
(497, 492, '1000001', 3630.00),
(498, 493, '1000001', 1550.00),
(499, 494, '1000001', 398.00),
(500, 495, '1000001', 76680.00),
(501, 496, '1000001', 400.00),
(502, 497, '1000001', 2760.00),
(503, 498, '1000001', 143560.00),
(504, 499, '1000001', 2000.00),
(505, 500, '1000001', 6357.00),
(506, 501, '1000001', 3170.40),
(507, 502, '1000001', 617.70),
(508, 503, '1000001', 1441.30),
(509, 504, '1000001', 17930.00),
(510, 505, '1000001', 97550.00),
(511, 506, '1000001', 3000.00),
(512, 507, '1000001', 4797.00),
(513, 508, '1000001', 537.90),
(514, 509, '1000001', 2926.50),
(515, 510, '1000001', 6828.50),
(516, 511, '0016248', 5600.00),
(517, 512, '0019796', 5600.00),
(518, 513, '0016444', 5600.00),
(519, 514, '0024496', 3000.00),
(520, 515, '0006458', 3000.00),
(521, 516, '0027321', 3000.00),
(522, 517, '1000001', 20000.00),
(523, 518, '0002003', 10000.00),
(524, 519, '1000001', 100.00),
(526, 521, '1000001', 1780.00),
(527, 522, '1000001', 7436.00),
(528, 523, '1000001', 1000.00),
(529, 524, '1000001', 210.00),
(530, 525, '1000001', 862.00),
(531, 526, '1000001', 1200.00),
(532, 527, '1000001', 1400.00),
(533, 528, '1000001', 13746.00),
(534, 529, '1000001', 25000.00),
(535, 530, '1000001', 8091.00),
(536, 531, '1000001', 17500.00),
(537, 532, '1000001', 481.50),
(538, 533, '1000001', 2000.00),
(539, 534, '1000001', 2140.00),
(540, 535, '1000001', 308.00),
(541, 536, '1000001', 30.00),
(542, 537, '1000001', 317.00),
(543, 538, '1000001', 1050.00),
(544, 539, '1000001', 2920.00),
(545, 540, '1000001', 43800.00),
(546, 541, '1000001', 7436.00),
(547, 542, '1000001', 80520.00),
(548, 543, '1000001', 9110.00),
(549, 544, '1000001', 400.00),
(550, 545, '1000001', 10000.00),
(551, 546, '1000001', 143560.00),
(552, 547, '1000001', 2000.00),
(553, 548, '1000001', 6357.00),
(554, 549, '1000001', 3170.40),
(555, 550, '1000001', 617.70),
(556, 551, '1000001', 1441.30),
(557, 552, '1000001', 17930.00),
(558, 553, '1000001', 97550.00),
(559, 554, '1000001', 3000.00),
(560, 555, '1000001', 4797.00),
(561, 556, '1000001', 2926.50),
(562, 557, '1000001', 537.90),
(563, 558, '1000001', 6828.50),
(564, 559, '1000001', 10000.00),
(565, 560, '1000001', 100.00),
(566, 561, '0016248', 5600.00),
(567, 562, '0019796', 5600.00),
(568, 563, '0016444', 5600.00),
(569, 564, '0024496', 3000.00),
(570, 565, '0006458', 3000.00),
(571, 566, '0027321', 3000.00),
(572, 567, '1000001', 2280.00),
(573, 568, '1000001', 26824.75),
(574, 569, '1000001', 30000.00),
(575, 570, '1000001', 214.00),
(576, 571, '1000001', 12600.00),
(577, 572, '1000001', 3240.00),
(578, 573, '1000001', 1000.00),
(579, 574, '1000001', 8000.00),
(580, 575, '1000001', 1804.00),
(581, 576, '1000001', 308.00),
(582, 577, '1000001', 1345.00),
(583, 578, '1000001', 1860.00),
(584, 579, '1000001', 2200.00),
(585, 580, '1000001', 3125.00),
(586, 581, '1000001', 1820.00),
(587, 582, '1000001', 1370.00),
(588, 583, '1000001', 2000.00),
(589, 584, '1000001', 500.00),
(590, 585, '1000001', 65.00),
(591, 586, '1000001', 1000.00),
(592, 587, '1000001', 2000.00),
(593, 588, '1000001', 3000.00),
(594, 589, '1000001', 2260.00),
(595, 590, '1000001', 7795.00),
(596, 591, '1000001', 234.00),
(597, 592, '1000001', 1000.00),
(598, 593, '1000001', 1000.00),
(599, 594, '1000001', 800.00),
(600, 595, '1000001', 4000.00),
(601, 596, '1000001', 5000.00),
(602, 597, '1000001', 6480.00),
(603, 598, '1000001', 15000.00),
(604, 599, '1000001', 10000.00),
(605, 600, '1000001', 74700.00),
(606, 601, '1000001', 9417.00),
(607, 602, '1000001', 400.00),
(608, 603, '1000001', 127589.00),
(609, 604, '1000001', 1500.00),
(610, 605, '1000001', 50.00),
(611, 606, '1000001', 2025.00),
(612, 607, '1000001', 43656.25),
(613, 608, '1000001', 1510.00),
(614, 609, '1000001', 600.00),
(615, 610, '1000001', 240.00),
(616, 611, '1000001', 280.00),
(617, 612, '1000001', 3240.00),
(618, 613, '1000001', 1400.00),
(619, 614, '1000001', 3200.00),
(620, 615, '1000001', 1800.00),
(621, 616, '1000001', 2400.00),
(622, 617, '1000001', 481.00),
(623, 618, '1000001', 1000.00),
(624, 619, '1000001', 1230.00),
(625, 620, '1000001', 2450.00),
(626, 621, '1000001', 558.54),
(627, 622, '1000001', 730.38),
(628, 623, '1000001', 0.00),
(629, 624, '1000001', 3125.00),
(630, 625, '1000001', 2420.00),
(631, 626, '1000001', 2895.00),
(632, 627, '1000001', 2000.00),
(633, 628, '1000001', 1560.00),
(634, 629, '1000001', 1000.00),
(635, 630, '1000001', 127040.00),
(636, 631, '1000001', 3000.00),
(637, 632, '1000001', 6464.00),
(638, 633, '1000001', 3630.70),
(639, 634, '1000001', 1472.10),
(640, 635, '1000001', 100140.00),
(641, 636, '1000001', 18560.00),
(642, 637, '1000001', 3500.00),
(643, 638, '1000001', 4853.00),
(644, 639, '1000001', 556.80),
(645, 640, '1000001', 3004.20),
(646, 641, '1000001', 7009.80),
(647, 642, '1000001', 25800.00),
(648, 643, '0002003', 10000.00),
(649, 644, '0002003', 100.00),
(650, 645, '1000001', 10000.00),
(651, 646, '1000001', 2975.00),
(652, 647, '1000001', 10000.00),
(653, 648, '1000001', 4860.00),
(654, 649, '1000001', 82800.00),
(655, 650, '1000001', 9600.00),
(656, 651, '1000001', 400.00),
(657, 652, '1000001', 10000.00),
(658, 653, '0002003', 10000.00),
(659, 654, '0002003', 100.00),
(660, 655, '0016248', 5600.00),
(661, 656, '0016444', 5600.00),
(662, 657, '0024496', 3000.00),
(663, 658, '0006458', 3000.00),
(664, 659, '1000001', 3000.00),
(665, 660, '1000001', 2035.00),
(666, 661, '1000001', 2970.00),
(667, 662, '1000001', 2000.00),
(668, 663, '1000001', 8000.00),
(669, 664, '1000001', 30000.00),
(670, 665, '1000001', 2295.00),
(671, 666, '1000001', 350.00),
(672, 667, '1000001', 2125.00),
(673, 668, '1000001', 127040.00),
(674, 669, '1000001', 21030.00),
(675, 670, '1000001', 6464.00),
(676, 671, '1000001', 630.90),
(677, 672, '1000001', 1472.10),
(678, 673, '1000001', 3000.00),
(679, 674, '1000001', 3630.70),
(680, 675, '1000001', 18560.00),
(681, 676, '1000001', 3500.00),
(682, 677, '1000001', 4853.00),
(683, 678, '1000001', 556.80),
(684, 679, '1000001', 100140.00),
(685, 680, '1000001', 3004.20),
(686, 681, '1000001', 7009.80),
(687, 682, '1000001', 1775.00),
(688, 683, '0016444', 2000.00),
(689, 684, '1000001', 10000.00),
(690, 685, '1000001', 11800.00),
(691, 686, '1000001', 630.90),
(692, 687, '1000001', 20200.00),
(693, 688, '1000001', 10000.00),
(694, 689, '1000001', 10000.00),
(695, 690, '1000001', 100.00),
(696, 691, '1000001', 67560.00),
(697, 692, '1000001', 8218.00),
(698, 693, '1000001', 400.00),
(699, 694, '1000001', 1655.00),
(700, 695, '1000001', 2030.00),
(701, 696, '1000001', 10000.00),
(702, 697, '1000001', 13800.00),
(703, 698, '1000001', 127040.00),
(704, 699, '1000001', 21030.00),
(705, 700, '1000001', 3000.00),
(706, 701, '1000001', 6464.00),
(707, 702, '1000001', 3630.70),
(708, 703, '1000001', 630.90),
(709, 704, '1000001', 1472.10),
(710, 705, '1000001', 18560.00),
(711, 706, '1000001', 100140.00),
(712, 707, '1000001', 3500.00),
(713, 708, '1000001', 4853.00),
(714, 709, '1000001', 556.80),
(715, 710, '1000001', 3004.20),
(716, 711, '1000001', 7009.80),
(717, 712, '1000001', 2085.00),
(718, 713, '1000001', 1000.00),
(719, 714, '1000001', 3477.50),
(720, 715, '1000001', 8100.00),
(721, 716, '1000001', 2000.00),
(722, 717, '1000001', 1020.00),
(723, 718, '1000001', 3120.00),
(724, 719, '1000001', 1000.00),
(725, 720, '0016444', 2000.00),
(726, 721, '1000001', 4560.00),
(727, 722, '1000001', 4925.00),
(728, 723, '1000001', 35000.00),
(729, 724, '1000001', 537.00),
(730, 725, '1000001', 1000.00),
(731, 726, '1000001', 1611.00),
(732, 727, '0002003', 10000.00),
(733, 728, '1000001', 100.00),
(734, 729, '1000001', 20200.00),
(735, 730, '1000001', 10000.00),
(736, 731, '1000001', 127040.00),
(737, 732, '1000001', 3000.00),
(738, 733, '1000001', 6464.00),
(739, 734, '1000001', 3630.70),
(740, 735, '1000001', 18560.00),
(741, 736, '1000001', 3500.00),
(742, 737, '1000001', 4853.00),
(743, 738, '1000001', 556.80),
(744, 739, '1000001', 21030.00),
(745, 740, '1000001', 630.90),
(746, 741, '1000001', 1472.10),
(747, 742, '1000001', 100140.00),
(748, 743, '1000001', 3004.20),
(749, 744, '1000001', 7009.80),
(750, 745, '1000001', 6058.00),
(751, 746, '1000001', 50640.00),
(752, 747, '1000001', 1000.00),
(753, 748, '1000001', 130.00),
(754, 749, '1000001', 3200.00),
(755, 750, '1000001', 6000.00),
(756, 751, '1000001', 3600.00),
(757, 752, '1000001', 2000.00),
(758, 753, '1000001', 3075.00),
(759, 754, '1000001', 2930.00),
(760, 755, '1000001', 400.00),
(761, 756, '1000001', 1500.00),
(762, 757, '0026832', 500.00),
(763, 758, '1000001', 10000.00),
(764, 759, '0016248', 5600.00),
(765, 759, '0016444', 5600.00),
(766, 759, '0024496', 3000.00),
(767, 759, '0006458', 3000.00),
(768, 759, '0027321', 3000.00),
(769, 760, '0002003', 10000.00),
(770, 761, '0002003', 100.00),
(771, 762, '1000001', 127040.00),
(772, 763, '1000001', 3000.00),
(773, 764, '1000001', 6464.00),
(774, 765, '1000001', 3630.70),
(775, 766, '1000001', 21030.00),
(776, 767, '1000001', 630.90),
(777, 768, '1000001', 1472.10),
(778, 769, '1000001', 18560.00),
(779, 770, '1000001', 3500.00),
(780, 771, '1000001', 4853.00),
(781, 772, '1000001', 556.80),
(782, 773, '1000001', 100140.00),
(783, 774, '1000001', 3004.20),
(784, 775, '1000001', 7009.80),
(785, 776, '1000001', 400.00),
(786, 777, '1000001', 8014.00),
(787, 778, '1000001', 59640.00),
(788, 779, '1000001', 17000.00),
(789, 780, '1000001', 3000.00),
(790, 781, '1000001', 1000.00),
(791, 782, '1000001', 2820.00),
(792, 783, '1000001', 13079.00),
(793, 784, '1000001', 2125.00),
(794, 785, '1000001', 3125.00),
(795, 786, '1000001', 487.59),
(796, 787, '1000001', 551.91),
(797, 788, '1000001', 536.39),
(798, 789, '1000001', 1980.00),
(799, 790, '1000001', 766.00),
(800, 791, '1000001', 800.00),
(801, 792, '1000001', 2000.00),
(802, 793, '1000001', 2865.00),
(803, 794, '1000001', 2720.00),
(804, 795, '1000001', 1500.00),
(805, 796, '1000001', 400.00),
(806, 797, '1000001', 71040.00),
(807, 798, '1000001', 8898.00),
(808, 799, '1000001', 2340.00),
(809, 800, '1000001', 360.00),
(810, 801, '1000001', 2000.00),
(811, 802, '1000001', 2245.00),
(812, 803, '1000001', 3125.00),
(813, 804, '1000001', 540.00),
(814, 805, '0027017', 5000.00),
(815, 805, '0023421', 5000.00),
(816, 806, '1000001', 1800.00),
(817, 807, '1000001', 1000.00),
(818, 808, '1000001', 10000.00),
(819, 809, '1000001', 20200.00),
(820, 810, '1000001', 10000.00),
(821, 811, '1000001', 100.00),
(822, 812, '1000001', 127040.00),
(823, 813, '1000001', 3000.00),
(824, 814, '1000001', 6464.00),
(825, 815, '1000001', 3630.70),
(826, 816, '1000001', 18560.00),
(827, 817, '1000001', 3500.00),
(828, 818, '1000001', 4853.00),
(829, 819, '1000001', 556.80),
(830, 820, '1000001', 21030.00),
(831, 821, '1000001', 630.90),
(832, 822, '1000001', 1472.10),
(833, 823, '1000001', 100140.00),
(834, 824, '1000001', 3004.20),
(835, 825, '1000001', 7009.80),
(836, 826, '1000001', 1500.00),
(837, 827, '1000001', 3725.00),
(838, 828, '1000001', 94.00),
(839, 829, '1000001', 512.75),
(840, 830, '1000001', 2280.00),
(841, 831, '1000001', 470.48),
(842, 832, '1000001', 3060.00),
(843, 833, '1000001', 1000.00),
(844, 834, '1000001', 1500.00),
(845, 835, '1000001', 360.00),
(846, 836, '1000001', 6450.00),
(847, 837, '1000001', 1020.00),
(848, 838, '1000001', 1750.00),
(850, 840, '1000001', 400.00),
(851, 841, '1000001', 8868.00),
(852, 842, '1000001', 79980.00),
(853, 843, '1000001', 2515.00),
(854, 844, '1000001', 44000.00),
(855, 845, '0016248', 5600.00),
(856, 845, '0016444', 5600.00),
(857, 845, '0024496', 3000.00),
(858, 845, '0006458', 3000.00),
(859, 845, '0027321', 3000.00),
(860, 846, '1000001', 10000.00),
(861, 847, '0002003', 10000.00),
(862, 848, '0002003', 100.00),
(863, 849, '1000001', 130630.00),
(864, 850, '1000001', 3120.00),
(865, 851, '1000001', 6523.00),
(866, 852, '1000001', 3735.80),
(867, 853, '1000001', 19170.00),
(868, 854, '1000001', 3500.00),
(869, 855, '1000001', 4884.00),
(870, 856, '1000001', 575.10),
(871, 857, '1000001', 21710.00),
(872, 858, '1000001', 651.30),
(873, 859, '1000001', 1519.70),
(874, 860, '1000001', 102830.00),
(875, 861, '1000001', 3084.90),
(876, 862, '1000001', 7198.10),
(877, 863, '1000001', 640.31),
(878, 864, '1000001', 12075.00),
(879, 865, '1000001', 4215.00),
(880, 866, '1000001', 1000.00),
(881, 867, '1000001', 2405.00),
(882, 868, '1000001', 12000.00),
(883, 869, '1000001', 1500.00),
(884, 870, '1000001', 55544.75),
(885, 871, '1000001', 2000.00),
(886, 872, '1000001', 800.00),
(887, 873, '1000001', 2600.00),
(888, 874, '1000001', 3600.00),
(889, 875, '1000001', 2700.00),
(890, 876, '1000001', 4125.00),
(891, 877, '1000001', 3625.00),
(892, 878, '1000001', 400.00),
(893, 879, '1000001', 75900.00),
(894, 880, '1000001', 7030.00),
(895, 881, '1000001', 6242.00),
(896, 882, '1000001', 1600.00),
(897, 883, '1000001', 2200.00),
(898, 884, '1000001', 3000.00),
(899, 885, '1000001', 40200.00),
(900, 886, '1000001', 18122.00),
(901, 887, '1000001', 2805.00),
(902, 888, '0027321', 3000.00),
(903, 888, '0024496', 3000.00),
(904, 888, '0016444', 5600.00),
(905, 888, '0016248', 5600.00),
(906, 888, '0006458', 3000.00),
(907, 889, '1000001', 10000.00),
(908, 890, '0002003', 10000.00),
(909, 891, '0002003', 100.00),
(910, 892, '1000001', 310.00),
(911, 893, '1000001', 310.00),
(912, 894, '1000001', 80.00),
(913, 895, '1000001', 2000.00),
(914, 896, '1000001', 3000.00),
(915, 897, '1000001', 2520.00),
(916, 898, '1000001', 1000.00),
(917, 899, '1000001', 10000.00),
(918, 900, '1000001', 2925.00),
(919, 901, '1000001', 4575.00),
(920, 902, '1000001', 20980.00),
(921, 903, '1000001', 8305.00),
(922, 904, '1000001', 80520.00),
(923, 905, '1000001', 400.00),
(924, 906, '1000001', 4300.00),
(925, 907, '1000001', 10000.00),
(926, 908, '1000001', 1000.00),
(927, 909, '1000001', 11604.00),
(928, 910, '1000001', 578.23),
(929, 911, '1000001', 3150.00),
(930, 912, '1000001', 1000.00),
(931, 913, '1000001', 12978.00),
(932, 914, '1000001', 1020.00),
(933, 915, '1000001', 2000.00),
(934, 916, '1000001', 2400.00),
(935, 917, '1000001', 2580.00),
(936, 918, '1000001', 130630.00),
(937, 919, '1000001', 21710.00),
(938, 920, '1000001', 3120.00),
(939, 921, '1000001', 6523.00),
(940, 922, '1000001', 3735.80),
(941, 923, '1000001', 651.30),
(942, 924, '1000001', 1519.70),
(943, 925, '1000001', 19170.00),
(944, 926, '1000001', 102830.00),
(945, 927, '1000001', 3500.00),
(946, 928, '1000001', 4884.00),
(947, 929, '1000001', 575.10),
(948, 930, '1000001', 3084.00),
(949, 931, '1000001', 7198.10),
(950, 932, '1000001', 0.90),
(951, 933, '0002003', 10000.00),
(952, 934, '0002003', 100.00),
(953, 935, '0016248', 5600.00),
(954, 935, '0016444', 5600.00),
(955, 935, '0024496', 3000.00),
(956, 935, '0006458', 3000.00),
(957, 935, '0027321', 3000.00),
(958, 936, '1000001', 10000.00),
(959, 937, '1000001', 130630.00),
(960, 938, '1000001', 21710.00),
(961, 939, '1000001', 3120.00),
(962, 940, '1000001', 6523.00),
(963, 941, '1000001', 3735.80),
(964, 942, '1000001', 651.30),
(965, 943, '1000001', 1519.70),
(966, 944, '1000001', 19170.00),
(967, 945, '1000001', 102830.00),
(968, 946, '1000001', 3500.00),
(969, 947, '1000001', 4884.00),
(970, 948, '1000001', 575.10),
(971, 949, '1000001', 3084.90),
(972, 950, '1000001', 7198.10),
(973, 951, '1000001', 524.19),
(974, 952, '1000001', 2771.00),
(975, 953, '1000001', 1080.00),
(976, 954, '1000001', 1000.00),
(977, 955, '1000001', 2045.00),
(978, 956, '1000001', 2555.00),
(979, 957, '1000001', 3625.00),
(980, 958, '1000001', 8429.00),
(981, 959, '1000001', 85560.00),
(982, 960, '1000001', 300.00),
(983, 961, '1000001', 300.00),
(984, 962, '1000001', 300.00),
(985, 963, '1000001', 300.00),
(986, 964, '1000001', 300.00),
(987, 965, '1000001', 2000.00),
(988, 966, '1000001', 2000.00),
(989, 967, '1000001', 2690.00),
(990, 968, '1000001', 40.00),
(991, 969, '1000001', 400.00),
(992, 970, '1000001', 7943.00),
(993, 971, '0002003', 10000.00),
(994, 972, '0002003', 100.00),
(995, 973, '1000001', 10000.00),
(996, 974, '0016248', 5600.00),
(997, 974, '0016444', 5600.00),
(998, 974, '0024496', 3000.00),
(999, 974, '0006458', 3000.00),
(1000, 974, '0027321', 3000.00),
(1001, 975, '1000001', 300.00),
(1002, 976, '1000001', 1000.00),
(1003, 977, '1000001', 1000.00),
(1004, 978, '1000001', 3025.00),
(1005, 979, '1000001', 2025.00),
(1006, 980, '1000001', 794.00),
(1007, 981, '1000001', 794.00),
(1008, 982, '1000001', 1764.00),
(1009, 983, '1000001', 2850.00),
(1010, 984, '1000001', 400.00),
(1011, 985, '1000001', 7705.00),
(1012, 986, '1000001', 78960.00),
(1013, 987, '1000001', 219.00),
(1014, 988, '1000001', 12600.00),
(1015, 989, '1000001', 1400.00),
(1016, 990, '1000001', 7600.00),
(1017, 991, '1000001', 1970.00),
(1018, 992, '1000001', 2625.00),
(1019, 993, '1000001', 2929.00),
(1020, 994, '1000001', 12000.00),
(1021, 995, '1000001', 21710.00),
(1022, 996, '1000001', 3120.00),
(1023, 997, '1000001', 19170.00),
(1024, 998, '1000001', 3500.00),
(1025, 999, '1000001', 6523.00),
(1026, 1000, '1000001', 3735.80),
(1027, 1001, '1000001', 651.30),
(1028, 1002, '1000001', 1519.70),
(1029, 1003, '1000001', 4884.00),
(1030, 1004, '1000001', 575.10),
(1031, 1005, '1000001', 3084.90),
(1032, 1006, '1000001', 7198.10),
(1033, 1007, '1000001', 2968.00),
(1034, 1008, '1000001', 717.16),
(1035, 1009, '1000001', 10000.00),
(1036, 1010, '0016248', 5600.00),
(1037, 1010, '0016444', 5600.00),
(1038, 1010, '0024496', 3000.00),
(1039, 1010, '0006458', 3000.00),
(1040, 1010, '0027321', 3000.00),
(1041, 1011, '1000001', 882.91),
(1042, 1012, '1000001', 2280.00),
(1043, 1013, '1000001', 130630.00),
(1044, 1014, '1000001', 3120.00),
(1045, 1015, '1000001', 6523.00),
(1046, 1016, '1000001', 3735.80),
(1047, 1017, '1000001', 22570.00),
(1048, 1018, '1000001', 677.10),
(1049, 1019, '1000001', 1579.90),
(1050, 1020, '1000001', 19170.00),
(1051, 1021, '1000001', 3500.00),
(1052, 1022, '1000001', 4884.00),
(1053, 1023, '1000001', 575.10),
(1054, 1024, '1000001', 106960.00),
(1055, 1025, '1000001', 3208.80),
(1056, 1026, '1000001', 7487.20),
(1057, 1027, '1000001', 49127.77),
(1058, 1028, '1000001', 11900.00),
(1059, 1029, '1000001', 6500.00),
(1060, 1030, '1000001', 3000.00),
(1061, 1031, '1000001', 6099.00),
(1062, 1032, '1000001', 1256.00),
(1063, 1033, '1000001', 2940.00),
(1064, 1034, '1000001', 2185.00),
(1065, 1035, '1000001', 3560.00),
(1066, 1036, '1000001', 1875.00),
(1067, 1037, '1000001', 300.00),
(1068, 1038, '1000001', 250.00),
(1069, 1039, '1000001', 240.00),
(1070, 1040, '1000001', 225.00),
(1071, 1041, '1000001', 3010.00),
(1072, 1042, '1000001', 1710.00),
(1073, 1043, '1000001', 1700.00),
(1074, 1044, '1000001', 7072.00),
(1075, 1045, '1000001', 2795.00),
(1076, 1046, '0002003', 10000.00),
(1077, 1047, '0002003', 100.00),
(1078, 1048, '1000001', 300000.00),
(1079, 1049, '1000001', 400.00),
(1080, 1050, '1000001', 85920.00),
(1081, 1051, '1000001', 9747.00),
(1082, 1052, '1000001', 14000.00),
(1083, 1053, '1000001', 2000.00),
(1084, 1054, '1000001', 9790.50),
(1085, 1055, '1000001', 282.00),
(1086, 1056, '1000001', 9766.00),
(1087, 1057, '1000001', 1200.00),
(1088, 1058, '1000001', 8610.00),
(1089, 1059, '1000001', 1835.00),
(1090, 1060, '1000001', 8412.00),
(1091, 1061, '1000001', 7050.00),
(1092, 1062, '1000001', 1050.00),
(1093, 1063, '1000001', 330.00),
(1094, 1064, '1000001', 1600.00),
(1095, 1065, '1000001', 1600.00),
(1096, 1066, '1000001', 800.00),
(1097, 1067, '1000001', 1000.00),
(1098, 1068, '1000001', 800.00),
(1099, 1069, '1000001', 8544.00),
(1100, 1070, '1000001', 29718.00),
(1101, 1071, '1000001', 2700.00),
(1102, 1072, '1000001', 20000.00),
(1103, 1073, '1000001', 4320.00),
(1104, 1074, '1000001', 100.00),
(1105, 1075, '1000001', 58978.00),
(1106, 1076, '1000001', 60.00),
(1107, 1077, '1000001', 2705.00),
(1108, 1078, '1000001', 3130.00),
(1109, 1079, '1000001', 30000.00),
(1110, 1080, '1000001', 1287.00),
(1111, 1081, '1000001', 10000.00),
(1112, 1082, '0016248', 5600.00),
(1113, 1082, '0016444', 5600.00),
(1114, 1082, '0024496', 3000.00),
(1115, 1082, '0006458', 3000.00),
(1116, 1082, '0027321', 3000.00),
(1117, 1083, '0002003', 10000.00),
(1118, 1084, '0002003', 100.00),
(1119, 1085, '1000001', 130630.00),
(1120, 1086, '1000001', 22570.00),
(1121, 1087, '1000001', 3120.00),
(1122, 1088, '1000001', 6523.00),
(1123, 1089, '1000001', 3735.80),
(1124, 1090, '1000001', 677.10),
(1125, 1091, '1000001', 1579.90),
(1126, 1092, '1000001', 19170.00),
(1127, 1093, '1000001', 106960.00),
(1128, 1094, '1000001', 3500.00),
(1129, 1095, '1000001', 4884.00),
(1130, 1096, '1000001', 575.10),
(1131, 1097, '1000001', 3208.80),
(1132, 1098, '1000001', 7487.20),
(1133, 1099, '1000001', 579.00),
(1134, 1100, '1000001', 6527.00),
(1135, 1101, '1000001', 1000.00),
(1136, 1102, '1000001', 1000.00),
(1137, 1103, '1000001', 960.00),
(1138, 1104, '1000001', 7300.00),
(1139, 1105, '1000001', 5870.00),
(1140, 1106, '1000001', 2355.00),
(1141, 1107, '1000001', 638.25),
(1142, 1108, '1000001', 400.00),
(1143, 1109, '1000001', 91620.00),
(1144, 1110, '1000001', 7785.00),
(1145, 1111, '1000001', 47300.00),
(1146, 1112, '1000001', 1000.00),
(1147, 1113, '1000001', 500.00),
(1148, 1114, '1000001', 736.00),
(1149, 1115, '1000001', 1000.00),
(1150, 1116, '1000001', 15000.00),
(1151, 1117, '1000001', 17000.00),
(1152, 1118, '1000001', 2850.00),
(1153, 1119, '1000001', 2415.00),
(1154, 1120, '1000001', 3200.00),
(1155, 1121, '1000001', 2400.00),
(1156, 1122, '1000001', 1600.00),
(1157, 1123, '1000001', 1000.00),
(1158, 1124, '1000001', 1800.00),
(1159, 1125, '1000001', 800.00),
(1160, 1126, '1000001', 1620.00),
(1161, 1127, '1000001', 1000.00),
(1162, 1128, '1000001', 654.00),
(1163, 1129, '1000001', 2890.00),
(1164, 1130, '1000001', 4600.00),
(1165, 1131, '1000001', 3000.00),
(1166, 1132, '1000001', 500.00),
(1167, 1133, '1000001', 145538.00),
(1168, 1134, '1000001', 2420.00),
(1169, 1135, '1000001', 2505.00),
(1170, 1136, '1000001', 5358.00),
(1171, 1137, '1000001', 400.00),
(1172, 1138, '1000001', 83280.00),
(1173, 1139, '1000001', 9039.00),
(1174, 1140, '1000001', 429.00),
(1175, 1141, '1000001', 2000.00),
(1176, 1142, '1000001', 2880.00),
(1177, 1143, '1000001', 1500.00),
(1178, 1144, '1000001', 1314.00),
(1179, 1145, '1000001', 30.00),
(1180, 1146, '1000001', 10000.00),
(1181, 1147, '1000001', 20200.00),
(1182, 1148, '1000001', 10000.00),
(1183, 1149, '1000001', 100.00),
(1184, 1150, '1000001', 134770.00),
(1185, 1151, '1000001', 23180.00),
(1186, 1152, '1000001', 3000.00),
(1187, 1153, '1000001', 5814.00),
(1188, 1154, '1000001', 4055.80),
(1189, 1155, '1000001', 750.00),
(1190, 1156, '1000001', 695.40),
(1191, 1157, '1000001', 1622.60),
(1192, 1158, '1000001', 19840.00),
(1193, 1159, '1000001', 3500.00),
(1194, 1160, '1000001', 4917.00),
(1195, 1161, '1000001', 705.60),
(1196, 1162, '1000001', 109920.00),
(1197, 1163, '1000001', 4648.30),
(1198, 1164, '1000001', 7694.40),
(1199, 1165, '0002003', 10000.00),
(1200, 1166, '0002003', 100.00),
(1201, 1167, '0016248', 5600.00),
(1202, 1167, '0016444', 5600.00),
(1203, 1167, '0024496', 3000.00),
(1204, 1167, '0006458', 3000.00),
(1205, 1167, '0027321', 3000.00),
(1206, 1168, '1000001', 10000.00),
(1207, 1169, '1000001', 600.00),
(1208, 1170, '1000001', 2400.00),
(1209, 1171, '1000001', 4860.00),
(1210, 1172, '1000001', 3090.00),
(1211, 1173, '1000001', 3625.00),
(1212, 1174, '1000001', 134770.00),
(1213, 1175, '1000001', 3000.00),
(1214, 1176, '1000001', 6564.00),
(1215, 1177, '1000001', 4055.80),
(1216, 1178, '1000001', 23180.00),
(1217, 1179, '1000001', 695.40),
(1218, 1180, '1000001', 1622.60),
(1219, 1181, '1000001', 109920.00),
(1220, 1182, '1000001', 3750.00),
(1221, 1183, '1000001', 4648.30),
(1222, 1184, '1000001', 7694.40),
(1223, 1185, '1000001', 19840.00),
(1224, 1186, '1000001', 3500.00),
(1225, 1187, '1000001', 705.60),
(1226, 1188, '1000001', 1167.00),
(1227, 1189, '1000001', 33000.00),
(1228, 1190, '1000001', 420.00),
(1229, 1191, '1000001', 537.00),
(1230, 1192, '1000001', 550.00),
(1231, 1193, '1000001', 10000.00),
(1232, 1194, '1000001', 1560.00),
(1233, 1195, '1000001', 720.00),
(1234, 1196, '1000001', 400.00),
(1235, 1197, '1000001', 1400.00),
(1236, 1198, '1000001', 10000.00),
(1237, 1199, '1000001', 2680.00),
(1238, 1200, '1000001', 3125.00),
(1239, 1201, '1000001', 3360.00),
(1240, 1202, '1000001', 5325.00),
(1242, 1204, '1000001', 600.05),
(1243, 1205, '1000001', 2900.00),
(1244, 1206, '1000001', 2460.00),
(1245, 1207, '1000001', 9089.00),
(1246, 1208, '1000001', 400.00),
(1247, 1209, '1000001', 80580.00),
(1248, 1210, '1000001', 10150.00),
(1249, 1211, '1000001', 550.00),
(1250, 1212, '1000001', 2800.00),
(1251, 1213, '1000001', 10000.00),
(1252, 1214, '1000001', 10000.00),
(1253, 1215, '1000001', 100.00),
(1254, 1216, '1000001', 134770.00),
(1255, 1217, '1000001', 3000.00),
(1256, 1218, '1000001', 6564.00),
(1257, 1219, '1000001', 4055.80),
(1258, 1220, '1000001', 23180.00),
(1259, 1221, '1000001', 695.40),
(1260, 1222, '1000001', 1622.60),
(1261, 1223, '1000001', 19840.00),
(1262, 1224, '1000001', 3500.00),
(1263, 1225, '1000001', 4917.00),
(1264, 1226, '1000001', 705.60),
(1265, 1227, '1000001', 109920.00),
(1266, 1228, '1000001', 4648.30),
(1267, 1229, '1000001', 7694.40),
(1268, 1230, '1000001', 5000.00),
(1269, 1231, '1000001', 1200.00),
(1270, 1232, '1000001', 2200.00),
(1271, 1233, '1000001', 8100.00),
(1272, 1234, '1000001', 200.00),
(1273, 1235, '1000001', 20200.00),
(1274, 1236, '1000001', 2690.00),
(1275, 1237, '1000001', 21394.50),
(1276, 1238, '1000001', 5500.00),
(1277, 1239, '1000001', 300.00),
(1278, 1240, '1000001', 10000.00),
(1279, 1241, '1000001', 1200.00),
(1280, 1242, '1000001', 2830.00),
(1281, 1243, '1000001', 2000.00),
(1282, 1244, '1000001', 300.00),
(1283, 1245, '1000001', 720.00),
(1284, 1246, '1000001', 1000.00),
(1287, 1249, '1000001', 374.82),
(1288, 1250, '1000001', 800.00),
(1289, 1251, '1000001', 4400.00),
(1290, 1252, '1000001', 1600.00),
(1291, 1253, '1000001', 8177.00),
(1292, 1254, '1000001', 73080.00),
(1293, 1255, '1000001', 2000.00),
(1294, 1256, '1000001', 400.00),
(1295, 1257, '1000001', 1200.00),
(1296, 1258, '1000001', 2675.00),
(1297, 1259, '1000001', 23180.00),
(1298, 1260, '1000001', 3938.00),
(1299, 1261, '1000001', 695.40),
(1300, 1262, '1000001', 1622.60),
(1301, 1263, '1000001', 109920.00),
(1302, 1264, '1000001', 2950.00),
(1303, 1265, '1000001', 7694.40),
(1304, 1266, '1000001', 134770.00),
(1305, 1267, '1000001', 3000.00),
(1307, 1269, '1000001', 705.60),
(1308, 1270, '1000001', 19840.00),
(1309, 1271, '1000001', 3500.00),
(1310, 1272, '1000001', 4055.80),
(1311, 1273, '1000001', 4648.30),
(1312, 1274, '1000001', 10000.00),
(1314, 1276, '0002003', 10000.00),
(1315, 1277, '0002003', 100.00),
(1316, 1278, '0016248', 5600.00),
(1317, 1278, '0016444', 5600.00),
(1318, 1278, '0024496', 3000.00),
(1319, 1278, '0006458', 3000.00),
(1320, 1278, '0027321', 3000.00),
(1321, 1279, '1000001', 2160.00),
(1322, 1280, '1000001', 180.00),
(1323, 1281, '1000001', 180.00),
(1324, 1282, '1000001', 3510.00),
(1325, 1283, '1000001', 999.00),
(1326, 1284, '1000001', 751600.00),
(1327, 1285, '1000001', 1845.00),
(1328, 1286, '1000001', 7795.00),
(1329, 1287, '1000001', 3945.00),
(1330, 1288, '1000001', 700.00),
(1331, 1289, '0016248', 5600.00),
(1332, 1289, '0016444', 5600.00),
(1333, 1289, '0024496', 3000.00),
(1334, 1289, '0006458', 3000.00),
(1335, 1289, '0027321', 3000.00),
(1336, 1290, '0002003', 10000.00),
(1337, 1291, '0002003', 100.00),
(1352, 1306, '1000001', 12180.00),
(1353, 1307, '1000001', 3000.00),
(1354, 1308, '1000001', 675.00),
(1355, 1309, '1000001', 6800.00),
(1356, 1310, '1000001', 6387.00),
(1357, 1311, '1000001', 400.00),
(1358, 1312, '1000001', 57840.00),
(1360, 1314, '1000001', 604.88),
(1361, 1315, '1000001', 3125.00),
(1362, 1316, '1000001', 300.00),
(1363, 1317, '1000001', 2455.00),
(1365, 1319, '1000001', 2975.00),
(1366, 1320, '1000001', 311.00),
(1367, 1321, '1000001', 600.00),
(1368, 1322, '1000001', 23180.00),
(1369, 1323, '1000001', 115900.00),
(1370, 1324, '1000001', 3000.00),
(1371, 1325, '1000001', 3488.00),
(1372, 1326, '1000001', 695.40),
(1373, 1327, '1000001', 1622.60),
(1374, 1328, '1000001', 4055.80),
(1375, 1329, '1000001', 19840.00),
(1376, 1330, '1000001', 109920.00),
(1377, 1331, '1000001', 2950.00),
(1378, 1332, '1000001', 3500.00),
(1379, 1333, '1000001', 4648.30),
(1380, 1334, '1000001', 7694.40),
(1381, 1335, '1000001', 705.60),
(1382, 1336, '1000001', 2200.00),
(1383, 1337, '1000001', 800.00),
(1384, 1338, '1000001', 2000.00),
(1385, 1339, '1000001', 300.00),
(1386, 1340, '1000001', 1960.00),
(1387, 1341, '1000001', 2435.00),
(1388, 1342, '1000001', 250.00),
(1389, 1343, '1000001', 2160.00),
(1390, 1344, '1000001', 400.00),
(1391, 1345, '1000001', 5390.00),
(1392, 1346, '1000001', 7286.00),
(1393, 1347, '1000001', 54180.00),
(1394, 1348, '1000001', 6863.00),
(1395, 1349, '1000001', 1900.00),
(1396, 1350, '1000001', 310.00),
(1397, 1351, '1000001', 310.00),
(1398, 1352, '1000001', 3125.00),
(1399, 1353, '1000001', 599.73),
(1405, 1359, '1000001', 3000.00),
(1406, 1360, '1000001', 2220.00),
(1407, 1361, '1000001', 800.00),
(1408, 1362, '0002003', 10000.00),
(1409, 1363, '0002003', 100.00),
(1410, 1364, '0016248', 5600.00),
(1411, 1364, '0016444', 5600.00),
(1412, 1364, '0024496', 3000.00),
(1413, 1364, '0006458', 3000.00),
(1414, 1364, '0027321', 3000.00),
(1415, 1365, '1000001', 115900.00),
(1416, 1366, '1000001', 3000.00),
(1417, 1367, '1000001', 3488.00),
(1418, 1368, '1000001', 4055.80),
(1419, 1369, '1000001', 23180.00),
(1420, 1370, '1000001', 695.40),
(1421, 1371, '1000001', 1622.60),
(1422, 1372, '1000001', 19840.00),
(1423, 1373, '1000001', 3500.00),
(1424, 1374, '1000001', 2950.00),
(1425, 1375, '1000001', 705.60),
(1426, 1376, '1000001', 109920.00),
(1427, 1377, '1000001', 4648.30),
(1428, 1378, '1000001', 7694.40),
(1429, 1379, '1000001', 7599.00),
(1430, 1380, '1000001', 10000.00),
(1431, 1381, '1000001', 253.00),
(1432, 1382, '1000001', 300.00),
(1433, 1383, '1000001', 269.00),
(1434, 1384, '1000001', 2600.00),
(1435, 1385, '1000001', 1550.00),
(1436, 1386, '1000001', 850.00),
(1437, 1387, '1000001', 4500.00),
(1438, 1388, '1000001', 1400.00),
(1439, 1389, '1000001', 1000.00),
(1440, 1390, '1000001', 533.72),
(1441, 1391, '1000001', 649.17),
(1442, 1392, '1000001', 2000.00),
(1443, 1393, '1000001', 1350.00),
(1444, 1394, '1000001', 2435.00),
(1445, 1395, '1000001', 2280.00),
(1446, 1396, '1000001', 400.00),
(1447, 1397, '1000001', 62220.00),
(1448, 1398, '1000001', 7932.00),
(1449, 1399, '1000001', 3125.00),
(1450, 1400, '1000001', 1500.00),
(1451, 1401, '1000001', 2374.00),
(1452, 1402, '1000001', 736.00),
(1453, 1403, '1000001', 2400.00),
(1454, 1404, '1000001', 2280.00),
(1455, 1405, '1000001', 1600.00),
(1456, 1406, '1000001', 3600.00),
(1457, 1407, '1000001', 3400.00),
(1458, 1408, '1000001', 540.00),
(1459, 1409, '1000001', 1400.00),
(1460, 1410, '1000001', 1800.00),
(1461, 1411, '1000001', 120.00),
(1462, 1412, '1000001', 2010.00),
(1463, 1413, '1000001', 2070.00),
(1464, 1414, '1000001', 50.00),
(1465, 1415, '1000001', 1500.00),
(1466, 1416, '1000001', 2400.00),
(1467, 1417, '1000001', 1860.00),
(1468, 1418, '1000001', 4100.00),
(1469, 1419, '1000001', 2465.00),
(1470, 1420, '1000001', 3625.00),
(1471, 1421, '1000001', 664.37),
(1472, 1422, '1000001', 400.00),
(1473, 1423, '1000001', 78120.00),
(1474, 1424, '1000001', 7388.00),
(1475, 1425, '1000001', 3260.00),
(1476, 1426, '1000001', 10000.00),
(1477, 1427, '1000001', 2900.00),
(1478, 1428, '1000001', 23950.00),
(1479, 1429, '1000001', 119330.00),
(1480, 1430, '1000001', 5853.00),
(1481, 1431, '1000001', 3000.00),
(1482, 1432, '1000001', 4177.40),
(1483, 1433, '1000001', 718.50),
(1484, 1434, '1000001', 1676.50),
(1485, 1435, '1000001', 113040.00),
(1486, 1436, '1000001', 20500.00),
(1487, 1437, '1000001', 3875.00),
(1488, 1438, '1000001', 4969.00),
(1489, 1439, '1000001', 729.10),
(1490, 1440, '1000001', 7912.80),
(1491, 1441, '1000001', 4779.30),
(1492, 1442, '1000001', 6070.00),
(1493, 1443, '0002003', 10000.00),
(1494, 1444, '0002003', 100.00),
(1495, 1445, '0006458', 1500.00),
(1511, 1451, '0016248', 5600.00),
(1512, 1451, '0016444', 5600.00),
(1513, 1451, '1000001', 5600.00),
(1514, 1451, '0027321', 3000.00),
(1515, 1451, '0019408', 3000.00),
(1516, 1451, '0012694', 3000.00),
(1517, 1452, '1000001', 63360.00),
(1518, 1453, '1000001', 6045.00),
(1519, 1454, '1000001', 11998.00),
(1520, 1455, '1000001', 22560.00),
(1521, 1456, '1000001', 6500.00),
(1522, 1457, '1000001', 541.20),
(1523, 1458, '1000001', 500.00),
(1524, 1459, '1000001', 500.00),
(1526, 1461, '1000001', 1555.00),
(1527, 1462, '1000001', 1745.00),
(1528, 1463, '1000001', 1500.00),
(1529, 1464, '1000001', 13450.00),
(1530, 1465, '1000001', 7545.00),
(1531, 1466, '1000001', 23950.00),
(1532, 1467, '1000001', 119330.00),
(1533, 1468, '1000001', 3000.00),
(1534, 1469, '1000001', 5853.00),
(1535, 1470, '1000001', 718.50),
(1536, 1471, '1000001', 1676.50),
(1537, 1472, '1000001', 4177.40),
(1538, 1473, '1000001', 113040.00),
(1539, 1474, '1000001', 20500.00),
(1540, 1475, '1000001', 3875.00),
(1541, 1476, '1000001', 4969.00),
(1542, 1477, '1000001', 4779.30),
(1543, 1478, '1000001', 7912.80),
(1544, 1479, '1000001', 729.10),
(1545, 1480, '1000001', 300.00),
(1546, 1481, '1000001', 2365.00),
(1547, 1482, '1000001', 866.00),
(1548, 1483, '1000001', 800.00),
(1549, 1484, '1000001', 800.00),
(1550, 1485, '1000001', 214.00),
(1551, 1486, '1000001', 3000.00),
(1552, 1487, '1000001', 6000.00),
(1553, 1488, '1000001', 6000.00),
(1554, 1489, '1000001', 12845.00),
(1555, 1490, '1000001', 3740.00),
(1556, 1491, '1000001', 92160.00),
(1557, 1492, '1000001', 9106.00),
(1558, 1493, '1000001', 400.00),
(1559, 1494, '1000001', 5160.00),
(1560, 1495, '1000001', 2625.00),
(1561, 1496, '1000001', 5960.00),
(1562, 1497, '0002003', 10000.00),
(1563, 1498, '0002003', 100.00),
(1564, 1499, '0016248', 5600.00),
(1565, 1499, '0016444', 5600.00),
(1566, 1499, '1000001', 5600.00),
(1567, 1499, '0027321', 3000.00),
(1568, 1499, '0019408', 3000.00),
(1569, 1499, '0012694', 3000.00),
(1570, 1500, '1000001', 180.00),
(1571, 1501, '1000001', 8000.00),
(1572, 1502, '1000001', 150.00),
(1573, 1503, '1000001', 295.00),
(1574, 1504, '1000001', 260.00),
(1575, 1505, '1000001', 1500.00),
(1576, 1506, '0016248', 5600.00),
(1577, 1506, '0016444', 5600.00),
(1578, 1506, '1000001', 5600.00),
(1579, 1506, '0027321', 3000.00),
(1580, 1506, '0019408', 3000.00),
(1581, 1506, '0012694', 3000.00),
(1582, 1507, '1000001', 119330.00),
(1583, 1508, '1000001', 3000.00),
(1584, 1509, '1000001', 5853.00),
(1585, 1510, '1000001', 4177.40),
(1586, 1511, '1000001', 718.50),
(1587, 1512, '1000001', 1676.50),
(1588, 1513, '1000001', 23950.00),
(1589, 1514, '1000001', 113040.00),
(1590, 1515, '1000001', 3750.00),
(1591, 1516, '1000001', 1219.00),
(1592, 1517, '1000001', 4779.30),
(1593, 1518, '1000001', 7912.80),
(1594, 1519, '1000001', 20500.00),
(1595, 1520, '1000001', 3875.00),
(1596, 1521, '1000001', 729.10),
(1597, 1522, '1000001', 411.31),
(1598, 1523, '1000001', 9000.00),
(1599, 1524, '1000001', 12000.00),
(1600, 1525, '1000001', 3000.00),
(1601, 1526, '1000001', 1600.00),
(1602, 1527, '1000001', 10000.00),
(1603, 1528, '1000001', 12000.00),
(1604, 1529, '1000001', 2045.00),
(1605, 1530, '1000001', 3115.00),
(1606, 1531, '1000001', 3625.00),
(1607, 1532, '1000001', 246.00),
(1608, 1533, '1000001', 5784.00),
(1609, 1534, '1000001', 12250.00),
(1610, 1535, '1000001', 400.00),
(1611, 1536, '1000001', 95220.00),
(1612, 1537, '1000001', 9226.00),
(1613, 1538, '1000001', 834.00),
(1614, 1539, '1000001', 10000.00),
(1615, 1540, '1000001', 100.00),
(1616, 1541, '1000001', 21030.00),
(1617, 1542, '1000001', 130630.00),
(1618, 1543, '1000001', 102830.00),
(1619, 1544, '1000001', 1730.00),
(1620, 1545, '1000001', 4300.00),
(1621, 1546, '1000001', 4040.00),
(1622, 1547, '1000001', 1430.00),
(1623, 1548, '1000001', 3000.00),
(1624, 1549, '1000001', 2850.00),
(1625, 1550, '1000001', 13625.00),
(1626, 1551, '1000001', 659.76),
(1627, 1552, '1000001', 400.00),
(1628, 1553, '1000001', 10335.00),
(1629, 1554, '1000001', 85800.00),
(1630, 1555, '1000001', 8580.00),
(1631, 1556, '1000001', 1405.00),
(1632, 1557, '1000001', 160580.00),
(1633, 1558, '1000001', 1500.00),
(1634, 1559, '0016248', 5600.00),
(1635, 1559, '0016444', 5600.00),
(1636, 1559, '1000001', 5600.00),
(1637, 1559, '0027321', 3000.00),
(1638, 1559, '0019408', 3000.00),
(1639, 1559, '0012694', 3000.00),
(1640, 1560, '0002003', 10000.00),
(1641, 1561, '0002003', 100.00),
(1642, 1562, '1000001', 119330.00),
(1643, 1563, '1000001', 23950.00),
(1644, 1564, '1000001', 3000.00),
(1645, 1565, '1000001', 5853.00),
(1646, 1566, '1000001', 4177.40),
(1647, 1567, '1000001', 718.50),
(1648, 1568, '1000001', 1676.50),
(1649, 1569, '1000001', 20500.00),
(1650, 1570, '1000001', 113040.00),
(1651, 1571, '1000001', 3875.00),
(1652, 1572, '1000001', 4969.00),
(1653, 1573, '1000001', 729.10),
(1654, 1574, '1000001', 4779.30),
(1655, 1575, '1000001', 7912.80),
(1656, 1576, '1000001', 2235.00),
(1657, 1577, '1000001', 2910.00),
(1660, 1580, '1000001', 18000.00),
(1661, 1581, '1000001', 10000.00),
(1662, 1582, '1000001', 12000.00),
(1663, 1583, '1000001', 3580.00),
(1664, 1584, '1000001', 400.00),
(1665, 1585, '1000001', 548.91),
(1666, 1586, '0006458', 1500.00),
(1667, 1587, '0002003', 10000.00),
(1668, 1588, '0002003', 100.00),
(1669, 1589, '0016248', 5600.00),
(1670, 1589, '0016444', 5600.00),
(1671, 1589, '1000001', 5600.00),
(1672, 1589, '0027321', 3000.00),
(1673, 1589, '0019408', 3000.00),
(1674, 1589, '0012694', 3000.00),
(1675, 1590, '1000001', 7600.00),
(1676, 1591, '1000001', 1791.00),
(1677, 1592, '1000001', 6216.00),
(1678, 1593, '1000001', 4400.00),
(1679, 1594, '1000001', 3015.00),
(1680, 1595, '1000001', 400.00),
(1681, 1596, '1000001', 7533.00),
(1682, 1597, '1000001', 73080.00),
(1683, 1598, '1000001', 12000.00),
(1684, 1599, '1000001', 300.00),
(1685, 1600, '1000001', 2340.00),
(1686, 1601, '1000001', 119330.00),
(1687, 1602, '1000001', 23950.00),
(1688, 1603, '1000001', 3000.00),
(1689, 1604, '1000001', 5853.00),
(1690, 1605, '1000001', 4177.40),
(1691, 1606, '1000001', 718.50),
(1692, 1607, '1000001', 1676.50),
(1693, 1608, '1000001', 20500.00),
(1695, 1610, '1000001', 3875.00),
(1696, 1611, '1000001', 113040.00),
(1697, 1612, '1000001', 4969.00),
(1698, 1613, '1000001', 729.10),
(1699, 1614, '1000001', 4779.30),
(1700, 1615, '1000001', 7912.80);
INSERT INTO `trn_payment` (`id`, `disbursement_id`, `payer_code`, `amount`) VALUES
(1703, 1618, '1000001', 2280.00),
(1704, 1619, '0016248', 5600.00),
(1705, 1619, '0016444', 5600.00),
(1706, 1619, '1000001', 5600.00),
(1707, 1619, '0027321', 3000.00),
(1708, 1619, '0019408', 3000.00),
(1709, 1619, '0012694', 3000.00),
(1710, 1620, '0006458', 1500.00),
(1711, 1621, '0002003', 10000.00),
(1712, 1622, '1000001', 100.00),
(1713, 1623, '1000001', 25000.00),
(1714, 1624, '1000001', 1039.00),
(1715, 1625, '1000001', 3205.00),
(1716, 1626, '1000001', 119330.00),
(1717, 1627, '1000001', 23950.00),
(1718, 1628, '1000001', 3000.00),
(1719, 1629, '1000001', 113040.00),
(1720, 1630, '1000001', 20500.00),
(1721, 1631, '1000001', 3875.00),
(1722, 1632, '1000001', 5853.00),
(1723, 1633, '1000001', 4177.40),
(1724, 1634, '1000001', 718.50),
(1725, 1635, '1000001', 1676.50),
(1726, 1636, '1000001', 4969.00),
(1727, 1637, '1000001', 729.10),
(1728, 1638, '1000001', 4779.30),
(1729, 1639, '1000001', 7912.80),
(1730, 1640, '1000001', 4167.00),
(1731, 1641, '1000001', 295.00),
(1732, 1642, '1000001', 2668.00),
(1733, 1643, '1000001', 2010.00),
(1737, 1647, '1000001', 375.57),
(1738, 1648, '1000001', 5804.00),
(1739, 1649, '1000001', 70.00),
(1740, 1650, '1000001', 1000.00),
(1741, 1651, '1000001', 3040.00),
(1742, 1652, '1000001', 47300.00),
(1743, 1653, '1000001', 1000.00),
(1744, 1654, '1000001', 600.00),
(1745, 1655, '1000001', 3625.00),
(1746, 1656, '1000001', 2700.00),
(1747, 1657, '1000001', 9980.00),
(1748, 1658, '1000001', 1000.00),
(1749, 1659, '1000001', 200.00),
(1750, 1660, '1000001', 1123.00),
(1751, 1661, '1000001', 1500.00),
(1752, 1662, '1000001', 2155.00),
(1753, 1663, '1000001', 7870.00),
(1754, 1664, '1000001', 3000.00),
(1755, 1665, '1000001', 4120.00),
(1756, 1666, '1000001', 400.00),
(1757, 1667, '1000001', 80460.00),
(1758, 1668, '1000001', 9579.00),
(1759, 1669, '1000001', 4196.00),
(1760, 1670, '1000001', 1245.00),
(1761, 1671, '1000001', 361.00),
(1762, 1672, '1000001', 362.00),
(1763, 1673, '1000001', 400.00),
(1764, 1674, '1000001', 1000.00),
(1765, 1675, '1000001', 1600.00),
(1766, 1676, '1000001', 5000.00),
(1767, 1677, '1000001', 800.00),
(1768, 1678, '1000001', 4800.00),
(1769, 1679, '1000001', 2400.00),
(1770, 1680, '1000001', 360.00),
(1771, 1681, '1000001', 12600.00),
(1772, 1682, '1000001', 660.00),
(1773, 1683, '1000001', 3554.00),
(1774, 1684, '1000001', 5556.00),
(1775, 1685, '1000001', 1500.00),
(1776, 1686, '1000001', 17000.00),
(1777, 1687, '1000001', 350.00),
(1778, 1688, '1000001', 300.00),
(1779, 1689, '1000001', 150.00),
(1780, 1690, '1000001', 980.00),
(1781, 1691, '1000001', 1800.00),
(1782, 1692, '1000001', 5940.00),
(1783, 1693, '1000001', 1500.00),
(1784, 1694, '1000001', 21790.00),
(1785, 1695, '1000001', 1000.00),
(1786, 1696, '1000001', 256.00),
(1787, 1697, '1000001', 2340.00),
(1788, 1698, '1000001', 5956.00),
(1789, 1699, '0002003', 10000.00),
(1790, 1700, '1000001', 100.00),
(1791, 1701, '0006458', 1500.00),
(1792, 1702, '1000001', 41390.00),
(1793, 1703, '1000001', 107640.00),
(1794, 1704, '1000001', 2990.00),
(1795, 1705, '1000001', 5900.00),
(1796, 1706, '1000001', 3850.20),
(1797, 1707, '1000001', 2897.30),
(1798, 1708, '1000001', 117090.00),
(1799, 1709, '1000001', 21320.00),
(1800, 1710, '1000001', 3435.00),
(1801, 1711, '1000001', 4988.00),
(1802, 1712, '1000001', 758.10),
(1803, 1713, '1000001', 8196.30),
(1804, 1714, '1000001', 4949.70),
(1805, 1715, '1000001', 1241.70),
(1806, 1716, '1000001', 180.00),
(1807, 1717, '1000001', 10000.00),
(1808, 1718, '1000001', 1070.00),
(1809, 1719, '1000001', 2125.00),
(1810, 1720, '1000001', 3310.00),
(1811, 1721, '1000001', 2055.00),
(1812, 1722, '1000001', 3625.00),
(1813, 1723, '1000001', 25800.00),
(1814, 1724, '1000001', 1380.00),
(1819, 1729, '1000001', 23870.95),
(1820, 1730, '1000001', 5500.00),
(1821, 1731, '1000001', 7800.00),
(1822, 1732, '1000001', 531.37),
(1823, 1733, '1000001', 2640.00),
(1824, 1734, '1000001', 660.00),
(1825, 1735, '1000001', 650.00),
(1826, 1736, '1000001', 65.00),
(1827, 1737, '1000001', 3600.00),
(1828, 1738, '1000001', 2250.00),
(1829, 1739, '1000001', 470.00),
(1830, 1740, '1000001', 3600.00),
(1831, 1741, '1000001', 9777.00),
(1832, 1742, '1000001', 1946.00),
(1833, 1743, '1000001', 400.00),
(1834, 1744, '1000001', 9453.00),
(1835, 1745, '1000001', 76500.00),
(1836, 1746, '1000001', 3000.00),
(1837, 1747, '1000001', 2075.00),
(1838, 1748, '1000001', 2100.00),
(1839, 1749, '1000001', 7062.00),
(1840, 1750, '1000001', 7093.80),
(1841, 1751, '1000001', 15520.00),
(1842, 1752, '1000001', 15897.50),
(1843, 1753, '1000001', 800.00),
(1844, 1754, '1000001', 90000.00),
(1845, 1755, '1000001', 3164.00),
(1846, 1756, '1000001', 2100.00),
(1847, 1757, '1000001', 1400.00),
(1848, 1758, '1000001', 465.00),
(1849, 1759, '1000001', 360.00),
(1850, 1760, '1000001', 400.00),
(1851, 1761, '1000001', 800.00),
(1852, 1762, '1000001', 360.00),
(1853, 1763, '0006458', 1500.00),
(1854, 1764, '1000001', 1430.00),
(1855, 1765, '0002003', 10000.00),
(1856, 1766, '0002003', 100.00),
(1857, 1767, '0016248', 5600.00),
(1858, 1767, '1000001', 5600.00),
(1859, 1767, '0016444', 5600.00),
(1860, 1767, '0019408', 3000.00),
(1861, 1767, '0012694', 3000.00),
(1862, 1767, '0027321', 3000.00),
(1863, 1768, '1000001', 3364.00),
(1864, 1769, '1000001', 180.00),
(1865, 1770, '1000001', 3200.00),
(1866, 1771, '1000001', 3180.00),
(1867, 1772, '1000001', 1400.00),
(1868, 1773, '1000001', 2000.00),
(1869, 1774, '1000001', 360.00),
(1870, 1775, '1000001', 1600.00),
(1871, 1776, '1000001', 1805.00),
(1872, 1777, '1000001', 895.00),
(1873, 1778, '1000001', 59230.00),
(1874, 1779, '1000001', 107640.00),
(1875, 1780, '1000001', 6650.00),
(1876, 1781, '1000001', 2990.00),
(1877, 1782, '1000001', 3850.20),
(1878, 1783, '1000001', 1776.90),
(1879, 1784, '1000001', 4146.10),
(1880, 1785, '1000001', 117090.00),
(1881, 1786, '1000001', 21320.00),
(1882, 1787, '1000001', 3435.00),
(1883, 1788, '1000001', 4988.00),
(1884, 1789, '1000001', 758.10),
(1885, 1790, '1000001', 4949.70),
(1886, 1791, '1000001', 8196.30),
(1887, 1792, '1000001', 299.00),
(1888, 1793, '1000001', 480.00),
(1889, 1794, '1000001', 5200.00),
(1890, 1795, '1000001', 2400.00),
(1891, 1796, '1000001', 5640.00),
(1892, 1797, '1000001', 400.00),
(1893, 1798, '1000001', 400.00),
(1894, 1799, '1000001', 376000.00),
(1895, 1800, '1000001', 150.00),
(1896, 1801, '1000001', 1200.00),
(1897, 1802, '1000001', 1000.00),
(1898, 1803, '1000001', 1400.00),
(1899, 1804, '1000001', 2390.00),
(1900, 1805, '1000001', 867.00),
(1901, 1806, '1000001', 3000.00),
(1902, 1807, '1000001', 3625.00),
(1903, 1808, '1000001', 400000.00),
(1904, 1809, '1000001', 8052.50),
(1905, 1810, '1000001', 500.00),
(1906, 1811, '1000001', 7020.00),
(1907, 1812, '1000001', 5600.00),
(1908, 1813, '1000001', 3100.00),
(1909, 1814, '1000001', 3920.00),
(1910, 1815, '1000001', 9500.00),
(1911, 1816, '1000001', 175000.00),
(1912, 1817, '1000001', 240.00),
(1913, 1818, '1000001', 10800.00),
(1914, 1819, '1000001', 800.00),
(1915, 1820, '1000001', 800.00),
(1916, 1821, '1000001', 4800.00),
(1917, 1822, '1000001', 2140.00),
(1918, 1823, '1000001', 1290.00),
(1919, 1824, '1000001', 200.00),
(1920, 1825, '1000001', 9200.00),
(1921, 1826, '1000001', 400.00),
(1922, 1827, '1000001', 81420.00),
(1923, 1828, '1000001', 9373.00),
(1924, 1829, '1000001', 180.00),
(1925, 1830, '1000001', 367.00),
(1926, 1831, '1000001', 1600.00),
(1927, 1832, '1000001', 800.00),
(1928, 1833, '1000001', 600.00),
(1929, 1834, '1000001', 2400.00),
(1930, 1835, '1000001', 560.00),
(1931, 1836, '1000001', 1000.00),
(1932, 1837, '1000001', 364.23),
(1933, 1838, '1000001', 9630.00),
(1934, 1839, '1000001', 10000.00),
(1935, 1840, '1000001', 29435.00),
(1936, 1841, '1000001', 7864.50),
(1937, 1842, '1000001', 5440.00),
(1938, 1843, '1000001', 280.00),
(1939, 1844, '1000001', 65.00),
(1940, 1845, '1000001', 5997.00),
(1941, 1846, '1000001', 1559.00),
(1942, 1847, '1000001', 365.00),
(1943, 1848, '1000001', 510.00),
(1944, 1849, '1000001', 2250.00),
(1945, 1850, '1000001', 3600.00),
(1946, 1851, '1000001', 436.25),
(1947, 1852, '1000001', 539.00),
(1948, 1853, '1000001', 3600.00),
(1949, 1854, '1000001', 939.00),
(1950, 1855, '1000001', 960.00),
(1951, 1856, '1000001', 671.00),
(1952, 1857, '1000001', 1430.00),
(1953, 1858, '1000001', 10000.00),
(1954, 1859, '1000001', 100.00),
(1955, 1860, '0016248', 5600.00),
(1956, 1860, '1000001', 5600.00),
(1957, 1860, '0016444', 5600.00),
(1958, 1860, '0019408', 3000.00),
(1959, 1860, '0012694', 3000.00),
(1960, 1860, '0027321', 3000.00),
(1961, 1861, '1000001', 1500.00),
(1962, 1862, '1000001', 125.00),
(1963, 1863, '1000001', 233.00),
(1964, 1864, '1000001', 1900.00),
(1965, 1865, '1000001', 12960.00),
(1966, 1866, '1000001', 4012.50),
(1967, 1867, '1000001', 3700.00),
(1968, 1868, '1000001', 4146.10),
(1969, 1869, '1000001', 8196.30),
(1970, 1870, '1000001', 1776.90),
(1971, 1871, '1000001', 6650.00),
(1972, 1872, '1000001', 4988.00),
(1973, 1873, '1000001', 2990.00),
(1974, 1874, '1000001', 59230.00),
(1975, 1875, '1000001', 107640.00),
(1976, 1876, '1000001', 117090.00),
(1977, 1877, '1000001', 21320.00),
(1978, 1878, '1000001', 3435.00),
(1979, 1879, '1000001', 3850.20),
(1980, 1880, '1000001', 4949.70),
(1981, 1881, '1000001', 758.10);

--
-- Constraints for dumped tables
--

--
-- Constraints for table `mst_costs_group`
--
ALTER TABLE `mst_costs_group`
  ADD CONSTRAINT `mst_costs_group_ibfk_1` FOREIGN KEY (`costs_id`) REFERENCES `mst_costs` (`id`) ON DELETE CASCADE ON UPDATE NO ACTION;

--
-- Constraints for table `mst_costs_lists`
--
ALTER TABLE `mst_costs_lists`
  ADD CONSTRAINT `mst_costs_lists_ibfk_1` FOREIGN KEY (`costs_type_id`) REFERENCES `mst_costs_type` (`id`) ON DELETE CASCADE ON UPDATE NO ACTION;

--
-- Constraints for table `mst_costs_sublist`
--
ALTER TABLE `mst_costs_sublist`
  ADD CONSTRAINT `mst_costs_sublist_ibfk_1` FOREIGN KEY (`costs_lists_id`) REFERENCES `mst_costs_lists` (`id`) ON DELETE CASCADE ON UPDATE NO ACTION;

--
-- Constraints for table `mst_costs_type`
--
ALTER TABLE `mst_costs_type`
  ADD CONSTRAINT `mst_costs_type_ibfk_1` FOREIGN KEY (`costs_group_id`) REFERENCES `mst_costs_group` (`id`) ON DELETE CASCADE ON UPDATE NO ACTION;

--
-- Constraints for table `mst_department`
--
ALTER TABLE `mst_department`
  ADD CONSTRAINT `mst_department_ibfk_1` FOREIGN KEY (`faculty_code`) REFERENCES `mst_faculty` (`code`) ON DELETE CASCADE ON UPDATE NO ACTION;

--
-- Constraints for table `mst_division`
--
ALTER TABLE `mst_division`
  ADD CONSTRAINT `mst_division_ibfk_1` FOREIGN KEY (`department_id`) REFERENCES `mst_department` (`id`) ON DELETE CASCADE ON UPDATE NO ACTION;

--
-- Constraints for table `mst_product`
--
ALTER TABLE `mst_product`
  ADD CONSTRAINT `mst_product_ibfk_1` FOREIGN KEY (`plans_id`) REFERENCES `mst_plans` (`id`) ON DELETE CASCADE ON UPDATE NO ACTION;

--
-- Constraints for table `mst_project`
--
ALTER TABLE `mst_project`
  ADD CONSTRAINT `mst_project_ibfk_1` FOREIGN KEY (`product_id`) REFERENCES `mst_product` (`id`) ON DELETE CASCADE ON UPDATE NO ACTION;

--
-- Constraints for table `mst_users`
--
ALTER TABLE `mst_users`
  ADD CONSTRAINT `mst_users_ibfk_1` FOREIGN KEY (`roles_id`) REFERENCES `mst_roles` (`id`) ON DELETE CASCADE ON UPDATE NO ACTION;

--
-- Constraints for table `trn_budget_main`
--
ALTER TABLE `trn_budget_main`
  ADD CONSTRAINT `trn_budget_main_ibfk_1` FOREIGN KEY (`budget_id`) REFERENCES `mst_budget` (`id`) ON DELETE CASCADE ON UPDATE NO ACTION,
  ADD CONSTRAINT `trn_budget_main_ibfk_2` FOREIGN KEY (`status_id`) REFERENCES `mst_budget_status` (`id`) ON DELETE CASCADE ON UPDATE NO ACTION;

--
-- Constraints for table `trn_costs_transaction`
--
ALTER TABLE `trn_costs_transaction`
  ADD CONSTRAINT `trn_costs_transaction_ibfk_1` FOREIGN KEY (`costs_lists_id`) REFERENCES `mst_costs_lists` (`id`) ON DELETE CASCADE ON UPDATE NO ACTION,
  ADD CONSTRAINT `trn_costs_transaction_ibfk_2` FOREIGN KEY (`budget_works_id`) REFERENCES `trn_mgt_product` (`id`) ON DELETE CASCADE ON UPDATE NO ACTION;

--
-- Constraints for table `trn_disbursement`
--
ALTER TABLE `trn_disbursement`
  ADD CONSTRAINT `trn_disbursement_ibfk_1` FOREIGN KEY (`approve_id`) REFERENCES `trn_approve` (`id`) ON DELETE CASCADE ON UPDATE NO ACTION;

--
-- Constraints for table `trn_mgt_costs`
--
ALTER TABLE `trn_mgt_costs`
  ADD CONSTRAINT `trn_mgt_costs_ibfk_2` FOREIGN KEY (`costs_group_id`) REFERENCES `mst_costs_group` (`id`) ON DELETE CASCADE ON UPDATE NO ACTION,
  ADD CONSTRAINT `trn_mgt_costs_ibfk_3` FOREIGN KEY (`mgt_product_id`) REFERENCES `trn_mgt_product` (`id`) ON DELETE CASCADE ON UPDATE NO ACTION,
  ADD CONSTRAINT `trn_mgt_costs_ibfk_4` FOREIGN KEY (`costs_id`) REFERENCES `mst_costs` (`id`) ON DELETE CASCADE ON UPDATE NO ACTION,
  ADD CONSTRAINT `trn_mgt_costs_ibfk_5` FOREIGN KEY (`costs_type_id`) REFERENCES `mst_costs_type` (`id`) ON DELETE CASCADE ON UPDATE NO ACTION,
  ADD CONSTRAINT `trn_mgt_costs_ibfk_6` FOREIGN KEY (`costs_lists_id`) REFERENCES `mst_costs_lists` (`id`) ON DELETE CASCADE ON UPDATE NO ACTION;

--
-- Constraints for table `trn_mgt_plans`
--
ALTER TABLE `trn_mgt_plans`
  ADD CONSTRAINT `trn_mgt_plans_ibfk_2` FOREIGN KEY (`plan_id`) REFERENCES `mst_plans` (`id`) ON DELETE CASCADE ON UPDATE NO ACTION,
  ADD CONSTRAINT `trn_mgt_plans_ibfk_3` FOREIGN KEY (`budget_main_id`) REFERENCES `trn_budget_main` (`id`) ON DELETE CASCADE;

--
-- Constraints for table `trn_mgt_product`
--
ALTER TABLE `trn_mgt_product`
  ADD CONSTRAINT `trn_mgt_product_ibfk_2` FOREIGN KEY (`mgt_plans_id`) REFERENCES `trn_mgt_plans` (`id`) ON DELETE CASCADE ON UPDATE NO ACTION,
  ADD CONSTRAINT `trn_mgt_product_ibfk_3` FOREIGN KEY (`product_id`) REFERENCES `mst_product` (`id`) ON DELETE CASCADE ON UPDATE NO ACTION;

--
-- Constraints for table `trn_payment`
--
ALTER TABLE `trn_payment`
  ADD CONSTRAINT `trn_payment_ibfk_2` FOREIGN KEY (`payer_code`) REFERENCES `mst_payer` (`payer_code`) ON DELETE CASCADE ON UPDATE NO ACTION,
  ADD CONSTRAINT `trn_payment_ibfk_3` FOREIGN KEY (`disbursement_id`) REFERENCES `trn_disbursement` (`id`) ON DELETE CASCADE ON UPDATE NO ACTION;

/*!40101 SET CHARACTER_SET_CLIENT=@OLD_CHARACTER_SET_CLIENT */;
/*!40101 SET CHARACTER_SET_RESULTS=@OLD_CHARACTER_SET_RESULTS */;
/*!40101 SET COLLATION_CONNECTION=@OLD_COLLATION_CONNECTION */;
